0 verbose cli /usr/local/bin/node /usr/local/bin/npm
1 info using npm@11.6.2
2 info using node@v24.11.1
3 silly config load:file:/usr/local/lib/node_modules/npm/npmrc
4 silly config load:file:/Users/Personal/Documents/Github/VowLink/.npmrc
5 silly config load:file:/Users/Personal/.npmrc
6 silly config load:file:/usr/local/etc/npmrc
7 verbose title npm install
8 verbose argv "install" "--cache" "./.npm-cache"
9 verbose logfile logs-max:10 dir:/Users/Personal/Documents/Github/VowLink/.npm-cache/_logs/2026-04-30T13_18_07_185Z-
10 verbose logfile /Users/Personal/Documents/Github/VowLink/.npm-cache/_logs/2026-04-30T13_18_07_185Z-debug-0.log
11 silly logfile done cleaning log files
12 silly packumentCache heap:2348810240 maxSize:587202560 maxEntrySize:293601280
13 http fetch GET https://registry.npmjs.org/npm attempt 1 failed with ENOTFOUND
14 silly idealTree buildDeps
15 silly fetch manifest @supabase/supabase-js@^2.39.0
16 silly packumentCache full:https://registry.npmjs.org/@supabase%2fsupabase-js cache-miss
17 http fetch GET https://registry.npmjs.org/@supabase%2fsupabase-js attempt 1 failed with ENOTFOUND
18 http fetch GET https://registry.npmjs.org/npm attempt 2 failed with ENOTFOUND
19 http fetch GET https://registry.npmjs.org/@supabase%2fsupabase-js attempt 2 failed with ENOTFOUND
20 http fetch GET https://registry.npmjs.org/npm attempt 3 failed with ENOTFOUND
21 http fetch GET https://registry.npmjs.org/@supabase%2fsupabase-js attempt 3 failed with ENOTFOUND
22 silly fetch manifest framer-motion@^10.16.4
23 silly packumentCache full:https://registry.npmjs.org/framer-motion cache-miss
24 http fetch GET https://registry.npmjs.org/framer-motion attempt 1 failed with ENOTFOUND
25 http fetch GET https://registry.npmjs.org/framer-motion attempt 2 failed with ENOTFOUND
26 http fetch GET https://registry.npmjs.org/framer-motion attempt 3 failed with ENOTFOUND
27 silly fetch manifest lucide-react@^0.300.0
28 silly packumentCache full:https://registry.npmjs.org/lucide-react cache-miss
29 http fetch GET https://registry.npmjs.org/lucide-react attempt 1 failed with ENOTFOUND
30 http fetch GET https://registry.npmjs.org/lucide-react attempt 2 failed with ENOTFOUND
31 http fetch GET https://registry.npmjs.org/lucide-react attempt 3 failed with ENOTFOUND
32 silly fetch manifest react@^18.2.0
33 silly packumentCache full:https://registry.npmjs.org/react cache-miss
34 http cache https://registry.npmjs.org/react 19ms (cache hit)
35 silly packumentCache full:https://registry.npmjs.org/react set size:6629670 disposed:false
36 silly fetch manifest react-dom@^18.2.0
37 silly packumentCache full:https://registry.npmjs.org/react-dom cache-miss
38 http cache https://registry.npmjs.org/react-dom 19ms (cache hit)
39 silly packumentCache full:https://registry.npmjs.org/react-dom set size:8832788 disposed:false
40 silly fetch manifest @types/react@^18.2.43
41 silly packumentCache full:https://registry.npmjs.org/@types%2freact cache-miss
42 http cache https://registry.npmjs.org/@types%2freact 9ms (cache hit)
43 silly packumentCache full:https://registry.npmjs.org/@types%2freact set size:2588964 disposed:false
44 silly fetch manifest @types/react-dom@^18.2.17
45 silly packumentCache full:https://registry.npmjs.org/@types%2freact-dom cache-miss
46 http cache https://registry.npmjs.org/@types%2freact-dom 2ms (cache hit)
47 silly packumentCache full:https://registry.npmjs.org/@types%2freact-dom set size:429026 disposed:false
48 silly fetch manifest @typescript-eslint/eslint-plugin@^6.14.0
49 silly packumentCache full:https://registry.npmjs.org/@typescript-eslint%2feslint-plugin cache-miss
50 http cache https://registry.npmjs.org/@typescript-eslint%2feslint-plugin 32ms (cache hit)
51 silly packumentCache full:https://registry.npmjs.org/@typescript-eslint%2feslint-plugin set size:17825899 disposed:false
52 silly fetch manifest @typescript-eslint/parser@^6.14.0
53 silly packumentCache full:https://registry.npmjs.org/@typescript-eslint%2fparser cache-miss
54 http cache https://registry.npmjs.org/@typescript-eslint%2fparser 48ms (cache hit)
55 silly packumentCache full:https://registry.npmjs.org/@typescript-eslint%2fparser set size:15112980 disposed:false
56 silly fetch manifest eslint@^8.55.0
57 silly packumentCache full:https://registry.npmjs.org/eslint cache-miss
58 http cache https://registry.npmjs.org/eslint 5ms (cache hit)
59 silly packumentCache full:https://registry.npmjs.org/eslint set size:1983515 disposed:false
60 silly fetch manifest @vitejs/plugin-react@^4.2.1
61 silly packumentCache full:https://registry.npmjs.org/@vitejs%2fplugin-react cache-miss
62 http cache https://registry.npmjs.org/@vitejs%2fplugin-react 2ms (cache hit)
63 silly packumentCache full:https://registry.npmjs.org/@vitejs%2fplugin-react set size:264287 disposed:false
64 silly fetch manifest vite@^5.0.8
65 silly packumentCache full:https://registry.npmjs.org/vite cache-miss
66 http cache https://registry.npmjs.org/vite 67ms (cache hit)
67 silly packumentCache full:https://registry.npmjs.org/vite set size:38816674 disposed:false
68 silly fetch manifest @types/node@^18.0.0 || >=20.0.0
69 silly packumentCache full:https://registry.npmjs.org/@types%2fnode cache-miss
70 http cache https://registry.npmjs.org/@types%2fnode 17ms (cache hit)
71 silly packumentCache full:https://registry.npmjs.org/@types%2fnode set size:10972342 disposed:false
72 silly fetch manifest less@*
73 silly packumentCache full:https://registry.npmjs.org/less cache-miss
74 http cache https://registry.npmjs.org/less 3ms (cache hit)
75 silly packumentCache full:https://registry.npmjs.org/less set size:461684 disposed:false
76 silly fetch manifest lightningcss@^1.21.0
77 silly packumentCache full:https://registry.npmjs.org/lightningcss cache-miss
78 http cache https://registry.npmjs.org/lightningcss 2ms (cache hit)
79 silly packumentCache full:https://registry.npmjs.org/lightningcss set size:186753 disposed:false
80 silly fetch manifest sass@*
81 silly packumentCache full:https://registry.npmjs.org/sass cache-miss
82 http cache https://registry.npmjs.org/sass 3ms (cache hit)
83 silly packumentCache full:https://registry.npmjs.org/sass set size:726244 disposed:false
84 silly fetch manifest sass-embedded@*
85 silly packumentCache full:https://registry.npmjs.org/sass-embedded cache-miss
86 http cache https://registry.npmjs.org/sass-embedded 2ms (cache hit)
87 silly packumentCache full:https://registry.npmjs.org/sass-embedded set size:415594 disposed:false
88 silly fetch manifest stylus@*
89 silly packumentCache full:https://registry.npmjs.org/stylus cache-miss
90 http cache https://registry.npmjs.org/stylus 2ms (cache hit)
91 silly packumentCache full:https://registry.npmjs.org/stylus set size:286766 disposed:false
92 silly fetch manifest sugarss@*
93 silly packumentCache full:https://registry.npmjs.org/sugarss cache-miss
94 http cache https://registry.npmjs.org/sugarss 1ms (cache hit)
95 silly packumentCache full:https://registry.npmjs.org/sugarss set size:44975 disposed:false
96 silly fetch manifest postcss@^8.4.32
97 silly packumentCache full:https://registry.npmjs.org/postcss cache-miss
98 http cache https://registry.npmjs.org/postcss 3ms (cache hit)
99 silly packumentCache full:https://registry.npmjs.org/postcss set size:714272 disposed:false
100 silly fetch manifest terser@^5.4.0
101 silly packumentCache full:https://registry.npmjs.org/terser cache-miss
102 http cache https://registry.npmjs.org/terser 3ms (cache hit)
103 silly packumentCache full:https://registry.npmjs.org/terser set size:793225 disposed:false
104 silly fetch manifest autoprefixer@^10.4.16
105 silly packumentCache full:https://registry.npmjs.org/autoprefixer cache-miss
106 http cache https://registry.npmjs.org/autoprefixer 3ms (cache hit)
107 silly packumentCache full:https://registry.npmjs.org/autoprefixer set size:1319426 disposed:false
108 silly fetch manifest eslint-plugin-react-hooks@^4.6.0
109 silly packumentCache full:https://registry.npmjs.org/eslint-plugin-react-hooks cache-miss
110 http cache https://registry.npmjs.org/eslint-plugin-react-hooks 15ms (cache hit)
111 silly packumentCache full:https://registry.npmjs.org/eslint-plugin-react-hooks set size:7350721 disposed:false
112 silly fetch manifest eslint-plugin-react-refresh@^0.4.5
113 silly packumentCache full:https://registry.npmjs.org/eslint-plugin-react-refresh cache-miss
114 http cache https://registry.npmjs.org/eslint-plugin-react-refresh 3ms (cache hit)
115 silly packumentCache full:https://registry.npmjs.org/eslint-plugin-react-refresh set size:91016 disposed:false
116 silly fetch manifest tailwindcss@^3.4.0
117 silly packumentCache full:https://registry.npmjs.org/tailwindcss cache-miss
118 http cache https://registry.npmjs.org/tailwindcss 17ms (cache hit)
119 silly packumentCache full:https://registry.npmjs.org/tailwindcss set size:10422293 disposed:false
120 silly fetch manifest typescript@^5.2.2
121 silly packumentCache full:https://registry.npmjs.org/typescript cache-miss
122 http cache https://registry.npmjs.org/typescript 25ms (cache hit)
123 silly packumentCache full:https://registry.npmjs.org/typescript set size:15409943 disposed:false
124 silly placeDep ROOT @supabase/supabase-js@ OK for: vowlink@0.0.0 want: ^2.39.0
125 silly placeDep ROOT @types/react@18.3.28 OK for: vowlink@0.0.0 want: ^18.2.43
126 silly placeDep ROOT @types/react-dom@18.3.7 OK for: vowlink@0.0.0 want: ^18.2.17
127 silly placeDep ROOT @typescript-eslint/eslint-plugin@6.21.0 OK for: vowlink@0.0.0 want: ^6.14.0
128 silly placeDep ROOT eslint@8.57.1 OK for: @typescript-eslint/eslint-plugin@6.21.0 want: ^7.0.0 || ^8.0.0
129 silly placeDep ROOT @typescript-eslint/parser@6.21.0 OK for: @typescript-eslint/eslint-plugin@6.21.0 want: ^6.0.0 || ^6.0.0-alpha
130 silly placeDep ROOT @vitejs/plugin-react@4.7.0 OK for: vowlink@0.0.0 want: ^4.2.1
131 silly placeDep ROOT vite@5.4.21 OK for: @vitejs/plugin-react@4.7.0 want: ^4.2.0 || ^5.0.0 || ^6.0.0 || ^7.0.0
132 silly placeDep ROOT autoprefixer@10.5.0 OK for: vowlink@0.0.0 want: ^10.4.16
133 silly placeDep ROOT postcss@8.5.12 OK for: autoprefixer@10.5.0 want: ^8.1.0
134 silly placeDep ROOT eslint-plugin-react-hooks@4.6.2 OK for: vowlink@0.0.0 want: ^4.6.0
135 silly placeDep ROOT eslint-plugin-react-refresh@0.4.26 OK for: vowlink@0.0.0 want: ^0.4.5
136 silly placeDep ROOT framer-motion@ OK for: vowlink@0.0.0 want: ^10.16.4
137 silly placeDep ROOT lucide-react@ OK for: vowlink@0.0.0 want: ^0.300.0
138 silly placeDep ROOT react@18.3.1 OK for: vowlink@0.0.0 want: ^18.2.0
139 silly placeDep ROOT react-dom@18.3.1 OK for: vowlink@0.0.0 want: ^18.2.0
140 silly placeDep ROOT tailwindcss@3.4.19 OK for: vowlink@0.0.0 want: ^3.4.0
141 silly placeDep ROOT typescript@5.9.3 OK for: vowlink@0.0.0 want: ^5.2.2
142 silly fetch manifest csstype@^3.2.2
143 silly packumentCache full:https://registry.npmjs.org/csstype cache-miss
144 silly fetch manifest @types/prop-types@*
145 silly packumentCache full:https://registry.npmjs.org/@types%2fprop-types cache-miss
146 silly fetch manifest debug@^4.3.4
147 silly packumentCache full:https://registry.npmjs.org/debug cache-miss
148 silly fetch manifest ignore@^5.2.4
149 silly packumentCache full:https://registry.npmjs.org/ignore cache-miss
150 silly fetch manifest semver@^7.5.4
151 silly packumentCache full:https://registry.npmjs.org/semver cache-miss
152 silly fetch manifest graphemer@^1.4.0
153 silly packumentCache full:https://registry.npmjs.org/graphemer cache-miss
154 silly fetch manifest ts-api-utils@^1.0.1
155 silly packumentCache full:https://registry.npmjs.org/ts-api-utils cache-miss
156 http cache https://registry.npmjs.org/debug 4ms (cache hit)
157 silly packumentCache full:https://registry.npmjs.org/debug set size:195840 disposed:false
158 silly fetch manifest natural-compare@^1.4.0
159 silly packumentCache full:https://registry.npmjs.org/natural-compare cache-miss
160 http cache https://registry.npmjs.org/@types%2fprop-types 7ms (cache hit)
161 silly packumentCache full:https://registry.npmjs.org/@types%2fprop-types set size:53942 disposed:false
162 silly fetch manifest @typescript-eslint/utils@6.21.0
163 silly packumentCache full:https://registry.npmjs.org/@typescript-eslint%2futils cache-miss
164 http cache https://registry.npmjs.org/semver 7ms (cache hit)
165 silly packumentCache full:https://registry.npmjs.org/semver set size:229571 disposed:false
166 silly fetch manifest @eslint-community/regexpp@^4.5.1
167 silly packumentCache full:https://registry.npmjs.org/@eslint-community%2fregexpp cache-miss
168 http cache https://registry.npmjs.org/csstype 9ms (cache hit)
169 silly packumentCache full:https://registry.npmjs.org/csstype set size:274189 disposed:false
170 silly fetch manifest @typescript-eslint/type-utils@6.21.0
171 silly packumentCache full:https://registry.npmjs.org/@typescript-eslint%2ftype-utils cache-miss
172 http cache https://registry.npmjs.org/graphemer 9ms (cache hit)
173 silly packumentCache full:https://registry.npmjs.org/graphemer set size:25853 disposed:false
174 silly fetch manifest @typescript-eslint/visitor-keys@6.21.0
175 silly packumentCache full:https://registry.npmjs.org/@typescript-eslint%2fvisitor-keys cache-miss
176 http cache https://registry.npmjs.org/ignore 11ms (cache hit)
177 silly packumentCache full:https://registry.npmjs.org/ignore set size:237380 disposed:false
178 silly fetch manifest @typescript-eslint/scope-manager@6.21.0
179 silly packumentCache full:https://registry.npmjs.org/@typescript-eslint%2fscope-manager cache-miss
180 http cache https://registry.npmjs.org/ts-api-utils 12ms (cache hit)
181 silly packumentCache full:https://registry.npmjs.org/ts-api-utils set size:226785 disposed:false
182 silly fetch manifest @typescript-eslint/types@6.21.0
183 silly packumentCache full:https://registry.npmjs.org/@typescript-eslint%2ftypes cache-miss
184 http cache https://registry.npmjs.org/natural-compare 10ms (cache hit)
185 silly packumentCache full:https://registry.npmjs.org/natural-compare set size:7852 disposed:false
186 silly fetch manifest @typescript-eslint/visitor-keys@6.21.0
187 silly packumentCache full:https://registry.npmjs.org/@typescript-eslint%2fvisitor-keys cache-miss
188 http cache https://registry.npmjs.org/@eslint-community%2fregexpp 9ms (cache hit)
189 silly packumentCache full:https://registry.npmjs.org/@eslint-community%2fregexpp set size:106609 disposed:false
190 silly fetch manifest @typescript-eslint/scope-manager@6.21.0
191 silly packumentCache full:https://registry.npmjs.org/@typescript-eslint%2fscope-manager cache-miss
192 http cache https://registry.npmjs.org/@typescript-eslint%2futils 42ms (cache hit)
193 silly packumentCache full:https://registry.npmjs.org/@typescript-eslint%2futils set size:10060677 disposed:false
194 silly fetch manifest @typescript-eslint/typescript-estree@6.21.0
195 silly packumentCache full:https://registry.npmjs.org/@typescript-eslint%2ftypescript-estree cache-miss
196 http cache https://registry.npmjs.org/@typescript-eslint%2ftype-utils 70ms (cache hit)
197 silly packumentCache full:https://registry.npmjs.org/@typescript-eslint%2ftype-utils set size:9234683 disposed:false
198 silly fetch manifest ajv@^6.12.4
199 silly packumentCache full:https://registry.npmjs.org/ajv cache-miss
200 http cache https://registry.npmjs.org/@typescript-eslint%2fvisitor-keys 98ms (cache hit)
201 silly packumentCache full:https://registry.npmjs.org/@typescript-eslint%2fvisitor-keys set size:11767416 disposed:false
202 silly fetch manifest levn@^0.4.1
203 silly packumentCache full:https://registry.npmjs.org/levn cache-miss
204 http cache https://registry.npmjs.org/@typescript-eslint%2ftypes 136ms (cache hit)
205 silly packumentCache full:https://registry.npmjs.org/@typescript-eslint%2ftypes set size:12169172 disposed:false
206 silly fetch manifest chalk@^4.0.0
207 silly packumentCache full:https://registry.npmjs.org/chalk cache-miss
208 http cache https://registry.npmjs.org/@typescript-eslint%2fvisitor-keys 212ms (cache hit)
209 silly packumentCache full:https://registry.npmjs.org/@typescript-eslint%2fvisitor-keys set size:11767416 disposed:false
210 silly fetch manifest debug@^4.3.2
211 silly packumentCache full:https://registry.npmjs.org/debug cache-hit
212 silly fetch manifest espree@^9.6.1
213 silly packumentCache full:https://registry.npmjs.org/espree cache-miss
214 http cache https://registry.npmjs.org/levn 121ms (cache hit)
215 silly packumentCache full:https://registry.npmjs.org/levn set size:28223 disposed:false
216 silly fetch manifest ignore@^5.2.0
217 silly packumentCache full:https://registry.npmjs.org/ignore cache-hit
218 silly fetch manifest esquery@^1.4.2
219 silly packumentCache full:https://registry.npmjs.org/esquery cache-miss
220 http cache https://registry.npmjs.org/@typescript-eslint%2fscope-manager 262ms (cache hit)
221 silly packumentCache full:https://registry.npmjs.org/@typescript-eslint%2fscope-manager set size:12358370 disposed:false
222 silly fetch manifest esutils@^2.0.2
223 silly packumentCache full:https://registry.npmjs.org/esutils cache-miss
224 http cache https://registry.npmjs.org/@typescript-eslint%2ftypescript-estree 260ms (cache hit)
225 silly packumentCache full:https://registry.npmjs.org/@typescript-eslint%2ftypescript-estree set size:16305880 disposed:false
226 silly fetch manifest find-up@^5.0.0
227 silly packumentCache full:https://registry.npmjs.org/find-up cache-miss
228 http cache https://registry.npmjs.org/@typescript-eslint%2fscope-manager 540ms (cache hit)
229 silly packumentCache full:https://registry.npmjs.org/@typescript-eslint%2fscope-manager set size:12358370 disposed:false
230 silly fetch manifest globals@^13.19.0
231 silly packumentCache full:https://registry.npmjs.org/globals cache-miss
232 http cache https://registry.npmjs.org/chalk 417ms (cache hit)
233 silly packumentCache full:https://registry.npmjs.org/chalk set size:117861 disposed:false
234 silly fetch manifest is-glob@^4.0.0
235 silly packumentCache full:https://registry.npmjs.org/is-glob cache-miss
236 http cache https://registry.npmjs.org/ajv 506ms (cache hit)
237 silly packumentCache full:https://registry.npmjs.org/ajv set size:1142658 disposed:false
238 silly fetch manifest js-yaml@^4.1.0
239 silly packumentCache full:https://registry.npmjs.org/js-yaml cache-miss
240 http cache https://registry.npmjs.org/esquery 352ms (cache hit)
241 silly packumentCache full:https://registry.npmjs.org/esquery set size:48888 disposed:false
242 silly fetch manifest doctrine@^3.0.0
243 silly packumentCache full:https://registry.npmjs.org/doctrine cache-miss
244 http cache https://registry.npmjs.org/esutils 300ms (cache hit)
245 silly packumentCache full:https://registry.npmjs.org/esutils set size:29522 disposed:false
246 silly fetch manifest minimatch@^3.1.2
247 silly packumentCache full:https://registry.npmjs.org/minimatch cache-miss
248 http cache https://registry.npmjs.org/find-up 70ms (cache hit)
249 silly packumentCache full:https://registry.npmjs.org/find-up set size:42620 disposed:false
250 silly fetch manifest @eslint/js@8.57.1
251 silly packumentCache full:https://registry.npmjs.org/@eslint%2fjs cache-miss
252 http cache https://registry.npmjs.org/espree 356ms (cache hit)
253 silly packumentCache full:https://registry.npmjs.org/espree set size:326080 disposed:false
254 silly fetch manifest optionator@^0.9.3
255 silly packumentCache full:https://registry.npmjs.org/optionator cache-miss
256 http cache https://registry.npmjs.org/globals 18ms (cache hit)
257 silly packumentCache full:https://registry.npmjs.org/globals set size:312297 disposed:false
258 silly fetch manifest strip-ansi@^6.0.1
259 silly packumentCache full:https://registry.npmjs.org/strip-ansi cache-miss
260 http cache https://registry.npmjs.org/js-yaml 16ms (cache hit)
261 silly packumentCache full:https://registry.npmjs.org/js-yaml set size:152232 disposed:false
262 silly fetch manifest text-table@^0.2.0
263 silly packumentCache full:https://registry.npmjs.org/text-table cache-miss
264 http cache https://registry.npmjs.org/is-glob 24ms (cache hit)
265 silly packumentCache full:https://registry.npmjs.org/is-glob set size:40530 disposed:false
266 silly fetch manifest cross-spawn@^7.0.2
267 silly packumentCache full:https://registry.npmjs.org/cross-spawn cache-miss
268 http cache https://registry.npmjs.org/doctrine 20ms (cache hit)
269 silly packumentCache full:https://registry.npmjs.org/doctrine set size:64052 disposed:false
270 silly fetch manifest glob-parent@^6.0.2
271 silly packumentCache full:https://registry.npmjs.org/glob-parent cache-miss
272 http cache https://registry.npmjs.org/minimatch 22ms (cache hit)
273 silly packumentCache full:https://registry.npmjs.org/minimatch set size:375282 disposed:false
274 silly fetch manifest imurmurhash@^0.1.4
275 silly packumentCache full:https://registry.npmjs.org/imurmurhash cache-miss
276 http cache https://registry.npmjs.org/optionator 25ms (cache hit)
277 silly packumentCache full:https://registry.npmjs.org/optionator set size:49651 disposed:false
278 silly fetch manifest eslint-scope@^7.2.2
279 silly packumentCache full:https://registry.npmjs.org/eslint-scope cache-miss
280 http cache https://registry.npmjs.org/@eslint%2fjs 28ms (cache hit)
281 silly packumentCache full:https://registry.npmjs.org/@eslint%2fjs set size:140022 disposed:false
282 silly fetch manifest lodash.merge@^4.6.2
283 silly packumentCache full:https://registry.npmjs.org/lodash.merge cache-miss
284 http cache https://registry.npmjs.org/strip-ansi 20ms (cache hit)
285 silly packumentCache full:https://registry.npmjs.org/strip-ansi set size:44998 disposed:false
286 silly fetch manifest is-path-inside@^3.0.3
287 silly packumentCache full:https://registry.npmjs.org/is-path-inside cache-miss
288 http cache https://registry.npmjs.org/text-table 19ms (cache hit)
289 silly packumentCache full:https://registry.npmjs.org/text-table set size:20701 disposed:false
290 silly fetch manifest fast-deep-equal@^3.1.3
291 silly packumentCache full:https://registry.npmjs.org/fast-deep-equal cache-miss
292 http cache https://registry.npmjs.org/cross-spawn 18ms (cache hit)
293 silly packumentCache full:https://registry.npmjs.org/cross-spawn set size:109066 disposed:false
294 silly fetch manifest @eslint/eslintrc@^2.1.4
295 silly packumentCache full:https://registry.npmjs.org/@eslint%2feslintrc cache-miss
296 http cache https://registry.npmjs.org/imurmurhash 9ms (cache hit)
297 silly packumentCache full:https://registry.npmjs.org/imurmurhash set size:35819 disposed:false
298 silly fetch manifest @nodelib/fs.walk@^1.2.8
299 silly packumentCache full:https://registry.npmjs.org/@nodelib%2ffs.walk cache-miss
300 http cache https://registry.npmjs.org/eslint-scope 9ms (cache hit)
301 silly packumentCache full:https://registry.npmjs.org/eslint-scope set size:98867 disposed:false
302 silly fetch manifest file-entry-cache@^6.0.1
303 silly packumentCache full:https://registry.npmjs.org/file-entry-cache cache-miss
304 http cache https://registry.npmjs.org/glob-parent 19ms (cache hit)
305 silly packumentCache full:https://registry.npmjs.org/glob-parent set size:42445 disposed:false
306 silly fetch manifest eslint-visitor-keys@^3.4.3
307 silly packumentCache full:https://registry.npmjs.org/eslint-visitor-keys cache-miss
308 http cache https://registry.npmjs.org/lodash.merge 11ms (cache hit)
309 silly packumentCache full:https://registry.npmjs.org/lodash.merge set size:78575 disposed:false
310 silly fetch manifest escape-string-regexp@^4.0.0
311 silly packumentCache full:https://registry.npmjs.org/escape-string-regexp cache-miss
312 http cache https://registry.npmjs.org/is-path-inside 12ms (cache hit)
313 silly packumentCache full:https://registry.npmjs.org/is-path-inside set size:23585 disposed:false
314 silly fetch manifest @ungap/structured-clone@^1.2.0
315 silly packumentCache full:https://registry.npmjs.org/@ungap%2fstructured-clone cache-miss
316 http cache https://registry.npmjs.org/fast-deep-equal 14ms (cache hit)
317 silly packumentCache full:https://registry.npmjs.org/fast-deep-equal set size:48634 disposed:false
318 silly fetch manifest @eslint-community/regexpp@^4.6.1
319 silly packumentCache full:https://registry.npmjs.org/@eslint-community%2fregexpp cache-hit
320 silly fetch manifest @humanwhocodes/config-array@^0.13.0
321 silly packumentCache full:https://registry.npmjs.org/@humanwhocodes%2fconfig-array cache-miss
322 http cache https://registry.npmjs.org/@eslint%2feslintrc 12ms (cache hit)
323 silly packumentCache full:https://registry.npmjs.org/@eslint%2feslintrc set size:168674 disposed:false
324 silly fetch manifest @eslint-community/eslint-utils@^4.2.0
325 silly packumentCache full:https://registry.npmjs.org/@eslint-community%2feslint-utils cache-miss
326 http cache https://registry.npmjs.org/@nodelib%2ffs.walk 10ms (cache hit)
327 silly packumentCache full:https://registry.npmjs.org/@nodelib%2ffs.walk set size:41589 disposed:false
328 silly fetch manifest @humanwhocodes/module-importer@^1.0.1
329 silly packumentCache full:https://registry.npmjs.org/@humanwhocodes%2fmodule-importer cache-miss
330 http cache https://registry.npmjs.org/file-entry-cache 8ms (cache hit)
331 silly packumentCache full:https://registry.npmjs.org/file-entry-cache set size:151480 disposed:false
332 silly fetch manifest json-stable-stringify-without-jsonify@^1.0.1
333 silly packumentCache full:https://registry.npmjs.org/json-stable-stringify-without-jsonify cache-miss
334 http cache https://registry.npmjs.org/eslint-visitor-keys 9ms (cache hit)
335 silly packumentCache full:https://registry.npmjs.org/eslint-visitor-keys set size:69949 disposed:false
336 silly fetch manifest @babel/core@^7.28.0
337 silly packumentCache full:https://registry.npmjs.org/@babel%2fcore cache-miss
338 http cache https://registry.npmjs.org/escape-string-regexp 10ms (cache hit)
339 silly packumentCache full:https://registry.npmjs.org/escape-string-regexp set size:22244 disposed:false
340 silly fetch manifest react-refresh@^0.17.0
341 silly packumentCache full:https://registry.npmjs.org/react-refresh cache-miss
342 http cache https://registry.npmjs.org/@ungap%2fstructured-clone 11ms (cache hit)
343 silly packumentCache full:https://registry.npmjs.org/@ungap%2fstructured-clone set size:55958 disposed:false
344 silly fetch manifest @types/babel__core@^7.20.5
345 silly packumentCache full:https://registry.npmjs.org/@types%2fbabel__core cache-miss
346 http cache https://registry.npmjs.org/@humanwhocodes%2fmodule-importer 11ms (cache hit)
347 silly packumentCache full:https://registry.npmjs.org/@humanwhocodes%2fmodule-importer set size:9516 disposed:false
348 silly fetch manifest @rolldown/pluginutils@1.0.0-beta.27
349 silly packumentCache full:https://registry.npmjs.org/@rolldown%2fpluginutils cache-miss
350 http cache https://registry.npmjs.org/json-stable-stringify-without-jsonify 10ms (cache hit)
351 silly packumentCache full:https://registry.npmjs.org/json-stable-stringify-without-jsonify set size:5808 disposed:false
352 silly fetch manifest @babel/plugin-transform-react-jsx-self@^7.27.1
353 silly packumentCache full:https://registry.npmjs.org/@babel%2fplugin-transform-react-jsx-self cache-miss
354 http cache https://registry.npmjs.org/@eslint-community%2feslint-utils 12ms (cache hit)
355 silly packumentCache full:https://registry.npmjs.org/@eslint-community%2feslint-utils set size:93301 disposed:false
356 silly fetch manifest @babel/plugin-transform-react-jsx-source@^7.27.1
357 silly packumentCache full:https://registry.npmjs.org/@babel%2fplugin-transform-react-jsx-source cache-miss
358 http cache https://registry.npmjs.org/@humanwhocodes%2fconfig-array 15ms (cache hit)
359 silly packumentCache full:https://registry.npmjs.org/@humanwhocodes%2fconfig-array set size:139493 disposed:false
360 silly fetch manifest rollup@^4.20.0
361 silly packumentCache full:https://registry.npmjs.org/rollup cache-miss
362 http cache https://registry.npmjs.org/@babel%2fcore 13ms (cache hit)
363 silly packumentCache full:https://registry.npmjs.org/@babel%2fcore set size:764052 disposed:false
364 silly fetch manifest esbuild@^0.21.3
365 silly packumentCache full:https://registry.npmjs.org/esbuild cache-miss
366 http cache https://registry.npmjs.org/@types%2fbabel__core 19ms (cache hit)
367 silly packumentCache full:https://registry.npmjs.org/@types%2fbabel__core set size:88676 disposed:false
368 silly fetch manifest postcss@^8.4.43
369 silly packumentCache full:https://registry.npmjs.org/postcss cache-hit
370 silly fetch manifest fsevents@~2.3.3
371 silly packumentCache full:https://registry.npmjs.org/fsevents cache-miss
372 http cache https://registry.npmjs.org/@rolldown%2fpluginutils 19ms (cache hit)
373 silly packumentCache full:https://registry.npmjs.org/@rolldown%2fpluginutils set size:291991 disposed:false
374 silly fetch manifest browserslist@^4.28.2
375 silly packumentCache full:https://registry.npmjs.org/browserslist cache-miss
376 http cache https://registry.npmjs.org/react-refresh 33ms (cache hit)
377 silly packumentCache full:https://registry.npmjs.org/react-refresh set size:6314995 disposed:false
378 silly fetch manifest caniuse-lite@^1.0.30001787
379 silly packumentCache full:https://registry.npmjs.org/caniuse-lite cache-miss
380 http cache https://registry.npmjs.org/@babel%2fplugin-transform-react-jsx-self 58ms (cache hit)
381 silly packumentCache full:https://registry.npmjs.org/@babel%2fplugin-transform-react-jsx-self set size:198119 disposed:false
382 silly fetch manifest fraction.js@^5.3.4
383 silly packumentCache full:https://registry.npmjs.org/fraction.js cache-miss
384 http cache https://registry.npmjs.org/@babel%2fplugin-transform-react-jsx-source 59ms (cache hit)
385 silly packumentCache full:https://registry.npmjs.org/@babel%2fplugin-transform-react-jsx-source set size:203114 disposed:false
386 silly fetch manifest picocolors@^1.1.1
387 silly packumentCache full:https://registry.npmjs.org/picocolors cache-miss
388 http cache https://registry.npmjs.org/esbuild 57ms (cache hit)
389 silly packumentCache full:https://registry.npmjs.org/esbuild set size:1254708 disposed:false
390 silly fetch manifest postcss-value-parser@^4.2.0
391 silly packumentCache full:https://registry.npmjs.org/postcss-value-parser cache-miss
392 http cache https://registry.npmjs.org/rollup 72ms (cache hit)
393 silly packumentCache full:https://registry.npmjs.org/rollup set size:6169575 disposed:false
394 silly fetch manifest nanoid@^3.3.11
395 silly packumentCache full:https://registry.npmjs.org/nanoid cache-miss
396 http cache https://registry.npmjs.org/fraction.js 44ms (cache hit)
397 silly packumentCache full:https://registry.npmjs.org/fraction.js set size:149386 disposed:false
398 silly fetch manifest picocolors@^1.1.1
399 silly packumentCache full:https://registry.npmjs.org/picocolors cache-miss
400 http cache https://registry.npmjs.org/fsevents 88ms (cache hit)
401 silly packumentCache full:https://registry.npmjs.org/fsevents set size:182472 disposed:false
402 silly fetch manifest source-map-js@^1.2.1
403 silly packumentCache full:https://registry.npmjs.org/source-map-js cache-miss
404 http cache https://registry.npmjs.org/browserslist 88ms (cache hit)
405 silly packumentCache full:https://registry.npmjs.org/browserslist set size:504681 disposed:false
406 silly fetch manifest loose-envify@^1.1.0
407 silly packumentCache full:https://registry.npmjs.org/loose-envify cache-miss
408 http cache https://registry.npmjs.org/picocolors 48ms (cache hit)
409 silly packumentCache full:https://registry.npmjs.org/picocolors set size:16648 disposed:false
410 silly fetch manifest scheduler@^0.23.2
411 silly packumentCache full:https://registry.npmjs.org/scheduler cache-miss
412 http cache https://registry.npmjs.org/caniuse-lite 60ms (cache hit)
413 silly packumentCache full:https://registry.npmjs.org/caniuse-lite set size:2289092 disposed:false
414 silly fetch manifest loose-envify@^1.1.0
415 silly packumentCache full:https://registry.npmjs.org/loose-envify cache-miss
416 http cache https://registry.npmjs.org/postcss-value-parser 52ms (cache hit)
417 silly packumentCache full:https://registry.npmjs.org/postcss-value-parser set size:73484 disposed:false
418 silly fetch manifest arg@^5.0.2
419 silly packumentCache full:https://registry.npmjs.org/arg cache-miss
420 http cache https://registry.npmjs.org/picocolors 19ms (cache hit)
421 silly packumentCache full:https://registry.npmjs.org/picocolors set size:16648 disposed:false
422 silly packumentCache full:https://registry.npmjs.org/picocolors dispose
423 silly fetch manifest dlv@^1.1.3
424 silly packumentCache full:https://registry.npmjs.org/dlv cache-miss
425 http cache https://registry.npmjs.org/nanoid 23ms (cache hit)
426 silly packumentCache full:https://registry.npmjs.org/nanoid set size:304025 disposed:false
427 silly fetch manifest jiti@^1.21.7
428 silly packumentCache full:https://registry.npmjs.org/jiti cache-miss
429 http cache https://registry.npmjs.org/source-map-js 21ms (cache hit)
430 silly packumentCache full:https://registry.npmjs.org/source-map-js set size:62640 disposed:false
431 silly fetch manifest is-glob@^4.0.3
432 silly packumentCache full:https://registry.npmjs.org/is-glob cache-hit
433 silly fetch manifest resolve@^1.22.8
434 silly packumentCache full:https://registry.npmjs.org/resolve cache-miss
435 http cache https://registry.npmjs.org/loose-envify 20ms (cache hit)
436 silly packumentCache full:https://registry.npmjs.org/loose-envify set size:12559 disposed:false
437 silly fetch manifest sucrase@^3.35.0
438 silly packumentCache full:https://registry.npmjs.org/sucrase cache-miss
439 http cache https://registry.npmjs.org/loose-envify 12ms (cache hit)
440 silly packumentCache full:https://registry.npmjs.org/loose-envify set size:12559 disposed:false
441 silly packumentCache full:https://registry.npmjs.org/loose-envify dispose
442 silly fetch manifest chokidar@^3.6.0
443 silly packumentCache full:https://registry.npmjs.org/chokidar cache-miss
444 http cache https://registry.npmjs.org/arg 13ms (cache hit)
445 silly packumentCache full:https://registry.npmjs.org/arg set size:67036 disposed:false
446 silly fetch manifest fast-glob@^3.3.2
447 silly packumentCache full:https://registry.npmjs.org/fast-glob cache-miss
448 http cache https://registry.npmjs.org/scheduler 30ms (cache hit)
449 silly packumentCache full:https://registry.npmjs.org/scheduler set size:5493219 disposed:false
450 silly fetch manifest lilconfig@^3.1.3
451 silly packumentCache full:https://registry.npmjs.org/lilconfig cache-miss
452 http cache https://registry.npmjs.org/dlv 50ms (cache hit)
453 silly packumentCache full:https://registry.npmjs.org/dlv set size:16709 disposed:false
454 silly fetch manifest didyoumean@^1.2.2
455 silly packumentCache full:https://registry.npmjs.org/didyoumean cache-miss
456 http cache https://registry.npmjs.org/jiti 51ms (cache hit)
457 silly packumentCache full:https://registry.npmjs.org/jiti set size:382310 disposed:false
458 silly fetch manifest micromatch@^4.0.8
459 silly packumentCache full:https://registry.npmjs.org/micromatch cache-miss
460 http cache https://registry.npmjs.org/sucrase 51ms (cache hit)
461 silly packumentCache full:https://registry.npmjs.org/sucrase set size:449399 disposed:false
462 silly fetch manifest postcss-js@^4.0.1
463 silly packumentCache full:https://registry.npmjs.org/postcss-js cache-miss
464 http cache https://registry.npmjs.org/resolve 54ms (cache hit)
465 silly packumentCache full:https://registry.npmjs.org/resolve set size:252941 disposed:false
466 silly fetch manifest object-hash@^3.0.0
467 silly packumentCache full:https://registry.npmjs.org/object-hash cache-miss
468 http cache https://registry.npmjs.org/chokidar 54ms (cache hit)
469 silly packumentCache full:https://registry.npmjs.org/chokidar set size:255902 disposed:false
470 silly fetch manifest normalize-path@^3.0.0
471 silly packumentCache full:https://registry.npmjs.org/normalize-path cache-miss
472 http cache https://registry.npmjs.org/fast-glob 53ms (cache hit)
473 silly packumentCache full:https://registry.npmjs.org/fast-glob set size:220556 disposed:false
474 silly fetch manifest postcss-import@^15.1.0
475 silly packumentCache full:https://registry.npmjs.org/postcss-import cache-miss
476 http cache https://registry.npmjs.org/didyoumean 15ms (cache hit)
477 silly packumentCache full:https://registry.npmjs.org/didyoumean set size:11446 disposed:false
478 silly fetch manifest postcss-nested@^6.2.0
479 silly packumentCache full:https://registry.npmjs.org/postcss-nested cache-miss
480 http cache https://registry.npmjs.org/postcss-js 7ms (cache hit)
481 silly packumentCache full:https://registry.npmjs.org/postcss-js set size:51308 disposed:false
482 silly fetch manifest @alloc/quick-lru@^5.2.0
483 silly packumentCache full:https://registry.npmjs.org/@alloc%2fquick-lru cache-miss
484 http cache https://registry.npmjs.org/lilconfig 24ms (cache hit)
485 silly packumentCache full:https://registry.npmjs.org/lilconfig set size:45636 disposed:false
486 silly fetch manifest postcss-load-config@^4.0.2 || ^5.0 || ^6.0
487 silly packumentCache full:https://registry.npmjs.org/postcss-load-config cache-miss
488 http cache https://registry.npmjs.org/micromatch 12ms (cache hit)
489 silly packumentCache full:https://registry.npmjs.org/micromatch set size:240630 disposed:false
490 silly fetch manifest postcss-selector-parser@^6.1.2
491 silly packumentCache full:https://registry.npmjs.org/postcss-selector-parser cache-miss
492 http cache https://registry.npmjs.org/object-hash 9ms (cache hit)
493 silly packumentCache full:https://registry.npmjs.org/object-hash set size:100564 disposed:false
494 http cache https://registry.npmjs.org/normalize-path 9ms (cache hit)
495 silly packumentCache full:https://registry.npmjs.org/normalize-path set size:28713 disposed:false
496 http cache https://registry.npmjs.org/postcss-import 7ms (cache hit)
497 silly packumentCache full:https://registry.npmjs.org/postcss-import set size:120971 disposed:false
498 http cache https://registry.npmjs.org/postcss-nested 8ms (cache hit)
499 silly packumentCache full:https://registry.npmjs.org/postcss-nested set size:79120 disposed:false
500 http cache https://registry.npmjs.org/@alloc%2fquick-lru 8ms (cache hit)
501 silly packumentCache full:https://registry.npmjs.org/@alloc%2fquick-lru set size:7269 disposed:false
502 http cache https://registry.npmjs.org/postcss-load-config 8ms (cache hit)
503 silly packumentCache full:https://registry.npmjs.org/postcss-load-config set size:86425 disposed:false
504 http cache https://registry.npmjs.org/postcss-selector-parser 7ms (cache hit)
505 silly packumentCache full:https://registry.npmjs.org/postcss-selector-parser set size:177140 disposed:false
506 silly placeDep ROOT @types/prop-types@15.7.15 OK for: @types/react@18.3.28 want: *
507 silly placeDep ROOT csstype@3.2.3 OK for: @types/react@18.3.28 want: ^3.2.2
508 silly fetch manifest typescript@>=4.2.0
509 silly packumentCache full:https://registry.npmjs.org/typescript cache-miss
510 http cache https://registry.npmjs.org/typescript 16ms (cache hit)
511 silly packumentCache full:https://registry.npmjs.org/typescript set size:15409943 disposed:false
512 silly fetch manifest eslint@^7.0.0 || ^8.0.0
513 silly packumentCache full:https://registry.npmjs.org/eslint cache-miss
514 http cache https://registry.npmjs.org/eslint 3ms (cache hit)
515 silly packumentCache full:https://registry.npmjs.org/eslint set size:1983515 disposed:false
516 silly placeDep ROOT @eslint-community/regexpp@4.12.2 OK for: @typescript-eslint/eslint-plugin@6.21.0 want: ^4.5.1
517 silly placeDep ROOT @typescript-eslint/scope-manager@6.21.0 OK for: @typescript-eslint/eslint-plugin@6.21.0 want: 6.21.0
518 silly placeDep ROOT @typescript-eslint/type-utils@6.21.0 OK for: @typescript-eslint/eslint-plugin@6.21.0 want: 6.21.0
519 silly placeDep ROOT @typescript-eslint/utils@6.21.0 OK for: @typescript-eslint/eslint-plugin@6.21.0 want: 6.21.0
520 silly placeDep ROOT @typescript-eslint/visitor-keys@6.21.0 OK for: @typescript-eslint/eslint-plugin@6.21.0 want: 6.21.0
521 silly placeDep ROOT debug@4.4.3 OK for: @typescript-eslint/eslint-plugin@6.21.0 want: ^4.3.4
522 silly placeDep ROOT graphemer@1.4.0 OK for: @typescript-eslint/eslint-plugin@6.21.0 want: ^1.4.0
523 silly placeDep ROOT ignore@5.3.2 OK for: @typescript-eslint/eslint-plugin@6.21.0 want: ^5.2.4
524 silly placeDep ROOT natural-compare@1.4.0 OK for: @typescript-eslint/eslint-plugin@6.21.0 want: ^1.4.0
525 silly placeDep ROOT semver@7.7.4 OK for: @typescript-eslint/eslint-plugin@6.21.0 want: ^7.5.4
526 silly placeDep ROOT ts-api-utils@1.4.3 OK for: @typescript-eslint/eslint-plugin@6.21.0 want: ^1.0.1
527 silly fetch manifest @types/semver@^7.5.0
528 silly packumentCache full:https://registry.npmjs.org/@types%2fsemver cache-miss
529 silly fetch manifest @types/json-schema@^7.0.12
530 silly packumentCache full:https://registry.npmjs.org/@types%2fjson-schema cache-miss
531 silly fetch manifest @eslint-community/eslint-utils@^4.4.0
532 silly packumentCache full:https://registry.npmjs.org/@eslint-community%2feslint-utils cache-hit
533 silly fetch manifest eslint-visitor-keys@^3.4.1
534 silly packumentCache full:https://registry.npmjs.org/eslint-visitor-keys cache-hit
535 silly fetch manifest ms@^2.1.3
536 silly packumentCache full:https://registry.npmjs.org/ms cache-miss
537 http cache https://registry.npmjs.org/@types%2fsemver 3ms (cache hit)
538 silly packumentCache full:https://registry.npmjs.org/@types%2fsemver set size:117689 disposed:false
539 http cache https://registry.npmjs.org/ms 3ms (cache hit)
540 silly packumentCache full:https://registry.npmjs.org/ms set size:92208 disposed:false
541 http cache https://registry.npmjs.org/@types%2fjson-schema 5ms (cache hit)
542 silly packumentCache full:https://registry.npmjs.org/@types%2fjson-schema set size:44704 disposed:false
543 silly placeDep ROOT @typescript-eslint/types@6.21.0 OK for: @typescript-eslint/parser@6.21.0 want: 6.21.0
544 silly placeDep ROOT @typescript-eslint/typescript-estree@6.21.0 OK for: @typescript-eslint/parser@6.21.0 want: 6.21.0
545 silly fetch manifest globby@^11.1.0
546 silly packumentCache full:https://registry.npmjs.org/globby cache-miss
547 silly fetch manifest minimatch@9.0.3
548 silly packumentCache full:https://registry.npmjs.org/minimatch cache-hit
549 http cache https://registry.npmjs.org/globby 1ms (cache hit)
550 silly packumentCache full:https://registry.npmjs.org/globby set size:160568 disposed:false
551 silly placeDep ROOT globby@11.1.0 OK for: @typescript-eslint/typescript-estree@6.21.0 want: ^11.1.0
552 silly placeDep ROOT is-glob@4.0.3 OK for: @typescript-eslint/typescript-estree@6.21.0 want: ^4.0.3
553 silly placeDep ROOT minimatch@9.0.3 OK for: @typescript-eslint/typescript-estree@6.21.0 want: 9.0.3
554 silly fetch manifest slash@^3.0.0
555 silly packumentCache full:https://registry.npmjs.org/slash cache-miss
556 silly fetch manifest merge2@^1.4.1
557 silly packumentCache full:https://registry.npmjs.org/merge2 cache-miss
558 silly fetch manifest dir-glob@^3.0.1
559 silly packumentCache full:https://registry.npmjs.org/dir-glob cache-miss
560 silly fetch manifest fast-glob@^3.2.9
561 silly packumentCache full:https://registry.npmjs.org/fast-glob cache-hit
562 silly fetch manifest array-union@^2.1.0
563 silly packumentCache full:https://registry.npmjs.org/array-union cache-miss
564 silly fetch manifest is-extglob@^2.1.1
565 silly packumentCache full:https://registry.npmjs.org/is-extglob cache-miss
566 silly fetch manifest brace-expansion@^2.0.1
567 silly packumentCache full:https://registry.npmjs.org/brace-expansion cache-miss
568 http cache https://registry.npmjs.org/dir-glob 2ms (cache hit)
569 silly packumentCache full:https://registry.npmjs.org/dir-glob set size:22205 disposed:false
570 http cache https://registry.npmjs.org/slash 3ms (cache hit)
571 silly packumentCache full:https://registry.npmjs.org/slash set size:20337 disposed:false
572 http cache https://registry.npmjs.org/merge2 4ms (cache hit)
573 silly packumentCache full:https://registry.npmjs.org/merge2 set size:46159 disposed:false
574 http cache https://registry.npmjs.org/is-extglob 3ms (cache hit)
575 silly packumentCache full:https://registry.npmjs.org/is-extglob set size:11766 disposed:false
576 http cache https://registry.npmjs.org/array-union 3ms (cache hit)
577 silly packumentCache full:https://registry.npmjs.org/array-union set size:18386 disposed:false
578 http cache https://registry.npmjs.org/brace-expansion 4ms (cache hit)
579 silly packumentCache full:https://registry.npmjs.org/brace-expansion set size:65768 disposed:false
580 silly placeDep ROOT @eslint-community/eslint-utils@4.9.1 OK for: @typescript-eslint/utils@6.21.0 want: ^4.4.0
581 silly placeDep ROOT @types/json-schema@7.0.15 OK for: @typescript-eslint/utils@6.21.0 want: ^7.0.12
582 silly placeDep ROOT @types/semver@7.7.1 OK for: @typescript-eslint/utils@6.21.0 want: ^7.5.0
583 silly placeDep ROOT eslint-visitor-keys@3.4.3 OK for: @eslint-community/eslint-utils@4.9.1 want: ^3.4.3
584 silly placeDep ROOT @babel/core@7.29.0 OK for: @vitejs/plugin-react@4.7.0 want: ^7.28.0
585 silly placeDep ROOT @babel/plugin-transform-react-jsx-self@7.27.1 OK for: @vitejs/plugin-react@4.7.0 want: ^7.27.1
586 silly placeDep ROOT @babel/plugin-transform-react-jsx-source@7.27.1 OK for: @vitejs/plugin-react@4.7.0 want: ^7.27.1
587 silly placeDep ROOT @rolldown/pluginutils@1.0.0-beta.27 OK for: @vitejs/plugin-react@4.7.0 want: 1.0.0-beta.27
588 silly placeDep ROOT @types/babel__core@7.20.5 OK for: @vitejs/plugin-react@4.7.0 want: ^7.20.5
589 silly placeDep ROOT react-refresh@0.17.0 OK for: @vitejs/plugin-react@4.7.0 want: ^0.17.0
590 silly fetch manifest json5@^2.2.3
591 silly packumentCache full:https://registry.npmjs.org/json5 cache-miss
592 silly fetch manifest semver@^6.3.1
593 silly packumentCache full:https://registry.npmjs.org/semver cache-hit
594 silly fetch manifest gensync@^1.0.0-beta.2
595 silly packumentCache full:https://registry.npmjs.org/gensync cache-miss
596 silly fetch manifest @babel/types@^7.29.0
597 silly packumentCache full:https://registry.npmjs.org/@babel%2ftypes cache-miss
598 silly fetch manifest @babel/parser@^7.29.0
599 silly packumentCache full:https://registry.npmjs.org/@babel%2fparser cache-miss
600 silly fetch manifest @babel/helpers@^7.28.6
601 silly packumentCache full:https://registry.npmjs.org/@babel%2fhelpers cache-miss
602 silly fetch manifest @babel/template@^7.28.6
603 silly packumentCache full:https://registry.npmjs.org/@babel%2ftemplate cache-miss
604 silly fetch manifest @babel/traverse@^7.29.0
605 silly packumentCache full:https://registry.npmjs.org/@babel%2ftraverse cache-miss
606 http cache https://registry.npmjs.org/gensync 7ms (cache hit)
607 silly packumentCache full:https://registry.npmjs.org/gensync set size:15068 disposed:false
608 silly fetch manifest @babel/generator@^7.29.0
609 silly packumentCache full:https://registry.npmjs.org/@babel%2fgenerator cache-miss
610 http cache https://registry.npmjs.org/@babel%2fparser 8ms (cache hit)
611 silly packumentCache full:https://registry.npmjs.org/@babel%2fparser set size:721090 disposed:false
612 silly fetch manifest @babel/code-frame@^7.29.0
613 silly packumentCache full:https://registry.npmjs.org/@babel%2fcode-frame cache-miss
614 http cache https://registry.npmjs.org/@babel%2ftypes 11ms (cache hit)
615 silly packumentCache full:https://registry.npmjs.org/@babel%2ftypes set size:489931 disposed:false
616 silly fetch manifest convert-source-map@^2.0.0
617 silly packumentCache full:https://registry.npmjs.org/convert-source-map cache-miss
618 http cache https://registry.npmjs.org/@babel%2ftemplate 12ms (cache hit)
619 silly packumentCache full:https://registry.npmjs.org/@babel%2ftemplate set size:229095 disposed:false
620 silly fetch manifest @jridgewell/remapping@^2.3.5
621 silly packumentCache full:https://registry.npmjs.org/@jridgewell%2fremapping cache-miss
622 http cache https://registry.npmjs.org/@babel%2fhelpers 14ms (cache hit)
623 silly packumentCache full:https://registry.npmjs.org/@babel%2fhelpers set size:390175 disposed:false
624 silly fetch manifest @babel/helper-module-transforms@^7.28.6
625 silly packumentCache full:https://registry.npmjs.org/@babel%2fhelper-module-transforms cache-miss
626 http cache https://registry.npmjs.org/json5 16ms (cache hit)
627 silly packumentCache full:https://registry.npmjs.org/json5 set size:86136 disposed:false
628 silly fetch manifest @babel/helper-compilation-targets@^7.28.6
629 silly packumentCache full:https://registry.npmjs.org/@babel%2fhelper-compilation-targets cache-miss
630 http cache https://registry.npmjs.org/@babel%2ftraverse 18ms (cache hit)
631 silly packumentCache full:https://registry.npmjs.org/@babel%2ftraverse set size:550946 disposed:false
632 silly fetch manifest @babel/helper-plugin-utils@^7.27.1
633 silly packumentCache full:https://registry.npmjs.org/@babel%2fhelper-plugin-utils cache-miss
634 http cache https://registry.npmjs.org/@babel%2fcode-frame 12ms (cache hit)
635 silly packumentCache full:https://registry.npmjs.org/@babel%2fcode-frame set size:198217 disposed:false
636 silly fetch manifest @babel/helper-plugin-utils@^7.27.1
637 silly packumentCache full:https://registry.npmjs.org/@babel%2fhelper-plugin-utils cache-miss
638 http cache https://registry.npmjs.org/@jridgewell%2fremapping 10ms (cache hit)
639 silly packumentCache full:https://registry.npmjs.org/@jridgewell%2fremapping set size:23809 disposed:false
640 silly fetch manifest @babel/types@^7.20.7
641 silly packumentCache full:https://registry.npmjs.org/@babel%2ftypes cache-hit
642 silly fetch manifest @babel/parser@^7.20.7
643 silly packumentCache full:https://registry.npmjs.org/@babel%2fparser cache-hit
644 silly fetch manifest @types/babel__template@*
645 silly packumentCache full:https://registry.npmjs.org/@types%2fbabel__template cache-miss
646 http cache https://registry.npmjs.org/@babel%2fgenerator 17ms (cache hit)
647 silly packumentCache full:https://registry.npmjs.org/@babel%2fgenerator set size:509303 disposed:false
648 silly fetch manifest @types/babel__traverse@*
649 silly packumentCache full:https://registry.npmjs.org/@types%2fbabel__traverse cache-miss
650 http cache https://registry.npmjs.org/@babel%2fhelper-compilation-targets 11ms (cache hit)
651 silly packumentCache full:https://registry.npmjs.org/@babel%2fhelper-compilation-targets set size:220831 disposed:false
652 silly fetch manifest @types/babel__generator@*
653 silly packumentCache full:https://registry.npmjs.org/@types%2fbabel__generator cache-miss
654 http cache https://registry.npmjs.org/convert-source-map 15ms (cache hit)
655 silly packumentCache full:https://registry.npmjs.org/convert-source-map set size:66997 disposed:false
656 http cache https://registry.npmjs.org/@babel%2fhelper-module-transforms 13ms (cache hit)
657 silly packumentCache full:https://registry.npmjs.org/@babel%2fhelper-module-transforms set size:335632 disposed:false
658 http cache https://registry.npmjs.org/@babel%2fhelper-plugin-utils 10ms (cache hit)
659 silly packumentCache full:https://registry.npmjs.org/@babel%2fhelper-plugin-utils set size:165818 disposed:false
660 http cache https://registry.npmjs.org/@babel%2fhelper-plugin-utils 8ms (cache hit)
661 silly packumentCache full:https://registry.npmjs.org/@babel%2fhelper-plugin-utils set size:165818 disposed:false
662 silly packumentCache full:https://registry.npmjs.org/@babel%2fhelper-plugin-utils dispose
663 http cache https://registry.npmjs.org/@types%2fbabel__generator 5ms (cache hit)
664 silly packumentCache full:https://registry.npmjs.org/@types%2fbabel__generator set size:31587 disposed:false
665 http cache https://registry.npmjs.org/@types%2fbabel__template 8ms (cache hit)
666 silly packumentCache full:https://registry.npmjs.org/@types%2fbabel__template set size:22631 disposed:false
667 http cache https://registry.npmjs.org/@types%2fbabel__traverse 6ms (cache hit)
668 silly packumentCache full:https://registry.npmjs.org/@types%2fbabel__traverse set size:107819 disposed:false
669 silly fetch manifest @babel/core@^7.0.0
670 silly packumentCache full:https://registry.npmjs.org/@babel%2fcore cache-hit
671 silly placeDep ROOT @babel/code-frame@7.29.0 OK for: @babel/core@7.29.0 want: ^7.29.0
672 silly placeDep ROOT @babel/generator@7.29.1 OK for: @babel/core@7.29.0 want: ^7.29.0
673 silly placeDep ROOT @babel/helper-compilation-targets@7.28.6 OK for: @babel/core@7.29.0 want: ^7.28.6
674 silly placeDep ROOT @babel/helper-module-transforms@7.28.6 OK for: @babel/core@7.29.0 want: ^7.28.6
675 silly placeDep ROOT @babel/helpers@7.29.2 OK for: @babel/core@7.29.0 want: ^7.28.6
676 silly placeDep ROOT @babel/parser@7.29.2 OK for: @babel/core@7.29.0 want: ^7.29.0
677 silly placeDep ROOT @babel/template@7.28.6 OK for: @babel/core@7.29.0 want: ^7.28.6
678 silly placeDep ROOT @babel/traverse@7.29.0 OK for: @babel/core@7.29.0 want: ^7.29.0
679 silly placeDep ROOT @babel/types@7.29.0 OK for: @babel/core@7.29.0 want: ^7.29.0
680 silly placeDep ROOT @jridgewell/remapping@2.3.5 OK for: @babel/core@7.29.0 want: ^2.3.5
681 silly placeDep ROOT convert-source-map@2.0.0 OK for: @babel/core@7.29.0 want: ^2.0.0
682 silly placeDep ROOT gensync@1.0.0-beta.2 OK for: @babel/core@7.29.0 want: ^1.0.0-beta.2
683 silly placeDep ROOT json5@2.2.3 OK for: @babel/core@7.29.0 want: ^2.2.3
684 silly placeDep node_modules/@babel/core semver@6.3.1 OK for: @babel/core@7.29.0 want: ^6.3.1
685 silly fetch manifest js-tokens@^4.0.0
686 silly packumentCache full:https://registry.npmjs.org/js-tokens cache-miss
687 silly fetch manifest @babel/helper-validator-identifier@^7.28.5
688 silly packumentCache full:https://registry.npmjs.org/@babel%2fhelper-validator-identifier cache-miss
689 silly fetch manifest jsesc@^3.0.2
690 silly packumentCache full:https://registry.npmjs.org/jsesc cache-miss
691 silly fetch manifest @jridgewell/gen-mapping@^0.3.12
692 silly packumentCache full:https://registry.npmjs.org/@jridgewell%2fgen-mapping cache-miss
693 silly fetch manifest @jridgewell/trace-mapping@^0.3.28
694 silly packumentCache full:https://registry.npmjs.org/@jridgewell%2ftrace-mapping cache-miss
695 silly fetch manifest lru-cache@^5.1.1
696 silly packumentCache full:https://registry.npmjs.org/lru-cache cache-miss
697 silly fetch manifest browserslist@^4.24.0
698 silly packumentCache full:https://registry.npmjs.org/browserslist cache-hit
699 silly fetch manifest @babel/compat-data@^7.28.6
700 silly packumentCache full:https://registry.npmjs.org/@babel%2fcompat-data cache-miss
701 http cache https://registry.npmjs.org/jsesc 4ms (cache hit)
702 silly packumentCache full:https://registry.npmjs.org/jsesc set size:61512 disposed:false
703 silly fetch manifest @babel/helper-validator-option@^7.27.1
704 silly packumentCache full:https://registry.npmjs.org/@babel%2fhelper-validator-option cache-miss
705 http cache https://registry.npmjs.org/js-tokens 5ms (cache hit)
706 silly packumentCache full:https://registry.npmjs.org/js-tokens set size:41947 disposed:false
707 silly fetch manifest @babel/traverse@^7.28.6
708 silly packumentCache full:https://registry.npmjs.org/@babel%2ftraverse cache-hit
709 silly fetch manifest @babel/helper-module-imports@^7.28.6
710 silly packumentCache full:https://registry.npmjs.org/@babel%2fhelper-module-imports cache-miss
711 http cache https://registry.npmjs.org/@babel%2fhelper-validator-identifier 6ms (cache hit)
712 silly packumentCache full:https://registry.npmjs.org/@babel%2fhelper-validator-identifier set size:118123 disposed:false
713 silly fetch manifest @babel/types@^7.28.6
714 silly packumentCache full:https://registry.npmjs.org/@babel%2ftypes cache-hit
715 silly fetch manifest @babel/helper-globals@^7.28.0
716 silly packumentCache full:https://registry.npmjs.org/@babel%2fhelper-globals cache-miss
717 http cache https://registry.npmjs.org/@jridgewell%2fgen-mapping 6ms (cache hit)
718 silly packumentCache full:https://registry.npmjs.org/@jridgewell%2fgen-mapping set size:80719 disposed:false
719 silly fetch manifest @babel/helper-string-parser@^7.27.1
720 silly packumentCache full:https://registry.npmjs.org/@babel%2fhelper-string-parser cache-miss
721 http cache https://registry.npmjs.org/@jridgewell%2ftrace-mapping 7ms (cache hit)
722 silly packumentCache full:https://registry.npmjs.org/@jridgewell%2ftrace-mapping set size:170909 disposed:false
723 silly fetch manifest @jridgewell/gen-mapping@^0.3.5
724 silly packumentCache full:https://registry.npmjs.org/@jridgewell%2fgen-mapping cache-hit
725 silly fetch manifest @jridgewell/trace-mapping@^0.3.24
726 silly packumentCache full:https://registry.npmjs.org/@jridgewell%2ftrace-mapping cache-hit
727 http cache https://registry.npmjs.org/lru-cache 9ms (cache hit)
728 silly packumentCache full:https://registry.npmjs.org/lru-cache set size:439357 disposed:false
729 http cache https://registry.npmjs.org/@babel%2fcompat-data 11ms (cache hit)
730 silly packumentCache full:https://registry.npmjs.org/@babel%2fcompat-data set size:307725 disposed:false
731 http cache https://registry.npmjs.org/@babel%2fhelper-validator-option 10ms (cache hit)
732 silly packumentCache full:https://registry.npmjs.org/@babel%2fhelper-validator-option set size:93967 disposed:false
733 http cache https://registry.npmjs.org/@babel%2fhelper-module-imports 10ms (cache hit)
734 silly packumentCache full:https://registry.npmjs.org/@babel%2fhelper-module-imports set size:195374 disposed:false
735 http cache https://registry.npmjs.org/@babel%2fhelper-globals 9ms (cache hit)
736 silly packumentCache full:https://registry.npmjs.org/@babel%2fhelper-globals set size:17325 disposed:false
737 http cache https://registry.npmjs.org/@babel%2fhelper-string-parser 9ms (cache hit)
738 silly packumentCache full:https://registry.npmjs.org/@babel%2fhelper-string-parser set size:83846 disposed:false
739 silly placeDep ROOT @babel/helper-validator-identifier@7.28.5 OK for: @babel/code-frame@7.29.0 want: ^7.28.5
740 silly placeDep ROOT js-tokens@4.0.0 OK for: @babel/code-frame@7.29.0 want: ^4.0.0
741 silly placeDep ROOT picocolors@1.1.1 OK for: @babel/code-frame@7.29.0 want: ^1.1.1
742 silly placeDep ROOT @jridgewell/gen-mapping@0.3.13 OK for: @babel/generator@7.29.1 want: ^0.3.12
743 silly placeDep ROOT @jridgewell/trace-mapping@0.3.31 OK for: @babel/generator@7.29.1 want: ^0.3.28
744 silly placeDep ROOT jsesc@3.1.0 OK for: @babel/generator@7.29.1 want: ^3.0.2
745 silly fetch manifest @jridgewell/sourcemap-codec@^1.5.0
746 silly packumentCache full:https://registry.npmjs.org/@jridgewell%2fsourcemap-codec cache-miss
747 silly fetch manifest @jridgewell/resolve-uri@^3.1.0
748 silly packumentCache full:https://registry.npmjs.org/@jridgewell%2fresolve-uri cache-miss
749 silly fetch manifest @jridgewell/sourcemap-codec@^1.4.14
750 silly packumentCache full:https://registry.npmjs.org/@jridgewell%2fsourcemap-codec cache-miss
751 http cache https://registry.npmjs.org/@jridgewell%2fresolve-uri 2ms (cache hit)
752 silly packumentCache full:https://registry.npmjs.org/@jridgewell%2fresolve-uri set size:57361 disposed:false
753 http cache https://registry.npmjs.org/@jridgewell%2fsourcemap-codec 3ms (cache hit)
754 silly packumentCache full:https://registry.npmjs.org/@jridgewell%2fsourcemap-codec set size:59275 disposed:false
755 http cache https://registry.npmjs.org/@jridgewell%2fsourcemap-codec 3ms (cache hit)
756 silly packumentCache full:https://registry.npmjs.org/@jridgewell%2fsourcemap-codec set size:59275 disposed:false
757 silly packumentCache full:https://registry.npmjs.org/@jridgewell%2fsourcemap-codec dispose
758 silly placeDep ROOT @babel/compat-data@7.29.0 OK for: @babel/helper-compilation-targets@7.28.6 want: ^7.28.6
759 silly placeDep ROOT @babel/helper-validator-option@7.27.1 OK for: @babel/helper-compilation-targets@7.28.6 want: ^7.27.1
760 silly placeDep ROOT browserslist@4.28.2 OK for: @babel/helper-compilation-targets@7.28.6 want: ^4.24.0
761 silly placeDep ROOT lru-cache@5.1.1 OK for: @babel/helper-compilation-targets@7.28.6 want: ^5.1.1
762 silly placeDep node_modules/@babel/helper-compilation-targets semver@6.3.1 OK for: @babel/helper-compilation-targets@7.28.6 want: ^6.3.1
763 silly fetch manifest baseline-browser-mapping@^2.10.12
764 silly packumentCache full:https://registry.npmjs.org/baseline-browser-mapping cache-miss
765 silly fetch manifest caniuse-lite@^1.0.30001782
766 silly packumentCache full:https://registry.npmjs.org/caniuse-lite cache-miss
767 silly fetch manifest electron-to-chromium@^1.5.328
768 silly packumentCache full:https://registry.npmjs.org/electron-to-chromium cache-miss
769 silly fetch manifest node-releases@^2.0.36
770 silly packumentCache full:https://registry.npmjs.org/node-releases cache-miss
771 silly fetch manifest update-browserslist-db@^1.2.3
772 silly packumentCache full:https://registry.npmjs.org/update-browserslist-db cache-miss
773 silly fetch manifest yallist@^3.0.2
774 silly packumentCache full:https://registry.npmjs.org/yallist cache-miss
775 http cache https://registry.npmjs.org/caniuse-lite 4ms (cache hit)
776 silly packumentCache full:https://registry.npmjs.org/caniuse-lite set size:2289092 disposed:false
777 http cache https://registry.npmjs.org/update-browserslist-db 9ms (cache hit)
778 silly packumentCache full:https://registry.npmjs.org/update-browserslist-db set size:62000 disposed:false
779 http cache https://registry.npmjs.org/electron-to-chromium 15ms (cache hit)
780 silly packumentCache full:https://registry.npmjs.org/electron-to-chromium set size:4771954 disposed:false
781 http cache https://registry.npmjs.org/baseline-browser-mapping 44ms (cache hit)
782 silly packumentCache full:https://registry.npmjs.org/baseline-browser-mapping set size:463617 disposed:false
783 http cache https://registry.npmjs.org/yallist 46ms (cache hit)
784 silly packumentCache full:https://registry.npmjs.org/yallist set size:34610 disposed:false
785 http cache https://registry.npmjs.org/node-releases 47ms (cache hit)
786 silly packumentCache full:https://registry.npmjs.org/node-releases set size:273586 disposed:false
787 silly placeDep ROOT @babel/helper-module-imports@7.28.6 OK for: @babel/helper-module-transforms@7.28.6 want: ^7.28.6
788 silly placeDep ROOT @babel/helper-plugin-utils@7.28.6 OK for: @babel/plugin-transform-react-jsx-self@7.27.1 want: ^7.27.1
789 silly placeDep ROOT @babel/helper-globals@7.28.0 OK for: @babel/traverse@7.29.0 want: ^7.28.0
790 silly placeDep ROOT @babel/helper-string-parser@7.27.1 OK for: @babel/types@7.29.0 want: ^7.27.1
791 silly placeDep ROOT @jridgewell/sourcemap-codec@1.5.5 OK for: @jridgewell/gen-mapping@0.3.13 want: ^1.5.0
792 silly placeDep ROOT @jridgewell/resolve-uri@3.1.2 OK for: @jridgewell/trace-mapping@0.3.31 want: ^3.1.0
793 silly placeDep ROOT @types/babel__generator@7.27.0 OK for: @types/babel__core@7.20.5 want: *
794 silly placeDep ROOT @types/babel__template@7.4.4 OK for: @types/babel__core@7.20.5 want: *
795 silly placeDep ROOT @types/babel__traverse@7.28.0 OK for: @types/babel__core@7.20.5 want: *
796 silly placeDep ROOT caniuse-lite@1.0.30001791 OK for: autoprefixer@10.5.0 want: ^1.0.30001787
797 silly placeDep ROOT fraction.js@5.3.4 OK for: autoprefixer@10.5.0 want: ^5.3.4
798 silly placeDep ROOT postcss-value-parser@4.2.0 OK for: autoprefixer@10.5.0 want: ^4.2.0
799 silly fetch manifest browserslist@>= 4.21.0
800 silly packumentCache full:https://registry.npmjs.org/browserslist cache-hit
801 silly placeDep ROOT baseline-browser-mapping@2.10.24 OK for: browserslist@4.28.2 want: ^2.10.12
802 silly placeDep ROOT electron-to-chromium@1.5.345 OK for: browserslist@4.28.2 want: ^1.5.328
803 silly placeDep ROOT node-releases@2.0.38 OK for: browserslist@4.28.2 want: ^2.0.36
804 silly placeDep ROOT update-browserslist-db@1.2.3 OK for: browserslist@4.28.2 want: ^1.2.3
805 silly fetch manifest escalade@^3.2.0
806 silly packumentCache full:https://registry.npmjs.org/escalade cache-miss
807 http cache https://registry.npmjs.org/escalade 2ms (cache hit)
808 silly packumentCache full:https://registry.npmjs.org/escalade set size:33724 disposed:false
809 silly placeDep ROOT ms@2.1.3 OK for: debug@4.4.3 want: ^2.1.3
810 silly placeDep ROOT @eslint/eslintrc@2.1.4 OK for: eslint@8.57.1 want: ^2.1.4
811 silly placeDep ROOT @eslint/js@8.57.1 OK for: eslint@8.57.1 want: 8.57.1
812 silly placeDep ROOT @humanwhocodes/config-array@0.13.0 OK for: eslint@8.57.1 want: ^0.13.0
813 silly placeDep ROOT @humanwhocodes/module-importer@1.0.1 OK for: eslint@8.57.1 want: ^1.0.1
814 silly placeDep ROOT @nodelib/fs.walk@1.2.8 OK for: eslint@8.57.1 want: ^1.2.8
815 silly placeDep ROOT @ungap/structured-clone@1.3.0 OK for: eslint@8.57.1 want: ^1.2.0
816 silly placeDep ROOT ajv@6.15.0 OK for: eslint@8.57.1 want: ^6.12.4
817 silly placeDep ROOT chalk@4.1.2 OK for: eslint@8.57.1 want: ^4.0.0
818 silly placeDep ROOT cross-spawn@7.0.6 OK for: eslint@8.57.1 want: ^7.0.2
819 silly placeDep ROOT doctrine@3.0.0 OK for: eslint@8.57.1 want: ^3.0.0
820 silly placeDep ROOT escape-string-regexp@4.0.0 OK for: eslint@8.57.1 want: ^4.0.0
821 silly placeDep ROOT eslint-scope@7.2.2 OK for: eslint@8.57.1 want: ^7.2.2
822 silly placeDep ROOT espree@9.6.1 OK for: eslint@8.57.1 want: ^9.6.1
823 silly placeDep ROOT esquery@1.7.0 OK for: eslint@8.57.1 want: ^1.4.2
824 silly placeDep ROOT esutils@2.0.3 OK for: eslint@8.57.1 want: ^2.0.2
825 silly placeDep ROOT fast-deep-equal@3.1.3 OK for: eslint@8.57.1 want: ^3.1.3
826 silly placeDep ROOT file-entry-cache@6.0.1 OK for: eslint@8.57.1 want: ^6.0.1
827 silly placeDep ROOT find-up@5.0.0 OK for: eslint@8.57.1 want: ^5.0.0
828 silly placeDep ROOT glob-parent@6.0.2 OK for: eslint@8.57.1 want: ^6.0.2
829 silly placeDep ROOT globals@13.24.0 OK for: eslint@8.57.1 want: ^13.19.0
830 silly placeDep ROOT imurmurhash@0.1.4 OK for: eslint@8.57.1 want: ^0.1.4
831 silly placeDep ROOT is-path-inside@3.0.3 OK for: eslint@8.57.1 want: ^3.0.3
832 silly placeDep ROOT js-yaml@4.1.1 OK for: eslint@8.57.1 want: ^4.1.0
833 silly placeDep ROOT json-stable-stringify-without-jsonify@1.0.1 OK for: eslint@8.57.1 want: ^1.0.1
834 silly placeDep ROOT levn@0.4.1 OK for: eslint@8.57.1 want: ^0.4.1
835 silly placeDep ROOT lodash.merge@4.6.2 OK for: eslint@8.57.1 want: ^4.6.2
836 silly placeDep node_modules/eslint minimatch@3.1.5 OK for: eslint@8.57.1 want: ^3.1.2
837 silly placeDep ROOT optionator@0.9.4 OK for: eslint@8.57.1 want: ^0.9.3
838 silly placeDep ROOT strip-ansi@6.0.1 OK for: eslint@8.57.1 want: ^6.0.1
839 silly placeDep ROOT text-table@0.2.0 OK for: eslint@8.57.1 want: ^0.2.0
840 silly fetch manifest espree@^9.6.0
841 silly packumentCache full:https://registry.npmjs.org/espree cache-hit
842 silly fetch manifest import-fresh@^3.2.1
843 silly packumentCache full:https://registry.npmjs.org/import-fresh cache-miss
844 silly fetch manifest strip-json-comments@^3.1.1
845 silly packumentCache full:https://registry.npmjs.org/strip-json-comments cache-miss
846 silly fetch manifest minimatch@^3.0.5
847 silly packumentCache full:https://registry.npmjs.org/minimatch cache-hit
848 silly fetch manifest @humanwhocodes/object-schema@^2.0.3
849 silly packumentCache full:https://registry.npmjs.org/@humanwhocodes%2fobject-schema cache-miss
850 silly fetch manifest fastq@^1.6.0
851 silly packumentCache full:https://registry.npmjs.org/fastq cache-miss
852 silly fetch manifest @nodelib/fs.scandir@2.1.5
853 silly packumentCache full:https://registry.npmjs.org/@nodelib%2ffs.scandir cache-miss
854 silly fetch manifest uri-js@^4.2.2
855 silly packumentCache full:https://registry.npmjs.org/uri-js cache-miss
856 silly fetch manifest fast-deep-equal@^3.1.1
857 silly packumentCache full:https://registry.npmjs.org/fast-deep-equal cache-hit
858 silly fetch manifest json-schema-traverse@^0.4.1
859 silly packumentCache full:https://registry.npmjs.org/json-schema-traverse cache-miss
860 http cache https://registry.npmjs.org/json-schema-traverse 3ms (cache hit)
861 silly packumentCache full:https://registry.npmjs.org/json-schema-traverse set size:23537 disposed:false
862 silly fetch manifest fast-json-stable-stringify@^2.0.0
863 silly packumentCache full:https://registry.npmjs.org/fast-json-stable-stringify cache-miss
864 http cache https://registry.npmjs.org/@nodelib%2ffs.scandir 4ms (cache hit)
865 silly packumentCache full:https://registry.npmjs.org/@nodelib%2ffs.scandir set size:49256 disposed:false
866 silly fetch manifest ansi-styles@^4.1.0
867 silly packumentCache full:https://registry.npmjs.org/ansi-styles cache-miss
868 http cache https://registry.npmjs.org/import-fresh 5ms (cache hit)
869 silly packumentCache full:https://registry.npmjs.org/import-fresh set size:24604 disposed:false
870 silly fetch manifest supports-color@^7.1.0
871 silly packumentCache full:https://registry.npmjs.org/supports-color cache-miss
872 http cache https://registry.npmjs.org/uri-js 4ms (cache hit)
873 silly packumentCache full:https://registry.npmjs.org/uri-js set size:42559 disposed:false
874 silly fetch manifest which@^2.0.1
875 silly packumentCache full:https://registry.npmjs.org/which cache-miss
876 http cache https://registry.npmjs.org/@humanwhocodes%2fobject-schema 6ms (cache hit)
877 silly packumentCache full:https://registry.npmjs.org/@humanwhocodes%2fobject-schema set size:30629 disposed:false
878 silly fetch manifest path-key@^3.1.0
879 silly packumentCache full:https://registry.npmjs.org/path-key cache-miss
880 http cache https://registry.npmjs.org/strip-json-comments 6ms (cache hit)
881 silly packumentCache full:https://registry.npmjs.org/strip-json-comments set size:43569 disposed:false
882 silly fetch manifest shebang-command@^2.0.0
883 silly packumentCache full:https://registry.npmjs.org/shebang-command cache-miss
884 http cache https://registry.npmjs.org/fastq 8ms (cache hit)
885 silly packumentCache full:https://registry.npmjs.org/fastq set size:78301 disposed:false
886 silly fetch manifest esrecurse@^4.3.0
887 silly packumentCache full:https://registry.npmjs.org/esrecurse cache-miss
888 http cache https://registry.npmjs.org/ansi-styles 6ms (cache hit)
889 silly packumentCache full:https://registry.npmjs.org/ansi-styles set size:63233 disposed:false
890 silly fetch manifest estraverse@^5.2.0
891 silly packumentCache full:https://registry.npmjs.org/estraverse cache-miss
892 http cache https://registry.npmjs.org/fast-json-stable-stringify 7ms (cache hit)
893 silly packumentCache full:https://registry.npmjs.org/fast-json-stable-stringify set size:11337 disposed:false
894 silly fetch manifest acorn@^8.9.0
895 silly packumentCache full:https://registry.npmjs.org/acorn cache-miss
896 http cache https://registry.npmjs.org/path-key 6ms (cache hit)
897 silly packumentCache full:https://registry.npmjs.org/path-key set size:16975 disposed:false
898 silly fetch manifest acorn-jsx@^5.3.2
899 silly packumentCache full:https://registry.npmjs.org/acorn-jsx cache-miss
900 http cache https://registry.npmjs.org/supports-color 7ms (cache hit)
901 silly packumentCache full:https://registry.npmjs.org/supports-color set size:118680 disposed:false
902 silly fetch manifest estraverse@^5.1.0
903 silly packumentCache full:https://registry.npmjs.org/estraverse cache-miss
904 http cache https://registry.npmjs.org/which 7ms (cache hit)
905 silly packumentCache full:https://registry.npmjs.org/which set size:67698 disposed:false
906 silly fetch manifest flat-cache@^3.0.4
907 silly packumentCache full:https://registry.npmjs.org/flat-cache cache-miss
908 http cache https://registry.npmjs.org/shebang-command 8ms (cache hit)
909 silly packumentCache full:https://registry.npmjs.org/shebang-command set size:8525 disposed:false
910 silly fetch manifest locate-path@^6.0.0
911 silly packumentCache full:https://registry.npmjs.org/locate-path cache-miss
912 http cache https://registry.npmjs.org/esrecurse 7ms (cache hit)
913 silly packumentCache full:https://registry.npmjs.org/esrecurse set size:29005 disposed:false
914 silly fetch manifest path-exists@^4.0.0
915 silly packumentCache full:https://registry.npmjs.org/path-exists cache-miss
916 http cache https://registry.npmjs.org/estraverse 8ms (cache hit)
917 silly packumentCache full:https://registry.npmjs.org/estraverse set size:62412 disposed:false
918 silly fetch manifest type-fest@^0.20.2
919 silly packumentCache full:https://registry.npmjs.org/type-fest cache-miss
920 http cache https://registry.npmjs.org/flat-cache 6ms (cache hit)
921 silly packumentCache full:https://registry.npmjs.org/flat-cache set size:169582 disposed:false
922 silly fetch manifest argparse@^2.0.1
923 silly packumentCache full:https://registry.npmjs.org/argparse cache-miss
924 http cache https://registry.npmjs.org/acorn 10ms (cache hit)
925 silly packumentCache full:https://registry.npmjs.org/acorn set size:379626 disposed:false
926 silly fetch manifest prelude-ls@^1.2.1
927 silly packumentCache full:https://registry.npmjs.org/prelude-ls cache-miss
928 http cache https://registry.npmjs.org/estraverse 10ms (cache hit)
929 silly packumentCache full:https://registry.npmjs.org/estraverse set size:62412 disposed:false
930 silly packumentCache full:https://registry.npmjs.org/estraverse dispose
931 silly fetch manifest type-check@~0.4.0
932 silly packumentCache full:https://registry.npmjs.org/type-check cache-miss
933 http cache https://registry.npmjs.org/acorn-jsx 11ms (cache hit)
934 silly packumentCache full:https://registry.npmjs.org/acorn-jsx set size:71068 disposed:false
935 silly fetch manifest brace-expansion@^1.1.7
936 silly packumentCache full:https://registry.npmjs.org/brace-expansion cache-hit
937 silly fetch manifest prelude-ls@^1.2.1
938 silly packumentCache full:https://registry.npmjs.org/prelude-ls cache-miss
939 http cache https://registry.npmjs.org/locate-path 10ms (cache hit)
940 silly packumentCache full:https://registry.npmjs.org/locate-path set size:31329 disposed:false
941 silly fetch manifest deep-is@^0.1.3
942 silly packumentCache full:https://registry.npmjs.org/deep-is cache-miss
943 http cache https://registry.npmjs.org/path-exists 11ms (cache hit)
944 silly packumentCache full:https://registry.npmjs.org/path-exists set size:13704 disposed:false
945 silly fetch manifest word-wrap@^1.2.5
946 silly packumentCache full:https://registry.npmjs.org/word-wrap cache-miss
947 http cache https://registry.npmjs.org/argparse 8ms (cache hit)
948 silly packumentCache full:https://registry.npmjs.org/argparse set size:49266 disposed:false
949 silly fetch manifest type-check@^0.4.0
950 silly packumentCache full:https://registry.npmjs.org/type-check cache-miss
951 http cache https://registry.npmjs.org/type-check 6ms (cache hit)
952 silly packumentCache full:https://registry.npmjs.org/type-check set size:21221 disposed:false
953 silly fetch manifest fast-levenshtein@^2.0.6
954 silly packumentCache full:https://registry.npmjs.org/fast-levenshtein cache-miss
955 http cache https://registry.npmjs.org/type-fest 10ms (cache hit)
956 silly packumentCache full:https://registry.npmjs.org/type-fest set size:560517 disposed:false
957 silly fetch manifest ansi-regex@^5.0.1
958 silly packumentCache full:https://registry.npmjs.org/ansi-regex cache-miss
959 http cache https://registry.npmjs.org/prelude-ls 8ms (cache hit)
960 silly packumentCache full:https://registry.npmjs.org/prelude-ls set size:25777 disposed:false
961 http cache https://registry.npmjs.org/prelude-ls 11ms (cache hit)
962 silly packumentCache full:https://registry.npmjs.org/prelude-ls set size:25777 disposed:false
963 silly packumentCache full:https://registry.npmjs.org/prelude-ls dispose
964 http cache https://registry.npmjs.org/deep-is 10ms (cache hit)
965 silly packumentCache full:https://registry.npmjs.org/deep-is set size:10205 disposed:false
966 http cache https://registry.npmjs.org/word-wrap 9ms (cache hit)
967 silly packumentCache full:https://registry.npmjs.org/word-wrap set size:37835 disposed:false
968 http cache https://registry.npmjs.org/type-check 8ms (cache hit)
969 silly packumentCache full:https://registry.npmjs.org/type-check set size:21221 disposed:false
970 silly packumentCache full:https://registry.npmjs.org/type-check dispose
971 http cache https://registry.npmjs.org/ansi-regex 6ms (cache hit)
972 silly packumentCache full:https://registry.npmjs.org/ansi-regex set size:43572 disposed:false
973 http cache https://registry.npmjs.org/fast-levenshtein 9ms (cache hit)
974 silly packumentCache full:https://registry.npmjs.org/fast-levenshtein set size:39317 disposed:false
975 silly placeDep ROOT import-fresh@3.3.1 OK for: @eslint/eslintrc@2.1.4 want: ^3.2.1
976 silly placeDep node_modules/@eslint/eslintrc minimatch@3.1.5 OK for: @eslint/eslintrc@2.1.4 want: ^3.1.2
977 silly placeDep ROOT strip-json-comments@3.1.1 OK for: @eslint/eslintrc@2.1.4 want: ^3.1.1
978 silly fetch manifest resolve-from@^4.0.0
979 silly packumentCache full:https://registry.npmjs.org/resolve-from cache-miss
980 silly fetch manifest parent-module@^1.0.0
981 silly packumentCache full:https://registry.npmjs.org/parent-module cache-miss
982 http cache https://registry.npmjs.org/resolve-from 3ms (cache hit)
983 silly packumentCache full:https://registry.npmjs.org/resolve-from set size:12911 disposed:false
984 http cache https://registry.npmjs.org/parent-module 3ms (cache hit)
985 silly packumentCache full:https://registry.npmjs.org/parent-module set size:18255 disposed:false
986 silly placeDep ROOT @humanwhocodes/object-schema@2.0.3 OK for: @humanwhocodes/config-array@0.13.0 want: ^2.0.3
987 silly placeDep node_modules/@humanwhocodes/config-array minimatch@3.1.5 OK for: @humanwhocodes/config-array@0.13.0 want: ^3.0.5
988 silly placeDep ROOT @nodelib/fs.scandir@2.1.5 OK for: @nodelib/fs.walk@1.2.8 want: 2.1.5
989 silly placeDep ROOT fastq@1.20.1 OK for: @nodelib/fs.walk@1.2.8 want: ^1.6.0
990 silly fetch manifest run-parallel@^1.1.9
991 silly packumentCache full:https://registry.npmjs.org/run-parallel cache-miss
992 silly fetch manifest @nodelib/fs.stat@2.0.5
993 silly packumentCache full:https://registry.npmjs.org/@nodelib%2ffs.stat cache-miss
994 silly fetch manifest reusify@^1.0.4
995 silly packumentCache full:https://registry.npmjs.org/reusify cache-miss
996 http cache https://registry.npmjs.org/@nodelib%2ffs.stat 2ms (cache hit)
997 silly packumentCache full:https://registry.npmjs.org/@nodelib%2ffs.stat set size:36993 disposed:false
998 http cache https://registry.npmjs.org/reusify 2ms (cache hit)
999 silly packumentCache full:https://registry.npmjs.org/reusify set size:14249 disposed:false
1000 http cache https://registry.npmjs.org/run-parallel 3ms (cache hit)
1001 silly packumentCache full:https://registry.npmjs.org/run-parallel set size:35172 disposed:false
1002 silly placeDep ROOT @nodelib/fs.stat@2.0.5 OK for: @nodelib/fs.scandir@2.1.5 want: 2.0.5
1003 silly placeDep ROOT run-parallel@1.2.0 OK for: @nodelib/fs.scandir@2.1.5 want: ^1.1.9
1004 silly fetch manifest queue-microtask@^1.2.2
1005 silly packumentCache full:https://registry.npmjs.org/queue-microtask cache-miss
1006 http cache https://registry.npmjs.org/queue-microtask 2ms (cache hit)
1007 silly packumentCache full:https://registry.npmjs.org/queue-microtask set size:36088 disposed:false
1008 silly placeDep ROOT fast-json-stable-stringify@2.1.0 OK for: ajv@6.15.0 want: ^2.0.0
1009 silly placeDep ROOT json-schema-traverse@0.4.1 OK for: ajv@6.15.0 want: ^0.4.1
1010 silly placeDep ROOT uri-js@4.4.1 OK for: ajv@6.15.0 want: ^4.2.2
1011 silly fetch manifest punycode@^2.1.0
1012 silly packumentCache full:https://registry.npmjs.org/punycode cache-miss
1013 http cache https://registry.npmjs.org/punycode 1ms (cache hit)
1014 silly packumentCache full:https://registry.npmjs.org/punycode set size:61278 disposed:false
1015 silly placeDep ROOT ansi-styles@4.3.0 OK for: chalk@4.1.2 want: ^4.1.0
1016 silly placeDep ROOT supports-color@7.2.0 OK for: chalk@4.1.2 want: ^7.1.0
1017 silly fetch manifest color-convert@^2.0.1
1018 silly packumentCache full:https://registry.npmjs.org/color-convert cache-miss
1019 silly fetch manifest has-flag@^4.0.0
1020 silly packumentCache full:https://registry.npmjs.org/has-flag cache-miss
1021 http cache https://registry.npmjs.org/color-convert 1ms (cache hit)
1022 silly packumentCache full:https://registry.npmjs.org/color-convert set size:72663 disposed:false
1023 http cache https://registry.npmjs.org/has-flag 1ms (cache hit)
1024 silly packumentCache full:https://registry.npmjs.org/has-flag set size:15180 disposed:false
1025 silly placeDep ROOT color-convert@2.0.1 OK for: ansi-styles@4.3.0 want: ^2.0.1
1026 silly fetch manifest color-name@~1.1.4
1027 silly packumentCache full:https://registry.npmjs.org/color-name cache-miss
1028 http cache https://registry.npmjs.org/color-name 1ms (cache hit)
1029 silly packumentCache full:https://registry.npmjs.org/color-name set size:19467 disposed:false
1030 silly placeDep ROOT color-name@1.1.4 OK for: color-convert@2.0.1 want: ~1.1.4
1031 silly placeDep ROOT path-key@3.1.1 OK for: cross-spawn@7.0.6 want: ^3.1.0
1032 silly placeDep ROOT shebang-command@2.0.0 OK for: cross-spawn@7.0.6 want: ^2.0.0
1033 silly placeDep ROOT which@2.0.2 OK for: cross-spawn@7.0.6 want: ^2.0.1
1034 silly fetch manifest shebang-regex@^3.0.0
1035 silly packumentCache full:https://registry.npmjs.org/shebang-regex cache-miss
1036 silly fetch manifest isexe@^2.0.0
1037 silly packumentCache full:https://registry.npmjs.org/isexe cache-miss
1038 http cache https://registry.npmjs.org/shebang-regex 1ms (cache hit)
1039 silly packumentCache full:https://registry.npmjs.org/shebang-regex set size:9763 disposed:false
1040 http cache https://registry.npmjs.org/isexe 1ms (cache hit)
1041 silly packumentCache full:https://registry.npmjs.org/isexe set size:31756 disposed:false
1042 silly placeDep ROOT esrecurse@4.3.0 OK for: eslint-scope@7.2.2 want: ^4.3.0
1043 silly placeDep ROOT estraverse@5.3.0 OK for: eslint-scope@7.2.2 want: ^5.2.0
1044 silly placeDep ROOT acorn@8.16.0 OK for: espree@9.6.1 want: ^8.9.0
1045 silly placeDep ROOT acorn-jsx@5.3.2 OK for: espree@9.6.1 want: ^5.3.2
1046 silly placeDep ROOT reusify@1.1.0 OK for: fastq@1.20.1 want: ^1.0.4
1047 silly placeDep ROOT flat-cache@3.2.0 OK for: file-entry-cache@6.0.1 want: ^3.0.4
1048 silly fetch manifest keyv@^4.5.3
1049 silly packumentCache full:https://registry.npmjs.org/keyv cache-miss
1050 silly fetch manifest rimraf@^3.0.2
1051 silly packumentCache full:https://registry.npmjs.org/rimraf cache-miss
1052 silly fetch manifest flatted@^3.2.9
1053 silly packumentCache full:https://registry.npmjs.org/flatted cache-miss
1054 http cache https://registry.npmjs.org/flatted 2ms (cache hit)
1055 silly packumentCache full:https://registry.npmjs.org/flatted set size:137347 disposed:false
1056 http cache https://registry.npmjs.org/keyv 4ms (cache hit)
1057 silly packumentCache full:https://registry.npmjs.org/keyv set size:215840 disposed:false
1058 http cache https://registry.npmjs.org/rimraf 5ms (cache hit)
1059 silly packumentCache full:https://registry.npmjs.org/rimraf set size:212626 disposed:false
1060 silly placeDep ROOT locate-path@6.0.0 OK for: find-up@5.0.0 want: ^6.0.0
1061 silly placeDep ROOT path-exists@4.0.0 OK for: find-up@5.0.0 want: ^4.0.0
1062 silly fetch manifest p-locate@^5.0.0
1063 silly packumentCache full:https://registry.npmjs.org/p-locate cache-miss
1064 http cache https://registry.npmjs.org/p-locate 2ms (cache hit)
1065 silly packumentCache full:https://registry.npmjs.org/p-locate set size:22488 disposed:false
1066 silly placeDep ROOT flatted@3.4.2 OK for: flat-cache@3.2.0 want: ^3.2.9
1067 silly placeDep ROOT keyv@4.5.4 OK for: flat-cache@3.2.0 want: ^4.5.3
1068 silly placeDep ROOT rimraf@3.0.2 OK for: flat-cache@3.2.0 want: ^3.0.2
1069 silly fetch manifest json-buffer@3.0.1
1070 silly packumentCache full:https://registry.npmjs.org/json-buffer cache-miss
1071 silly fetch manifest glob@^7.1.3
1072 silly packumentCache full:https://registry.npmjs.org/glob cache-miss
1073 http cache https://registry.npmjs.org/json-buffer 1ms (cache hit)
1074 silly packumentCache full:https://registry.npmjs.org/json-buffer set size:23474 disposed:false
1075 http cache https://registry.npmjs.org/glob 2ms (cache hit)
1076 silly packumentCache full:https://registry.npmjs.org/glob set size:469465 disposed:false
1077 silly placeDep ROOT type-fest@0.20.2 OK for: globals@13.24.0 want: ^0.20.2
1078 silly placeDep ROOT array-union@2.1.0 OK for: globby@11.1.0 want: ^2.1.0
1079 silly placeDep ROOT dir-glob@3.0.1 OK for: globby@11.1.0 want: ^3.0.1
1080 silly placeDep ROOT fast-glob@3.3.3 OK for: globby@11.1.0 want: ^3.2.9
1081 silly placeDep ROOT merge2@1.4.1 OK for: globby@11.1.0 want: ^1.4.1
1082 silly placeDep ROOT slash@3.0.0 OK for: globby@11.1.0 want: ^3.0.0
1083 silly fetch manifest path-type@^4.0.0
1084 silly packumentCache full:https://registry.npmjs.org/path-type cache-miss
1085 silly fetch manifest glob-parent@^5.1.2
1086 silly packumentCache full:https://registry.npmjs.org/glob-parent cache-hit
1087 silly fetch manifest merge2@^1.3.0
1088 silly packumentCache full:https://registry.npmjs.org/merge2 cache-hit
1089 http cache https://registry.npmjs.org/path-type 7ms (cache hit)
1090 silly packumentCache full:https://registry.npmjs.org/path-type set size:15341 disposed:false
1091 silly placeDep ROOT path-type@4.0.0 OK for: dir-glob@3.0.1 want: ^4.0.0
1092 silly placeDep node_modules/fast-glob glob-parent@5.1.2 OK for: fast-glob@3.3.3 want: ^5.1.2
1093 silly placeDep ROOT micromatch@4.0.8 OK for: fast-glob@3.3.3 want: ^4.0.8
1094 silly fetch manifest braces@^3.0.3
1095 silly packumentCache full:https://registry.npmjs.org/braces cache-miss
1096 silly fetch manifest picomatch@^2.3.1
1097 silly packumentCache full:https://registry.npmjs.org/picomatch cache-miss
1098 http cache https://registry.npmjs.org/braces 1ms (cache hit)
1099 silly packumentCache full:https://registry.npmjs.org/braces set size:114529 disposed:false
1100 http cache https://registry.npmjs.org/picomatch 2ms (cache hit)
1101 silly packumentCache full:https://registry.npmjs.org/picomatch set size:126376 disposed:false
1102 silly placeDep ROOT parent-module@1.0.1 OK for: import-fresh@3.3.1 want: ^1.0.0
1103 silly placeDep ROOT resolve-from@4.0.0 OK for: import-fresh@3.3.1 want: ^4.0.0
1104 silly fetch manifest callsites@^3.0.0
1105 silly packumentCache full:https://registry.npmjs.org/callsites cache-miss
1106 http cache https://registry.npmjs.org/callsites 2ms (cache hit)
1107 silly packumentCache full:https://registry.npmjs.org/callsites set size:21349 disposed:false
1108 silly placeDep ROOT is-extglob@2.1.1 OK for: is-glob@4.0.3 want: ^2.1.1
1109 silly placeDep ROOT argparse@2.0.1 OK for: js-yaml@4.1.1 want: ^2.0.1
1110 silly placeDep ROOT json-buffer@3.0.1 OK for: keyv@4.5.4 want: 3.0.1
1111 silly placeDep ROOT prelude-ls@1.2.1 OK for: levn@0.4.1 want: ^1.2.1
1112 silly placeDep ROOT type-check@0.4.0 OK for: levn@0.4.1 want: ~0.4.0
1113 silly placeDep ROOT p-locate@5.0.0 OK for: locate-path@6.0.0 want: ^5.0.0
1114 silly fetch manifest p-limit@^3.0.2
1115 silly packumentCache full:https://registry.npmjs.org/p-limit cache-miss
1116 http cache https://registry.npmjs.org/p-limit 1ms (cache hit)
1117 silly packumentCache full:https://registry.npmjs.org/p-limit set size:61867 disposed:false
1118 silly placeDep ROOT yallist@3.1.1 OK for: lru-cache@5.1.1 want: ^3.0.2
1119 silly placeDep ROOT braces@3.0.3 OK for: micromatch@4.0.8 want: ^3.0.3
1120 silly placeDep ROOT picomatch@2.3.2 OK for: micromatch@4.0.8 want: ^2.3.1
1121 silly fetch manifest fill-range@^7.1.1
1122 silly packumentCache full:https://registry.npmjs.org/fill-range cache-miss
1123 http cache https://registry.npmjs.org/fill-range 1ms (cache hit)
1124 silly packumentCache full:https://registry.npmjs.org/fill-range set size:90212 disposed:false
1125 silly placeDep ROOT fill-range@7.1.1 OK for: braces@3.0.3 want: ^7.1.1
1126 silly fetch manifest to-regex-range@^5.0.1
1127 silly packumentCache full:https://registry.npmjs.org/to-regex-range cache-miss
1128 http cache https://registry.npmjs.org/to-regex-range 2ms (cache hit)
1129 silly packumentCache full:https://registry.npmjs.org/to-regex-range set size:61569 disposed:false
1130 silly placeDep ROOT to-regex-range@5.0.1 OK for: fill-range@7.1.1 want: ^5.0.1
1131 silly fetch manifest is-number@^7.0.0
1132 silly packumentCache full:https://registry.npmjs.org/is-number cache-miss
1133 http cache https://registry.npmjs.org/is-number 1ms (cache hit)
1134 silly packumentCache full:https://registry.npmjs.org/is-number set size:36183 disposed:false
1135 silly placeDep ROOT brace-expansion@2.1.0 OK for: minimatch@9.0.3 want: ^2.0.1
1136 silly fetch manifest balanced-match@^1.0.0
1137 silly packumentCache full:https://registry.npmjs.org/balanced-match cache-miss
1138 http cache https://registry.npmjs.org/balanced-match 1ms (cache hit)
1139 silly packumentCache full:https://registry.npmjs.org/balanced-match set size:39082 disposed:false
1140 silly placeDep ROOT balanced-match@1.0.2 OK for: brace-expansion@2.1.0 want: ^1.0.0
1141 silly placeDep ROOT deep-is@0.1.4 OK for: optionator@0.9.4 want: ^0.1.3
1142 silly placeDep ROOT fast-levenshtein@2.0.6 OK for: optionator@0.9.4 want: ^2.0.6
1143 silly placeDep ROOT word-wrap@1.2.5 OK for: optionator@0.9.4 want: ^1.2.5
1144 silly placeDep ROOT p-limit@3.1.0 OK for: p-locate@5.0.0 want: ^3.0.2
1145 silly fetch manifest yocto-queue@^0.1.0
1146 silly packumentCache full:https://registry.npmjs.org/yocto-queue cache-miss
1147 http cache https://registry.npmjs.org/yocto-queue 1ms (cache hit)
1148 silly packumentCache full:https://registry.npmjs.org/yocto-queue set size:20256 disposed:false
1149 silly placeDep ROOT yocto-queue@0.1.0 OK for: p-limit@3.1.0 want: ^0.1.0
1150 silly placeDep ROOT callsites@3.1.0 OK for: parent-module@1.0.1 want: ^3.0.0
1151 silly placeDep ROOT nanoid@3.3.11 OK for: postcss@8.5.12 want: ^3.3.11
1152 silly placeDep ROOT source-map-js@1.2.1 OK for: postcss@8.5.12 want: ^1.2.1
1153 silly placeDep ROOT loose-envify@1.4.0 OK for: react@18.3.1 want: ^1.1.0
1154 silly placeDep ROOT scheduler@0.23.2 OK for: react-dom@18.3.1 want: ^0.23.2
1155 silly placeDep ROOT glob@7.2.3 OK for: rimraf@3.0.2 want: ^7.1.3
1156 silly fetch manifest once@^1.3.0
1157 silly packumentCache full:https://registry.npmjs.org/once cache-miss
1158 silly fetch manifest inflight@^1.0.4
1159 silly packumentCache full:https://registry.npmjs.org/inflight cache-miss
1160 silly fetch manifest inherits@2
1161 silly packumentCache full:https://registry.npmjs.org/inherits cache-miss
1162 silly fetch manifest minimatch@^3.1.1
1163 silly packumentCache full:https://registry.npmjs.org/minimatch cache-hit
1164 silly fetch manifest fs.realpath@^1.0.0
1165 silly packumentCache full:https://registry.npmjs.org/fs.realpath cache-miss
1166 silly fetch manifest path-is-absolute@^1.0.0
1167 silly packumentCache full:https://registry.npmjs.org/path-is-absolute cache-miss
1168 http cache https://registry.npmjs.org/inflight 2ms (cache hit)
1169 silly packumentCache full:https://registry.npmjs.org/inflight set size:13140 disposed:false
1170 http cache https://registry.npmjs.org/inherits 3ms (cache hit)
1171 silly packumentCache full:https://registry.npmjs.org/inherits set size:12925 disposed:false
1172 http cache https://registry.npmjs.org/path-is-absolute 2ms (cache hit)
1173 silly packumentCache full:https://registry.npmjs.org/path-is-absolute set size:8253 disposed:false
1174 http cache https://registry.npmjs.org/fs.realpath 2ms (cache hit)
1175 silly packumentCache full:https://registry.npmjs.org/fs.realpath set size:4806 disposed:false
1176 http cache https://registry.npmjs.org/once 3ms (cache hit)
1177 silly packumentCache full:https://registry.npmjs.org/once set size:11752 disposed:false
1178 silly placeDep ROOT fs.realpath@1.0.0 OK for: glob@7.2.3 want: ^1.0.0
1179 silly placeDep ROOT inflight@1.0.6 OK for: glob@7.2.3 want: ^1.0.4
1180 silly placeDep ROOT inherits@2.0.4 OK for: glob@7.2.3 want: 2
1181 silly placeDep node_modules/glob minimatch@3.1.5 OK for: glob@7.2.3 want: ^3.1.1
1182 silly placeDep ROOT once@1.4.0 OK for: glob@7.2.3 want: ^1.3.0
1183 silly placeDep ROOT path-is-absolute@1.0.1 OK for: glob@7.2.3 want: ^1.0.0
1184 silly fetch manifest wrappy@1
1185 silly packumentCache full:https://registry.npmjs.org/wrappy cache-miss
1186 silly fetch manifest wrappy@1
1187 silly packumentCache full:https://registry.npmjs.org/wrappy cache-miss
1188 http cache https://registry.npmjs.org/wrappy 2ms (cache hit)
1189 silly packumentCache full:https://registry.npmjs.org/wrappy set size:7682 disposed:false
1190 http cache https://registry.npmjs.org/wrappy 2ms (cache hit)
1191 silly packumentCache full:https://registry.npmjs.org/wrappy set size:7682 disposed:false
1192 silly packumentCache full:https://registry.npmjs.org/wrappy dispose
1193 silly placeDep ROOT wrappy@1.0.2 OK for: inflight@1.0.6 want: 1
1194 silly placeDep ROOT queue-microtask@1.2.3 OK for: run-parallel@1.2.0 want: ^1.2.2
1195 silly placeDep ROOT shebang-regex@3.0.0 OK for: shebang-command@2.0.0 want: ^3.0.0
1196 silly placeDep ROOT ansi-regex@5.0.1 OK for: strip-ansi@6.0.1 want: ^5.0.1
1197 silly placeDep ROOT has-flag@4.0.0 OK for: supports-color@7.2.0 want: ^4.0.0
1198 silly fetch manifest postcss@^8.4.47
1199 silly packumentCache full:https://registry.npmjs.org/postcss cache-hit
1200 silly fetch manifest tsx@^4.8.1
1201 silly packumentCache full:https://registry.npmjs.org/tsx cache-miss
1202 http cache https://registry.npmjs.org/tsx 2ms (cache hit)
1203 silly packumentCache full:https://registry.npmjs.org/tsx set size:289592 disposed:false
1204 silly fetch manifest yaml@^2.4.2
1205 silly packumentCache full:https://registry.npmjs.org/yaml cache-miss
1206 http cache https://registry.npmjs.org/yaml 2ms (cache hit)
1207 silly packumentCache full:https://registry.npmjs.org/yaml set size:375230 disposed:false
1208 silly placeDep ROOT @alloc/quick-lru@5.2.0 OK for: tailwindcss@3.4.19 want: ^5.2.0
1209 silly placeDep ROOT arg@5.0.2 OK for: tailwindcss@3.4.19 want: ^5.0.2
1210 silly placeDep ROOT chokidar@3.6.0 OK for: tailwindcss@3.4.19 want: ^3.6.0
1211 silly placeDep ROOT didyoumean@1.2.2 OK for: tailwindcss@3.4.19 want: ^1.2.2
1212 silly placeDep ROOT dlv@1.1.3 OK for: tailwindcss@3.4.19 want: ^1.1.3
1213 silly placeDep ROOT jiti@1.21.7 OK for: tailwindcss@3.4.19 want: ^1.21.7
1214 silly placeDep ROOT lilconfig@3.1.3 OK for: tailwindcss@3.4.19 want: ^3.1.3
1215 silly placeDep ROOT normalize-path@3.0.0 OK for: tailwindcss@3.4.19 want: ^3.0.0
1216 silly placeDep ROOT object-hash@3.0.0 OK for: tailwindcss@3.4.19 want: ^3.0.0
1217 silly placeDep ROOT postcss-import@15.1.0 OK for: tailwindcss@3.4.19 want: ^15.1.0
1218 silly placeDep ROOT postcss-js@4.1.0 OK for: tailwindcss@3.4.19 want: ^4.0.1
1219 silly placeDep ROOT postcss-load-config@6.0.1 OK for: tailwindcss@3.4.19 want: ^4.0.2 || ^5.0 || ^6.0
1220 silly placeDep ROOT postcss-nested@6.2.0 OK for: tailwindcss@3.4.19 want: ^6.2.0
1221 silly placeDep ROOT postcss-selector-parser@6.1.2 OK for: tailwindcss@3.4.19 want: ^6.1.2
1222 silly placeDep ROOT resolve@1.22.12 OK for: tailwindcss@3.4.19 want: ^1.22.8
1223 silly placeDep ROOT sucrase@3.35.1 OK for: tailwindcss@3.4.19 want: ^3.35.0
1224 silly fetch manifest anymatch@~3.1.2
1225 silly packumentCache full:https://registry.npmjs.org/anymatch cache-miss
1226 silly fetch manifest readdirp@~3.6.0
1227 silly packumentCache full:https://registry.npmjs.org/readdirp cache-miss
1228 silly fetch manifest glob-parent@~5.1.2
1229 silly packumentCache full:https://registry.npmjs.org/glob-parent cache-hit
1230 silly fetch manifest is-binary-path@~2.1.0
1231 silly packumentCache full:https://registry.npmjs.org/is-binary-path cache-miss
1232 silly fetch manifest normalize-path@~3.0.0
1233 silly packumentCache full:https://registry.npmjs.org/normalize-path cache-hit
1234 silly fetch manifest fsevents@~2.3.2
1235 silly packumentCache full:https://registry.npmjs.org/fsevents cache-hit
1236 silly fetch manifest resolve@^1.1.7
1237 silly packumentCache full:https://registry.npmjs.org/resolve cache-hit
1238 silly fetch manifest read-cache@^1.0.0
1239 silly packumentCache full:https://registry.npmjs.org/read-cache cache-miss
1240 silly fetch manifest camelcase-css@^2.0.1
1241 silly packumentCache full:https://registry.npmjs.org/camelcase-css cache-miss
1242 silly fetch manifest postcss-selector-parser@^6.1.1
1243 silly packumentCache full:https://registry.npmjs.org/postcss-selector-parser cache-hit
1244 silly fetch manifest cssesc@^3.0.0
1245 silly packumentCache full:https://registry.npmjs.org/cssesc cache-miss
1246 silly fetch manifest util-deprecate@^1.0.2
1247 silly packumentCache full:https://registry.npmjs.org/util-deprecate cache-miss
1248 http cache https://registry.npmjs.org/read-cache 2ms (cache hit)
1249 silly packumentCache full:https://registry.npmjs.org/read-cache set size:3003 disposed:false
1250 silly fetch manifest es-errors@^1.3.0
1251 silly packumentCache full:https://registry.npmjs.org/es-errors cache-miss
1252 http cache https://registry.npmjs.org/is-binary-path 3ms (cache hit)
1253 silly packumentCache full:https://registry.npmjs.org/is-binary-path set size:13475 disposed:false
1254 silly fetch manifest is-core-module@^2.16.1
1255 silly packumentCache full:https://registry.npmjs.org/is-core-module cache-miss
1256 http cache https://registry.npmjs.org/anymatch 4ms (cache hit)
1257 silly packumentCache full:https://registry.npmjs.org/anymatch set size:42974 disposed:false
1258 silly fetch manifest path-parse@^1.0.7
1259 silly packumentCache full:https://registry.npmjs.org/path-parse cache-miss
1260 http cache https://registry.npmjs.org/readdirp 4ms (cache hit)
1261 silly packumentCache full:https://registry.npmjs.org/readdirp set size:107589 disposed:false
1262 silly fetch manifest supports-preserve-symlinks-flag@^1.0.0
1263 silly packumentCache full:https://registry.npmjs.org/supports-preserve-symlinks-flag cache-miss
1264 http cache https://registry.npmjs.org/camelcase-css 5ms (cache hit)
1265 silly packumentCache full:https://registry.npmjs.org/camelcase-css set size:9392 disposed:false
1266 silly fetch manifest commander@^4.0.0
1267 silly packumentCache full:https://registry.npmjs.org/commander cache-miss
1268 http cache https://registry.npmjs.org/cssesc 5ms (cache hit)
1269 silly packumentCache full:https://registry.npmjs.org/cssesc set size:18815 disposed:false
1270 silly fetch manifest lines-and-columns@^1.1.6
1271 silly packumentCache full:https://registry.npmjs.org/lines-and-columns cache-miss
1272 http cache https://registry.npmjs.org/util-deprecate 6ms (cache hit)
1273 silly packumentCache full:https://registry.npmjs.org/util-deprecate set size:6674 disposed:false
1274 silly fetch manifest mz@^2.7.0
1275 silly packumentCache full:https://registry.npmjs.org/mz cache-miss
1276 http cache https://registry.npmjs.org/es-errors 5ms (cache hit)
1277 silly packumentCache full:https://registry.npmjs.org/es-errors set size:16918 disposed:false
1278 silly fetch manifest pirates@^4.0.1
1279 silly packumentCache full:https://registry.npmjs.org/pirates cache-miss
1280 http cache https://registry.npmjs.org/path-parse 5ms (cache hit)
1281 silly packumentCache full:https://registry.npmjs.org/path-parse set size:14523 disposed:false
1282 silly fetch manifest tinyglobby@^0.2.11
1283 silly packumentCache full:https://registry.npmjs.org/tinyglobby cache-miss
1284 http cache https://registry.npmjs.org/is-core-module 6ms (cache hit)
1285 silly packumentCache full:https://registry.npmjs.org/is-core-module set size:71788 disposed:false
1286 silly fetch manifest ts-interface-checker@^0.1.9
1287 silly packumentCache full:https://registry.npmjs.org/ts-interface-checker cache-miss
1288 http cache https://registry.npmjs.org/supports-preserve-symlinks-flag 5ms (cache hit)
1289 silly packumentCache full:https://registry.npmjs.org/supports-preserve-symlinks-flag set size:6802 disposed:false
1290 http cache https://registry.npmjs.org/commander 5ms (cache hit)
1291 silly packumentCache full:https://registry.npmjs.org/commander set size:306301 disposed:false
1292 http cache https://registry.npmjs.org/lines-and-columns 6ms (cache hit)
1293 silly packumentCache full:https://registry.npmjs.org/lines-and-columns set size:73796 disposed:false
1294 http cache https://registry.npmjs.org/mz 7ms (cache hit)
1295 silly packumentCache full:https://registry.npmjs.org/mz set size:42731 disposed:false
1296 http cache https://registry.npmjs.org/tinyglobby 6ms (cache hit)
1297 silly packumentCache full:https://registry.npmjs.org/tinyglobby set size:52660 disposed:false
1298 http cache https://registry.npmjs.org/ts-interface-checker 6ms (cache hit)
1299 silly packumentCache full:https://registry.npmjs.org/ts-interface-checker set size:58946 disposed:false
1300 http cache https://registry.npmjs.org/pirates 7ms (cache hit)
1301 silly packumentCache full:https://registry.npmjs.org/pirates set size:51327 disposed:false
1302 silly placeDep ROOT anymatch@3.1.3 OK for: chokidar@3.6.0 want: ~3.1.2
1303 silly placeDep ROOT fsevents@2.3.3 OK for: chokidar@3.6.0 want: ~2.3.2
1304 silly placeDep node_modules/chokidar glob-parent@5.1.2 OK for: chokidar@3.6.0 want: ~5.1.2
1305 silly placeDep ROOT is-binary-path@2.1.0 OK for: chokidar@3.6.0 want: ~2.1.0
1306 silly placeDep ROOT readdirp@3.6.0 OK for: chokidar@3.6.0 want: ~3.6.0
1307 silly fetch manifest binary-extensions@^2.0.0
1308 silly packumentCache full:https://registry.npmjs.org/binary-extensions cache-miss
1309 http cache https://registry.npmjs.org/binary-extensions 2ms (cache hit)
1310 silly packumentCache full:https://registry.npmjs.org/binary-extensions set size:51551 disposed:false
1311 silly placeDep ROOT binary-extensions@2.3.0 OK for: is-binary-path@2.1.0 want: ^2.0.0
1312 silly placeDep ROOT read-cache@1.0.0 OK for: postcss-import@15.1.0 want: ^1.0.0
1313 silly fetch manifest pify@^2.3.0
1314 silly packumentCache full:https://registry.npmjs.org/pify cache-miss
1315 http cache https://registry.npmjs.org/pify 2ms (cache hit)
1316 silly packumentCache full:https://registry.npmjs.org/pify set size:33583 disposed:false
1317 silly placeDep ROOT camelcase-css@2.0.1 OK for: postcss-js@4.1.0 want: ^2.0.1
1318 silly placeDep ROOT cssesc@3.0.0 OK for: postcss-selector-parser@6.1.2 want: ^3.0.0
1319 silly placeDep ROOT util-deprecate@1.0.2 OK for: postcss-selector-parser@6.1.2 want: ^1.0.2
1320 silly placeDep ROOT pify@2.3.0 OK for: read-cache@1.0.0 want: ^2.3.0
1321 silly placeDep ROOT es-errors@1.3.0 OK for: resolve@1.22.12 want: ^1.3.0
1322 silly placeDep ROOT is-core-module@2.16.1 OK for: resolve@1.22.12 want: ^2.16.1
1323 silly placeDep ROOT path-parse@1.0.7 OK for: resolve@1.22.12 want: ^1.0.7
1324 silly placeDep ROOT supports-preserve-symlinks-flag@1.0.0 OK for: resolve@1.22.12 want: ^1.0.0
1325 silly fetch manifest hasown@^2.0.2
1326 silly packumentCache full:https://registry.npmjs.org/hasown cache-miss
1327 http cache https://registry.npmjs.org/hasown 1ms (cache hit)
1328 silly packumentCache full:https://registry.npmjs.org/hasown set size:15429 disposed:false
1329 silly placeDep ROOT hasown@2.0.3 OK for: is-core-module@2.16.1 want: ^2.0.2
1330 silly fetch manifest function-bind@^1.1.2
1331 silly packumentCache full:https://registry.npmjs.org/function-bind cache-miss
1332 http cache https://registry.npmjs.org/function-bind 1ms (cache hit)
1333 silly packumentCache full:https://registry.npmjs.org/function-bind set size:15733 disposed:false
1334 silly placeDep ROOT function-bind@1.1.2 OK for: hasown@2.0.3 want: ^1.1.2
1335 silly placeDep ROOT commander@4.1.1 OK for: sucrase@3.35.1 want: ^4.0.0
1336 silly placeDep ROOT lines-and-columns@1.2.4 OK for: sucrase@3.35.1 want: ^1.1.6
1337 silly placeDep ROOT mz@2.7.0 OK for: sucrase@3.35.1 want: ^2.7.0
1338 silly placeDep ROOT pirates@4.0.7 OK for: sucrase@3.35.1 want: ^4.0.1
1339 silly placeDep ROOT tinyglobby@0.2.16 OK for: sucrase@3.35.1 want: ^0.2.11
1340 silly placeDep ROOT ts-interface-checker@0.1.13 OK for: sucrase@3.35.1 want: ^0.1.9
1341 silly fetch manifest any-promise@^1.0.0
1342 silly packumentCache full:https://registry.npmjs.org/any-promise cache-miss
1343 silly fetch manifest object-assign@^4.0.1
1344 silly packumentCache full:https://registry.npmjs.org/object-assign cache-miss
1345 silly fetch manifest thenify-all@^1.0.0
1346 silly packumentCache full:https://registry.npmjs.org/thenify-all cache-miss
1347 silly fetch manifest fdir@^6.5.0
1348 silly packumentCache full:https://registry.npmjs.org/fdir cache-miss
1349 silly fetch manifest picomatch@^4.0.4
1350 silly packumentCache full:https://registry.npmjs.org/picomatch cache-hit
1351 http cache https://registry.npmjs.org/object-assign 2ms (cache hit)
1352 silly packumentCache full:https://registry.npmjs.org/object-assign set size:28988 disposed:false
1353 http cache https://registry.npmjs.org/any-promise 2ms (cache hit)
1354 silly packumentCache full:https://registry.npmjs.org/any-promise set size:20233 disposed:false
1355 http cache https://registry.npmjs.org/thenify-all 3ms (cache hit)
1356 silly packumentCache full:https://registry.npmjs.org/thenify-all set size:18488 disposed:false
1357 http cache https://registry.npmjs.org/fdir 3ms (cache hit)
1358 silly packumentCache full:https://registry.npmjs.org/fdir set size:136182 disposed:false
1359 silly placeDep ROOT any-promise@1.3.0 OK for: mz@2.7.0 want: ^1.0.0
1360 silly placeDep ROOT object-assign@4.1.1 OK for: mz@2.7.0 want: ^4.0.1
1361 silly placeDep ROOT thenify-all@1.6.0 OK for: mz@2.7.0 want: ^1.0.0
1362 silly fetch manifest thenify@>= 3.1.0 < 4
1363 silly packumentCache full:https://registry.npmjs.org/thenify cache-miss
1364 http cache https://registry.npmjs.org/thenify 1ms (cache hit)
1365 silly packumentCache full:https://registry.npmjs.org/thenify set size:21379 disposed:false
1366 silly placeDep ROOT thenify@3.3.1 OK for: thenify-all@1.6.0 want: >= 3.1.0 < 4
1367 silly placeDep node_modules/tinyglobby fdir@6.5.0 OK for: tinyglobby@0.2.16 want: ^6.5.0
1368 silly placeDep node_modules/tinyglobby picomatch@4.0.4 OK for: fdir@6.5.0 want: ^3 || ^4
1369 silly placeDep ROOT is-number@7.0.0 OK for: to-regex-range@5.0.1 want: ^7.0.0
1370 silly placeDep ROOT escalade@3.2.0 OK for: update-browserslist-db@1.2.3 want: ^3.2.0
1371 silly placeDep ROOT punycode@2.3.1 OK for: uri-js@4.4.1 want: ^2.1.0
1372 silly placeDep ROOT esbuild@0.21.5 OK for: vite@5.4.21 want: ^0.21.3
1373 silly placeDep ROOT rollup@4.60.2 OK for: vite@5.4.21 want: ^4.20.0
1374 silly fetch manifest @esbuild/aix-ppc64@0.21.5
1375 silly packumentCache full:https://registry.npmjs.org/@esbuild%2faix-ppc64 cache-miss
1376 silly fetch manifest @esbuild/linux-arm@0.21.5
1377 silly packumentCache full:https://registry.npmjs.org/@esbuild%2flinux-arm cache-miss
1378 silly fetch manifest @esbuild/linux-x64@0.21.5
1379 silly packumentCache full:https://registry.npmjs.org/@esbuild%2flinux-x64 cache-miss
1380 silly fetch manifest @esbuild/sunos-x64@0.21.5
1381 silly packumentCache full:https://registry.npmjs.org/@esbuild%2fsunos-x64 cache-miss
1382 silly fetch manifest @esbuild/win32-x64@0.21.5
1383 silly packumentCache full:https://registry.npmjs.org/@esbuild%2fwin32-x64 cache-miss
1384 silly fetch manifest @esbuild/darwin-x64@0.21.5
1385 silly packumentCache full:https://registry.npmjs.org/@esbuild%2fdarwin-x64 cache-miss
1386 silly fetch manifest @esbuild/linux-ia32@0.21.5
1387 silly packumentCache full:https://registry.npmjs.org/@esbuild%2flinux-ia32 cache-miss
1388 http cache https://registry.npmjs.org/@esbuild%2flinux-arm 5ms (cache hit)
1389 silly packumentCache full:https://registry.npmjs.org/@esbuild%2flinux-arm set size:195140 disposed:false
1390 silly fetch manifest @esbuild/netbsd-x64@0.21.5
1391 silly packumentCache full:https://registry.npmjs.org/@esbuild%2fnetbsd-x64 cache-miss
1392 http cache https://registry.npmjs.org/@esbuild%2fdarwin-x64 7ms (cache hit)
1393 silly packumentCache full:https://registry.npmjs.org/@esbuild%2fdarwin-x64 set size:196195 disposed:false
1394 silly fetch manifest @esbuild/win32-ia32@0.21.5
1395 silly packumentCache full:https://registry.npmjs.org/@esbuild%2fwin32-ia32 cache-miss
1396 http cache https://registry.npmjs.org/@esbuild%2flinux-ia32 8ms (cache hit)
1397 silly packumentCache full:https://registry.npmjs.org/@esbuild%2flinux-ia32 set size:196150 disposed:false
1398 silly fetch manifest @esbuild/android-arm@0.21.5
1399 silly packumentCache full:https://registry.npmjs.org/@esbuild%2fandroid-arm cache-miss
1400 http cache https://registry.npmjs.org/@esbuild%2faix-ppc64 8ms (cache hit)
1401 silly packumentCache full:https://registry.npmjs.org/@esbuild%2faix-ppc64 set size:64314 disposed:false
1402 silly fetch manifest @esbuild/android-x64@0.21.5
1403 silly packumentCache full:https://registry.npmjs.org/@esbuild%2fandroid-x64 cache-miss
1404 http cache https://registry.npmjs.org/@esbuild%2flinux-x64 9ms (cache hit)
1405 silly packumentCache full:https://registry.npmjs.org/@esbuild%2flinux-x64 set size:195479 disposed:false
1406 silly fetch manifest @esbuild/freebsd-x64@0.21.5
1407 silly packumentCache full:https://registry.npmjs.org/@esbuild%2ffreebsd-x64 cache-miss
1408 http cache https://registry.npmjs.org/@esbuild%2fsunos-x64 10ms (cache hit)
1409 silly packumentCache full:https://registry.npmjs.org/@esbuild%2fsunos-x64 set size:195721 disposed:false
1410 silly fetch manifest @esbuild/linux-arm64@0.21.5
1411 silly packumentCache full:https://registry.npmjs.org/@esbuild%2flinux-arm64 cache-miss
1412 http cache https://registry.npmjs.org/@esbuild%2fwin32-x64 11ms (cache hit)
1413 silly packumentCache full:https://registry.npmjs.org/@esbuild%2fwin32-x64 set size:194073 disposed:false
1414 silly fetch manifest @esbuild/linux-ppc64@0.21.5
1415 silly packumentCache full:https://registry.npmjs.org/@esbuild%2flinux-ppc64 cache-miss
1416 http cache https://registry.npmjs.org/@esbuild%2fnetbsd-x64 9ms (cache hit)
1417 silly packumentCache full:https://registry.npmjs.org/@esbuild%2fnetbsd-x64 set size:193883 disposed:false
1418 silly fetch manifest @esbuild/linux-s390x@0.21.5
1419 silly packumentCache full:https://registry.npmjs.org/@esbuild%2flinux-s390x cache-miss
1420 http cache https://registry.npmjs.org/@esbuild%2fwin32-ia32 9ms (cache hit)
1421 silly packumentCache full:https://registry.npmjs.org/@esbuild%2fwin32-ia32 set size:196374 disposed:false
1422 silly fetch manifest @esbuild/openbsd-x64@0.21.5
1423 silly packumentCache full:https://registry.npmjs.org/@esbuild%2fopenbsd-x64 cache-miss
1424 http cache https://registry.npmjs.org/@esbuild%2fandroid-x64 8ms (cache hit)
1425 silly packumentCache full:https://registry.npmjs.org/@esbuild%2fandroid-x64 set size:195551 disposed:false
1426 silly fetch manifest @esbuild/win32-arm64@0.21.5
1427 silly packumentCache full:https://registry.npmjs.org/@esbuild%2fwin32-arm64 cache-miss
1428 http cache https://registry.npmjs.org/@esbuild%2ffreebsd-x64 8ms (cache hit)
1429 silly packumentCache full:https://registry.npmjs.org/@esbuild%2ffreebsd-x64 set size:197070 disposed:false
1430 silly fetch manifest @esbuild/darwin-arm64@0.21.5
1431 silly packumentCache full:https://registry.npmjs.org/@esbuild%2fdarwin-arm64 cache-miss
1432 http cache https://registry.npmjs.org/@esbuild%2flinux-arm64 8ms (cache hit)
1433 silly packumentCache full:https://registry.npmjs.org/@esbuild%2flinux-arm64 set size:197274 disposed:false
1434 silly fetch manifest @esbuild/android-arm64@0.21.5
1435 silly packumentCache full:https://registry.npmjs.org/@esbuild%2fandroid-arm64 cache-miss
1436 http cache https://registry.npmjs.org/@esbuild%2fandroid-arm 11ms (cache hit)
1437 silly packumentCache full:https://registry.npmjs.org/@esbuild%2fandroid-arm set size:221749 disposed:false
1438 silly fetch manifest @esbuild/freebsd-arm64@0.21.5
1439 silly packumentCache full:https://registry.npmjs.org/@esbuild%2ffreebsd-arm64 cache-miss
1440 http cache https://registry.npmjs.org/@esbuild%2flinux-ppc64 15ms (cache hit)
1441 silly packumentCache full:https://registry.npmjs.org/@esbuild%2flinux-ppc64 set size:199310 disposed:false
1442 silly fetch manifest @esbuild/linux-loong64@0.21.5
1443 silly packumentCache full:https://registry.npmjs.org/@esbuild%2flinux-loong64 cache-miss
1444 http cache https://registry.npmjs.org/@esbuild%2fopenbsd-x64 12ms (cache hit)
1445 silly packumentCache full:https://registry.npmjs.org/@esbuild%2fopenbsd-x64 set size:197080 disposed:false
1446 silly fetch manifest @esbuild/linux-riscv64@0.21.5
1447 silly packumentCache full:https://registry.npmjs.org/@esbuild%2flinux-riscv64 cache-miss
1448 http cache https://registry.npmjs.org/@esbuild%2flinux-s390x 13ms (cache hit)
1449 silly packumentCache full:https://registry.npmjs.org/@esbuild%2flinux-s390x set size:198784 disposed:false
1450 silly fetch manifest @esbuild/linux-mips64el@0.21.5
1451 silly packumentCache full:https://registry.npmjs.org/@esbuild%2flinux-mips64el cache-miss
1452 http cache https://registry.npmjs.org/@esbuild%2fdarwin-arm64 12ms (cache hit)
1453 silly packumentCache full:https://registry.npmjs.org/@esbuild%2fdarwin-arm64 set size:197958 disposed:false
1454 silly fetch manifest @types/estree@1.0.8
1455 silly packumentCache full:https://registry.npmjs.org/@types%2festree cache-miss
1456 http cache https://registry.npmjs.org/@esbuild%2fwin32-arm64 14ms (cache hit)
1457 silly packumentCache full:https://registry.npmjs.org/@esbuild%2fwin32-arm64 set size:197504 disposed:false
1458 silly fetch manifest @rollup/rollup-darwin-arm64@4.60.2
1459 silly packumentCache full:https://registry.npmjs.org/@rollup%2frollup-darwin-arm64 cache-miss
1460 http cache https://registry.npmjs.org/@esbuild%2ffreebsd-arm64 11ms (cache hit)
1461 silly packumentCache full:https://registry.npmjs.org/@esbuild%2ffreebsd-arm64 set size:198853 disposed:false
1462 silly fetch manifest @rollup/rollup-android-arm64@4.60.2
1463 silly packumentCache full:https://registry.npmjs.org/@rollup%2frollup-android-arm64 cache-miss
1464 http cache https://registry.npmjs.org/@esbuild%2fandroid-arm64 13ms (cache hit)
1465 silly packumentCache full:https://registry.npmjs.org/@esbuild%2fandroid-arm64 set size:200684 disposed:false
1466 silly fetch manifest @rollup/rollup-win32-arm64-msvc@4.60.2
1467 silly packumentCache full:https://registry.npmjs.org/@rollup%2frollup-win32-arm64-msvc cache-miss
1468 http cache https://registry.npmjs.org/@esbuild%2flinux-riscv64 7ms (cache hit)
1469 silly packumentCache full:https://registry.npmjs.org/@esbuild%2flinux-riscv64 set size:198981 disposed:false
1470 silly fetch manifest @rollup/rollup-freebsd-arm64@4.60.2
1471 silly packumentCache full:https://registry.npmjs.org/@rollup%2frollup-freebsd-arm64 cache-miss
1472 http cache https://registry.npmjs.org/@esbuild%2flinux-mips64el 8ms (cache hit)
1473 silly packumentCache full:https://registry.npmjs.org/@esbuild%2flinux-mips64el set size:201062 disposed:false
1474 silly fetch manifest @rollup/rollup-linux-arm64-gnu@4.60.2
1475 silly packumentCache full:https://registry.npmjs.org/@rollup%2frollup-linux-arm64-gnu cache-miss
1476 http cache https://registry.npmjs.org/@esbuild%2flinux-loong64 12ms (cache hit)
1477 silly packumentCache full:https://registry.npmjs.org/@esbuild%2flinux-loong64 set size:252211 disposed:false
1478 silly fetch manifest @rollup/rollup-linux-arm64-musl@4.60.2
1479 silly packumentCache full:https://registry.npmjs.org/@rollup%2frollup-linux-arm64-musl cache-miss
1480 http cache https://registry.npmjs.org/@rollup%2frollup-darwin-arm64 9ms (cache hit)
1481 silly packumentCache full:https://registry.npmjs.org/@rollup%2frollup-darwin-arm64 set size:334013 disposed:false
1482 silly fetch manifest @rollup/rollup-android-arm-eabi@4.60.2
1483 silly packumentCache full:https://registry.npmjs.org/@rollup%2frollup-android-arm-eabi cache-miss
1484 http cache https://registry.npmjs.org/@rollup%2frollup-android-arm64 10ms (cache hit)
1485 silly packumentCache full:https://registry.npmjs.org/@rollup%2frollup-android-arm64 set size:335499 disposed:false
1486 silly fetch manifest @rollup/rollup-linux-arm-gnueabihf@4.60.2
1487 silly packumentCache full:https://registry.npmjs.org/@rollup%2frollup-linux-arm-gnueabihf cache-miss
1488 http cache https://registry.npmjs.org/@rollup%2frollup-win32-arm64-msvc 11ms (cache hit)
1489 silly packumentCache full:https://registry.npmjs.org/@rollup%2frollup-win32-arm64-msvc set size:338858 disposed:false
1490 silly fetch manifest @rollup/rollup-linux-arm-musleabihf@4.60.2
1491 silly packumentCache full:https://registry.npmjs.org/@rollup%2frollup-linux-arm-musleabihf cache-miss
1492 http cache https://registry.npmjs.org/@types%2festree 15ms (cache hit)
1493 silly packumentCache full:https://registry.npmjs.org/@types%2festree set size:74091 disposed:false
1494 silly fetch manifest @rollup/rollup-win32-ia32-msvc@4.60.2
1495 silly packumentCache full:https://registry.npmjs.org/@rollup%2frollup-win32-ia32-msvc cache-miss
1496 http cache https://registry.npmjs.org/@rollup%2frollup-freebsd-arm64 10ms (cache hit)
1497 silly packumentCache full:https://registry.npmjs.org/@rollup%2frollup-freebsd-arm64 set size:183704 disposed:false
1498 silly fetch manifest @rollup/rollup-linux-loong64-gnu@4.60.2
1499 silly packumentCache full:https://registry.npmjs.org/@rollup%2frollup-linux-loong64-gnu cache-miss
1500 http cache https://registry.npmjs.org/@rollup%2frollup-linux-arm64-musl 9ms (cache hit)
1501 silly packumentCache full:https://registry.npmjs.org/@rollup%2frollup-linux-arm64-musl set size:296459 disposed:false
1502 silly fetch manifest @rollup/rollup-linux-loong64-musl@4.60.2
1503 silly packumentCache full:https://registry.npmjs.org/@rollup%2frollup-linux-loong64-musl cache-miss
1504 http cache https://registry.npmjs.org/@rollup%2frollup-linux-arm64-gnu 12ms (cache hit)
1505 silly packumentCache full:https://registry.npmjs.org/@rollup%2frollup-linux-arm64-gnu set size:341084 disposed:false
1506 silly fetch manifest @rollup/rollup-linux-riscv64-gnu@4.60.2
1507 silly packumentCache full:https://registry.npmjs.org/@rollup%2frollup-linux-riscv64-gnu cache-miss
1508 http cache https://registry.npmjs.org/@rollup%2frollup-linux-arm-gnueabihf 8ms (cache hit)
1509 silly packumentCache full:https://registry.npmjs.org/@rollup%2frollup-linux-arm-gnueabihf set size:344529 disposed:false
1510 silly fetch manifest @rollup/rollup-linux-riscv64-musl@4.60.2
1511 silly packumentCache full:https://registry.npmjs.org/@rollup%2frollup-linux-riscv64-musl cache-miss
1512 http cache https://registry.npmjs.org/@rollup%2frollup-android-arm-eabi 11ms (cache hit)
1513 silly packumentCache full:https://registry.npmjs.org/@rollup%2frollup-android-arm-eabi set size:338865 disposed:false
1514 silly fetch manifest @rollup/rollup-linux-ppc64-gnu@4.60.2
1515 silly packumentCache full:https://registry.npmjs.org/@rollup%2frollup-linux-ppc64-gnu cache-miss
1516 http cache https://registry.npmjs.org/@rollup%2frollup-linux-arm-musleabihf 10ms (cache hit)
1517 silly packumentCache full:https://registry.npmjs.org/@rollup%2frollup-linux-arm-musleabihf set size:238694 disposed:false
1518 silly fetch manifest @rollup/rollup-linux-ppc64-musl@4.60.2
1519 silly packumentCache full:https://registry.npmjs.org/@rollup%2frollup-linux-ppc64-musl cache-miss
1520 http cache https://registry.npmjs.org/@rollup%2frollup-win32-ia32-msvc 11ms (cache hit)
1521 silly packumentCache full:https://registry.npmjs.org/@rollup%2frollup-win32-ia32-msvc set size:337389 disposed:false
1522 silly fetch manifest @rollup/rollup-linux-s390x-gnu@4.60.2
1523 silly packumentCache full:https://registry.npmjs.org/@rollup%2frollup-linux-s390x-gnu cache-miss
1524 http cache https://registry.npmjs.org/@rollup%2frollup-linux-loong64-gnu 10ms (cache hit)
1525 silly packumentCache full:https://registry.npmjs.org/@rollup%2frollup-linux-loong64-gnu set size:65514 disposed:false
1526 silly fetch manifest @rollup/rollup-darwin-x64@4.60.2
1527 silly packumentCache full:https://registry.npmjs.org/@rollup%2frollup-darwin-x64 cache-miss
1528 http cache https://registry.npmjs.org/@rollup%2frollup-linux-loong64-musl 11ms (cache hit)
1529 silly packumentCache full:https://registry.npmjs.org/@rollup%2frollup-linux-loong64-musl set size:27506 disposed:false
1530 silly fetch manifest @rollup/rollup-win32-x64-gnu@4.60.2
1531 silly packumentCache full:https://registry.npmjs.org/@rollup%2frollup-win32-x64-gnu cache-miss
1532 http cache https://registry.npmjs.org/@rollup%2frollup-linux-ppc64-musl 5ms (cache hit)
1533 silly packumentCache full:https://registry.npmjs.org/@rollup%2frollup-linux-ppc64-musl set size:27278 disposed:false
1534 silly fetch manifest @rollup/rollup-win32-x64-msvc@4.60.2
1535 silly packumentCache full:https://registry.npmjs.org/@rollup%2frollup-win32-x64-msvc cache-miss
1536 http cache https://registry.npmjs.org/@rollup%2frollup-linux-riscv64-musl 9ms (cache hit)
1537 silly packumentCache full:https://registry.npmjs.org/@rollup%2frollup-linux-riscv64-musl set size:113171 disposed:false
1538 silly fetch manifest @rollup/rollup-freebsd-x64@4.60.2
1539 silly packumentCache full:https://registry.npmjs.org/@rollup%2frollup-freebsd-x64 cache-miss
1540 http cache https://registry.npmjs.org/@rollup%2frollup-linux-riscv64-gnu 10ms (cache hit)
1541 silly packumentCache full:https://registry.npmjs.org/@rollup%2frollup-linux-riscv64-gnu set size:267201 disposed:false
1542 silly fetch manifest @rollup/rollup-linux-x64-gnu@4.60.2
1543 silly packumentCache full:https://registry.npmjs.org/@rollup%2frollup-linux-x64-gnu cache-miss
1544 http cache https://registry.npmjs.org/@rollup%2frollup-linux-ppc64-gnu 8ms (cache hit)
1545 silly packumentCache full:https://registry.npmjs.org/@rollup%2frollup-linux-ppc64-gnu set size:85764 disposed:false
1546 silly fetch manifest @rollup/rollup-linux-x64-musl@4.60.2
1547 silly packumentCache full:https://registry.npmjs.org/@rollup%2frollup-linux-x64-musl cache-miss
1548 http cache https://registry.npmjs.org/@rollup%2frollup-linux-s390x-gnu 7ms (cache hit)
1549 silly packumentCache full:https://registry.npmjs.org/@rollup%2frollup-linux-s390x-gnu set size:240933 disposed:false
1550 silly fetch manifest @rollup/rollup-openbsd-x64@4.60.2
1551 silly packumentCache full:https://registry.npmjs.org/@rollup%2frollup-openbsd-x64 cache-miss
1552 http cache https://registry.npmjs.org/@rollup%2frollup-darwin-x64 7ms (cache hit)
1553 silly packumentCache full:https://registry.npmjs.org/@rollup%2frollup-darwin-x64 set size:329247 disposed:false
1554 silly fetch manifest @rollup/rollup-openharmony-arm64@4.60.2
1555 silly packumentCache full:https://registry.npmjs.org/@rollup%2frollup-openharmony-arm64 cache-miss
1556 http cache https://registry.npmjs.org/@rollup%2frollup-win32-x64-gnu 8ms (cache hit)
1557 silly packumentCache full:https://registry.npmjs.org/@rollup%2frollup-win32-x64-gnu set size:57152 disposed:false
1558 http cache https://registry.npmjs.org/@rollup%2frollup-freebsd-x64 7ms (cache hit)
1559 silly packumentCache full:https://registry.npmjs.org/@rollup%2frollup-freebsd-x64 set size:181830 disposed:false
1560 http cache https://registry.npmjs.org/@rollup%2frollup-linux-x64-gnu 8ms (cache hit)
1561 silly packumentCache full:https://registry.npmjs.org/@rollup%2frollup-linux-x64-gnu set size:336253 disposed:false
1562 http cache https://registry.npmjs.org/@rollup%2frollup-linux-x64-musl 8ms (cache hit)
1563 silly packumentCache full:https://registry.npmjs.org/@rollup%2frollup-linux-x64-musl set size:335593 disposed:false
1564 http cache https://registry.npmjs.org/@rollup%2frollup-win32-x64-msvc 12ms (cache hit)
1565 silly packumentCache full:https://registry.npmjs.org/@rollup%2frollup-win32-x64-msvc set size:334053 disposed:false
1566 http cache https://registry.npmjs.org/@rollup%2frollup-openbsd-x64 9ms (cache hit)
1567 silly packumentCache full:https://registry.npmjs.org/@rollup%2frollup-openbsd-x64 set size:26573 disposed:false
1568 http cache https://registry.npmjs.org/@rollup%2frollup-openharmony-arm64 7ms (cache hit)
1569 silly packumentCache full:https://registry.npmjs.org/@rollup%2frollup-openharmony-arm64 set size:66417 disposed:false
1570 silly placeDep ROOT @esbuild/aix-ppc64@0.21.5 OK for: esbuild@0.21.5 want: 0.21.5
1571 silly placeDep ROOT @esbuild/android-arm@0.21.5 OK for: esbuild@0.21.5 want: 0.21.5
1572 silly placeDep ROOT @esbuild/android-arm64@0.21.5 OK for: esbuild@0.21.5 want: 0.21.5
1573 silly placeDep ROOT @esbuild/android-x64@0.21.5 OK for: esbuild@0.21.5 want: 0.21.5
1574 silly placeDep ROOT @esbuild/darwin-arm64@0.21.5 OK for: esbuild@0.21.5 want: 0.21.5
1575 silly placeDep ROOT @esbuild/darwin-x64@0.21.5 OK for: esbuild@0.21.5 want: 0.21.5
1576 silly placeDep ROOT @esbuild/freebsd-arm64@0.21.5 OK for: esbuild@0.21.5 want: 0.21.5
1577 silly placeDep ROOT @esbuild/freebsd-x64@0.21.5 OK for: esbuild@0.21.5 want: 0.21.5
1578 silly placeDep ROOT @esbuild/linux-arm@0.21.5 OK for: esbuild@0.21.5 want: 0.21.5
1579 silly placeDep ROOT @esbuild/linux-arm64@0.21.5 OK for: esbuild@0.21.5 want: 0.21.5
1580 silly placeDep ROOT @esbuild/linux-ia32@0.21.5 OK for: esbuild@0.21.5 want: 0.21.5
1581 silly placeDep ROOT @esbuild/linux-loong64@0.21.5 OK for: esbuild@0.21.5 want: 0.21.5
1582 silly placeDep ROOT @esbuild/linux-mips64el@0.21.5 OK for: esbuild@0.21.5 want: 0.21.5
1583 silly placeDep ROOT @esbuild/linux-ppc64@0.21.5 OK for: esbuild@0.21.5 want: 0.21.5
1584 silly placeDep ROOT @esbuild/linux-riscv64@0.21.5 OK for: esbuild@0.21.5 want: 0.21.5
1585 silly placeDep ROOT @esbuild/linux-s390x@0.21.5 OK for: esbuild@0.21.5 want: 0.21.5
1586 silly placeDep ROOT @esbuild/linux-x64@0.21.5 OK for: esbuild@0.21.5 want: 0.21.5
1587 silly placeDep ROOT @esbuild/netbsd-x64@0.21.5 OK for: esbuild@0.21.5 want: 0.21.5
1588 silly placeDep ROOT @esbuild/openbsd-x64@0.21.5 OK for: esbuild@0.21.5 want: 0.21.5
1589 silly placeDep ROOT @esbuild/sunos-x64@0.21.5 OK for: esbuild@0.21.5 want: 0.21.5
1590 silly placeDep ROOT @esbuild/win32-arm64@0.21.5 OK for: esbuild@0.21.5 want: 0.21.5
1591 silly placeDep ROOT @esbuild/win32-ia32@0.21.5 OK for: esbuild@0.21.5 want: 0.21.5
1592 silly placeDep ROOT @esbuild/win32-x64@0.21.5 OK for: esbuild@0.21.5 want: 0.21.5
1593 silly placeDep ROOT @rollup/rollup-android-arm-eabi@4.60.2 OK for: rollup@4.60.2 want: 4.60.2
1594 silly placeDep ROOT @rollup/rollup-android-arm64@4.60.2 OK for: rollup@4.60.2 want: 4.60.2
1595 silly placeDep ROOT @rollup/rollup-darwin-arm64@4.60.2 OK for: rollup@4.60.2 want: 4.60.2
1596 silly placeDep ROOT @rollup/rollup-darwin-x64@4.60.2 OK for: rollup@4.60.2 want: 4.60.2
1597 silly placeDep ROOT @rollup/rollup-freebsd-arm64@4.60.2 OK for: rollup@4.60.2 want: 4.60.2
1598 silly placeDep ROOT @rollup/rollup-freebsd-x64@4.60.2 OK for: rollup@4.60.2 want: 4.60.2
1599 silly placeDep ROOT @rollup/rollup-linux-arm-gnueabihf@4.60.2 OK for: rollup@4.60.2 want: 4.60.2
1600 silly placeDep ROOT @rollup/rollup-linux-arm-musleabihf@4.60.2 OK for: rollup@4.60.2 want: 4.60.2
1601 silly placeDep ROOT @rollup/rollup-linux-arm64-gnu@4.60.2 OK for: rollup@4.60.2 want: 4.60.2
1602 silly placeDep ROOT @rollup/rollup-linux-arm64-musl@4.60.2 OK for: rollup@4.60.2 want: 4.60.2
1603 silly placeDep ROOT @rollup/rollup-linux-loong64-gnu@4.60.2 OK for: rollup@4.60.2 want: 4.60.2
1604 silly placeDep ROOT @rollup/rollup-linux-loong64-musl@4.60.2 OK for: rollup@4.60.2 want: 4.60.2
1605 silly placeDep ROOT @rollup/rollup-linux-ppc64-gnu@4.60.2 OK for: rollup@4.60.2 want: 4.60.2
1606 silly placeDep ROOT @rollup/rollup-linux-ppc64-musl@4.60.2 OK for: rollup@4.60.2 want: 4.60.2
1607 silly placeDep ROOT @rollup/rollup-linux-riscv64-gnu@4.60.2 OK for: rollup@4.60.2 want: 4.60.2
1608 silly placeDep ROOT @rollup/rollup-linux-riscv64-musl@4.60.2 OK for: rollup@4.60.2 want: 4.60.2
1609 silly placeDep ROOT @rollup/rollup-linux-s390x-gnu@4.60.2 OK for: rollup@4.60.2 want: 4.60.2
1610 silly placeDep ROOT @rollup/rollup-linux-x64-gnu@4.60.2 OK for: rollup@4.60.2 want: 4.60.2
1611 silly placeDep ROOT @rollup/rollup-linux-x64-musl@4.60.2 OK for: rollup@4.60.2 want: 4.60.2
1612 silly placeDep ROOT @rollup/rollup-openbsd-x64@4.60.2 OK for: rollup@4.60.2 want: 4.60.2
1613 silly placeDep ROOT @rollup/rollup-openharmony-arm64@4.60.2 OK for: rollup@4.60.2 want: 4.60.2
1614 silly placeDep ROOT @rollup/rollup-win32-arm64-msvc@4.60.2 OK for: rollup@4.60.2 want: 4.60.2
1615 silly placeDep ROOT @rollup/rollup-win32-ia32-msvc@4.60.2 OK for: rollup@4.60.2 want: 4.60.2
1616 silly placeDep ROOT @rollup/rollup-win32-x64-gnu@4.60.2 OK for: rollup@4.60.2 want: 4.60.2
1617 silly placeDep ROOT @rollup/rollup-win32-x64-msvc@4.60.2 OK for: rollup@4.60.2 want: 4.60.2
1618 silly placeDep ROOT @types/estree@1.0.8 OK for: rollup@4.60.2 want: 1.0.8
1619 silly placeDep ROOT isexe@2.0.0 OK for: which@2.0.2 want: ^2.0.0
1620 silly placeDep node_modules/@eslint/eslintrc brace-expansion@1.1.14 OK for: minimatch@3.1.5 want: ^1.1.7
1621 silly fetch manifest concat-map@0.0.1
1622 silly packumentCache full:https://registry.npmjs.org/concat-map cache-miss
1623 http cache https://registry.npmjs.org/concat-map 3ms (cache hit)
1624 silly packumentCache full:https://registry.npmjs.org/concat-map set size:9290 disposed:false
1625 silly placeDep ROOT concat-map@0.0.1 OK for: brace-expansion@1.1.14 want: 0.0.1
1626 silly placeDep node_modules/@humanwhocodes/config-array brace-expansion@1.1.14 OK for: minimatch@3.1.5 want: ^1.1.7
1627 silly placeDep node_modules/eslint brace-expansion@1.1.14 OK for: minimatch@3.1.5 want: ^1.1.7
1628 silly placeDep node_modules/glob brace-expansion@1.1.14 OK for: minimatch@3.1.5 want: ^1.1.7
1629 verbose type system
1630 verbose stack FetchError: request to https://registry.npmjs.org/@supabase%2fsupabase-js failed, reason: getaddrinfo ENOTFOUND registry.npmjs.org
1630 verbose stack     at ClientRequest.<anonymous> (/usr/local/lib/node_modules/npm/node_modules/minipass-fetch/lib/index.js:130:14)
1630 verbose stack     at ClientRequest.emit (node:events:508:28)
1630 verbose stack     at emitErrorEvent (node:_http_client:108:11)
1630 verbose stack     at _destroy (node:_http_client:962:9)
1630 verbose stack     at onSocketNT (node:_http_client:982:5)
1630 verbose stack     at process.processTicksAndRejections (node:internal/process/task_queues:90:21)
1631 error code ENOTFOUND
1632 error syscall getaddrinfo
1633 error errno ENOTFOUND
1634 error network request to https://registry.npmjs.org/@supabase%2fsupabase-js failed, reason: getaddrinfo ENOTFOUND registry.npmjs.org
1635 error network This is a problem related to network connectivity.
1635 error network In most cases you are behind a proxy or have bad network settings.
1635 error network
1635 error network If you are behind a proxy, please make sure that the
1635 error network 'proxy' config is set properly.  See: 'npm help config'
1636 silly unfinished npm timer reify 1777555087526
1637 silly unfinished npm timer reify:loadTrees 1777555087527
1638 verbose cwd /Users/Personal/Documents/Github/VowLink
1639 verbose os Darwin 25.4.0
1640 verbose node v24.11.1
1641 verbose npm  v11.6.2
1642 verbose exit 1
1643 verbose code 1
1644 error A complete log of this run can be found in: /Users/Personal/Documents/Github/VowLink/.npm-cache/_logs/2026-04-30T13_18_07_185Z-debug-0.log
