0 verbose cli /usr/local/bin/node /usr/local/bin/npm
1 info using npm@11.6.2
2 info using node@v24.11.1
3 silly config load:file:/usr/local/lib/node_modules/npm/npmrc
4 silly config load:file:/Users/Personal/Documents/Github/VowLink/.npmrc
5 silly config load:file:/Users/Personal/.npmrc
6 silly config load:file:/usr/local/etc/npmrc
7 verbose title npm install
8 verbose argv "install" "--cache" "./.npm-cache"
9 verbose logfile logs-max:10 dir:/Users/Personal/Documents/Github/VowLink/.npm-cache/_logs/2026-04-30T13_20_46_396Z-
10 verbose logfile /Users/Personal/Documents/Github/VowLink/.npm-cache/_logs/2026-04-30T13_20_46_396Z-debug-0.log
11 silly logfile done cleaning log files
12 silly packumentCache heap:2348810240 maxSize:587202560 maxEntrySize:293601280
13 silly idealTree buildDeps
14 silly fetch manifest @supabase/supabase-js@^2.39.0
15 silly packumentCache full:https://registry.npmjs.org/@supabase%2fsupabase-js cache-miss
16 http fetch GET 200 https://registry.npmjs.org/@supabase%2fsupabase-js 544ms (cache miss)
17 silly packumentCache full:https://registry.npmjs.org/@supabase%2fsupabase-js set size:undefined disposed:false
18 silly fetch manifest framer-motion@^10.16.4
19 silly packumentCache full:https://registry.npmjs.org/framer-motion cache-miss
20 http fetch GET 200 https://registry.npmjs.org/framer-motion 199ms (cache miss)
21 silly packumentCache full:https://registry.npmjs.org/framer-motion set size:undefined disposed:false
22 silly fetch manifest react@^18.2.0
23 silly packumentCache full:https://registry.npmjs.org/react cache-miss
24 http fetch GET 200 https://registry.npmjs.org/react 219ms (cache miss)
25 silly packumentCache full:https://registry.npmjs.org/react set size:undefined disposed:false
26 silly fetch manifest react-dom@^18.2.0
27 silly packumentCache full:https://registry.npmjs.org/react-dom cache-miss
28 http fetch GET 200 https://registry.npmjs.org/react-dom 277ms (cache miss)
29 silly packumentCache full:https://registry.npmjs.org/react-dom set size:undefined disposed:false
30 silly fetch manifest lucide-react@^0.300.0
31 silly packumentCache full:https://registry.npmjs.org/lucide-react cache-miss
32 http fetch GET 200 https://registry.npmjs.org/lucide-react 114ms (cache miss)
33 silly packumentCache full:https://registry.npmjs.org/lucide-react set size:undefined disposed:false
34 silly fetch manifest @types/react@^18.2.43
35 silly packumentCache full:https://registry.npmjs.org/@types%2freact cache-miss
36 http fetch GET 200 https://registry.npmjs.org/@types%2freact 227ms (cache miss)
37 silly packumentCache full:https://registry.npmjs.org/@types%2freact set size:undefined disposed:false
38 silly fetch manifest @types/react-dom@^18.2.17
39 silly packumentCache full:https://registry.npmjs.org/@types%2freact-dom cache-miss
40 http fetch GET 200 https://registry.npmjs.org/@types%2freact-dom 69ms (cache miss)
41 silly packumentCache full:https://registry.npmjs.org/@types%2freact-dom set size:undefined disposed:false
42 silly fetch manifest @typescript-eslint/eslint-plugin@^6.14.0
43 silly packumentCache full:https://registry.npmjs.org/@typescript-eslint%2feslint-plugin cache-miss
44 http fetch GET 200 https://registry.npmjs.org/@typescript-eslint%2feslint-plugin 472ms (cache miss)
45 silly packumentCache full:https://registry.npmjs.org/@typescript-eslint%2feslint-plugin set size:undefined disposed:false
46 silly fetch manifest @typescript-eslint/parser@^6.14.0
47 silly packumentCache full:https://registry.npmjs.org/@typescript-eslint%2fparser cache-miss
48 http fetch GET 200 https://registry.npmjs.org/@typescript-eslint%2fparser 454ms (cache miss)
49 silly packumentCache full:https://registry.npmjs.org/@typescript-eslint%2fparser set size:undefined disposed:false
50 silly fetch manifest eslint@^8.55.0
51 silly packumentCache full:https://registry.npmjs.org/eslint cache-miss
52 http fetch GET 200 https://registry.npmjs.org/eslint 81ms (cache miss)
53 silly packumentCache full:https://registry.npmjs.org/eslint set size:undefined disposed:false
54 silly fetch manifest @vitejs/plugin-react@^4.2.1
55 silly packumentCache full:https://registry.npmjs.org/@vitejs%2fplugin-react cache-miss
56 http fetch GET 200 https://registry.npmjs.org/@vitejs%2fplugin-react 59ms (cache miss)
57 silly packumentCache full:https://registry.npmjs.org/@vitejs%2fplugin-react set size:undefined disposed:false
58 silly fetch manifest vite@^5.0.8
59 silly packumentCache full:https://registry.npmjs.org/vite cache-miss
60 http fetch GET 200 https://registry.npmjs.org/vite 1344ms (cache miss)
61 silly packumentCache full:https://registry.npmjs.org/vite set size:undefined disposed:false
62 silly fetch manifest @types/node@^18.0.0 || >=20.0.0
63 silly packumentCache full:https://registry.npmjs.org/@types%2fnode cache-miss
64 http fetch GET 200 https://registry.npmjs.org/@types%2fnode 238ms (cache miss)
65 silly packumentCache full:https://registry.npmjs.org/@types%2fnode set size:undefined disposed:false
66 silly fetch manifest less@*
67 silly packumentCache full:https://registry.npmjs.org/less cache-miss
68 http fetch GET 200 https://registry.npmjs.org/less 114ms (cache miss)
69 silly packumentCache full:https://registry.npmjs.org/less set size:undefined disposed:false
70 silly fetch manifest lightningcss@^1.21.0
71 silly packumentCache full:https://registry.npmjs.org/lightningcss cache-miss
72 http fetch GET 200 https://registry.npmjs.org/lightningcss 45ms (cache miss)
73 silly packumentCache full:https://registry.npmjs.org/lightningcss set size:undefined disposed:false
74 silly fetch manifest sass@*
75 silly packumentCache full:https://registry.npmjs.org/sass cache-miss
76 http fetch GET 200 https://registry.npmjs.org/sass 180ms (cache miss)
77 silly packumentCache full:https://registry.npmjs.org/sass set size:undefined disposed:false
78 silly fetch manifest sass-embedded@*
79 silly packumentCache full:https://registry.npmjs.org/sass-embedded cache-miss
80 http fetch GET 200 https://registry.npmjs.org/sass-embedded 126ms (cache miss)
81 silly packumentCache full:https://registry.npmjs.org/sass-embedded set size:undefined disposed:false
82 silly fetch manifest stylus@*
83 silly packumentCache full:https://registry.npmjs.org/stylus cache-miss
84 http fetch GET 200 https://registry.npmjs.org/stylus 196ms (cache miss)
85 silly packumentCache full:https://registry.npmjs.org/stylus set size:undefined disposed:false
86 silly fetch manifest sugarss@*
87 silly packumentCache full:https://registry.npmjs.org/sugarss cache-miss
88 http fetch GET 200 https://registry.npmjs.org/sugarss 52ms (cache miss)
89 silly packumentCache full:https://registry.npmjs.org/sugarss set size:undefined disposed:false
90 silly fetch manifest postcss@^8.4.32
91 silly packumentCache full:https://registry.npmjs.org/postcss cache-miss
92 http fetch GET 200 https://registry.npmjs.org/postcss 173ms (cache miss)
93 silly packumentCache full:https://registry.npmjs.org/postcss set size:undefined disposed:false
94 silly fetch manifest terser@^5.4.0
95 silly packumentCache full:https://registry.npmjs.org/terser cache-miss
96 http fetch GET 200 https://registry.npmjs.org/terser 241ms (cache miss)
97 silly packumentCache full:https://registry.npmjs.org/terser set size:undefined disposed:false
98 silly fetch manifest autoprefixer@^10.4.16
99 silly packumentCache full:https://registry.npmjs.org/autoprefixer cache-miss
100 http fetch GET 200 https://registry.npmjs.org/autoprefixer 151ms (cache miss)
101 silly packumentCache full:https://registry.npmjs.org/autoprefixer set size:undefined disposed:false
102 silly fetch manifest eslint-plugin-react-hooks@^4.6.0
103 silly packumentCache full:https://registry.npmjs.org/eslint-plugin-react-hooks cache-miss
104 http fetch GET 200 https://registry.npmjs.org/eslint-plugin-react-hooks 926ms (cache miss)
105 silly packumentCache full:https://registry.npmjs.org/eslint-plugin-react-hooks set size:undefined disposed:false
106 silly fetch manifest eslint-plugin-react-refresh@^0.4.5
107 silly packumentCache full:https://registry.npmjs.org/eslint-plugin-react-refresh cache-miss
108 http fetch GET 200 https://registry.npmjs.org/eslint-plugin-react-refresh 54ms (cache miss)
109 silly packumentCache full:https://registry.npmjs.org/eslint-plugin-react-refresh set size:undefined disposed:false
110 silly fetch manifest tailwindcss@^3.4.0
111 silly packumentCache full:https://registry.npmjs.org/tailwindcss cache-miss
112 http fetch GET 200 https://registry.npmjs.org/tailwindcss 645ms (cache miss)
113 silly packumentCache full:https://registry.npmjs.org/tailwindcss set size:undefined disposed:false
114 silly fetch manifest typescript@^5.2.2
115 silly packumentCache full:https://registry.npmjs.org/typescript cache-miss
116 http fetch GET 200 https://registry.npmjs.org/typescript 635ms (cache miss)
117 silly packumentCache full:https://registry.npmjs.org/typescript set size:undefined disposed:false
118 silly placeDep ROOT @supabase/supabase-js@2.105.1 OK for: vowlink@0.0.0 want: ^2.39.0
119 silly placeDep ROOT @types/react@18.3.28 OK for: vowlink@0.0.0 want: ^18.2.43
120 silly placeDep ROOT @types/react-dom@18.3.7 OK for: vowlink@0.0.0 want: ^18.2.17
121 silly placeDep ROOT @typescript-eslint/eslint-plugin@6.21.0 OK for: vowlink@0.0.0 want: ^6.14.0
122 silly placeDep ROOT eslint@8.57.1 OK for: @typescript-eslint/eslint-plugin@6.21.0 want: ^7.0.0 || ^8.0.0
123 silly placeDep ROOT @typescript-eslint/parser@6.21.0 OK for: @typescript-eslint/eslint-plugin@6.21.0 want: ^6.0.0 || ^6.0.0-alpha
124 silly placeDep ROOT @vitejs/plugin-react@4.7.0 OK for: vowlink@0.0.0 want: ^4.2.1
125 silly placeDep ROOT vite@5.4.21 OK for: @vitejs/plugin-react@4.7.0 want: ^4.2.0 || ^5.0.0 || ^6.0.0 || ^7.0.0
126 silly placeDep ROOT autoprefixer@10.5.0 OK for: vowlink@0.0.0 want: ^10.4.16
127 silly placeDep ROOT postcss@8.5.12 OK for: autoprefixer@10.5.0 want: ^8.1.0
128 silly placeDep ROOT eslint-plugin-react-hooks@4.6.2 OK for: vowlink@0.0.0 want: ^4.6.0
129 silly placeDep ROOT eslint-plugin-react-refresh@0.4.26 OK for: vowlink@0.0.0 want: ^0.4.5
130 silly placeDep ROOT framer-motion@10.18.0 OK for: vowlink@0.0.0 want: ^10.16.4
131 silly placeDep ROOT lucide-react@0.300.0 OK for: vowlink@0.0.0 want: ^0.300.0
132 silly placeDep ROOT react@18.3.1 OK for: lucide-react@0.300.0 want: ^16.5.1 || ^17.0.0 || ^18.0.0
133 silly placeDep ROOT react-dom@18.3.1 OK for: vowlink@0.0.0 want: ^18.2.0
134 silly placeDep ROOT tailwindcss@3.4.19 OK for: vowlink@0.0.0 want: ^3.4.0
135 silly placeDep ROOT typescript@5.9.3 OK for: vowlink@0.0.0 want: ^5.2.2
136 silly fetch manifest @supabase/auth-js@2.105.1
137 silly packumentCache full:https://registry.npmjs.org/@supabase%2fauth-js cache-miss
138 silly fetch manifest @supabase/storage-js@2.105.1
139 silly packumentCache full:https://registry.npmjs.org/@supabase%2fstorage-js cache-miss
140 silly fetch manifest @supabase/realtime-js@2.105.1
141 silly packumentCache full:https://registry.npmjs.org/@supabase%2frealtime-js cache-miss
142 silly fetch manifest @supabase/functions-js@2.105.1
143 silly packumentCache full:https://registry.npmjs.org/@supabase%2ffunctions-js cache-miss
144 silly fetch manifest @supabase/postgrest-js@2.105.1
145 silly packumentCache full:https://registry.npmjs.org/@supabase%2fpostgrest-js cache-miss
146 silly fetch manifest csstype@^3.2.2
147 silly packumentCache full:https://registry.npmjs.org/csstype cache-miss
148 silly fetch manifest @types/prop-types@*
149 silly packumentCache full:https://registry.npmjs.org/@types%2fprop-types cache-miss
150 http fetch GET 200 https://registry.npmjs.org/@supabase%2fauth-js 114ms (cache miss)
151 silly packumentCache full:https://registry.npmjs.org/@supabase%2fauth-js set size:undefined disposed:false
152 silly fetch manifest debug@^4.3.4
153 silly packumentCache full:https://registry.npmjs.org/debug cache-miss
154 http fetch GET 200 https://registry.npmjs.org/csstype 166ms (cache miss)
155 silly packumentCache full:https://registry.npmjs.org/csstype set size:undefined disposed:false
156 silly fetch manifest ignore@^5.2.4
157 silly packumentCache full:https://registry.npmjs.org/ignore cache-miss
158 http fetch GET 200 https://registry.npmjs.org/@types%2fprop-types 175ms (cache miss)
159 silly packumentCache full:https://registry.npmjs.org/@types%2fprop-types set size:undefined disposed:false
160 silly fetch manifest semver@^7.5.4
161 silly packumentCache full:https://registry.npmjs.org/semver cache-miss
162 http fetch GET 200 https://registry.npmjs.org/@supabase%2ffunctions-js 195ms (cache miss)
163 silly packumentCache full:https://registry.npmjs.org/@supabase%2ffunctions-js set size:undefined disposed:false
164 silly fetch manifest graphemer@^1.4.0
165 silly packumentCache full:https://registry.npmjs.org/graphemer cache-miss
166 http fetch GET 200 https://registry.npmjs.org/ignore 48ms (cache miss)
167 silly packumentCache full:https://registry.npmjs.org/ignore set size:undefined disposed:false
168 silly fetch manifest ts-api-utils@^1.0.1
169 silly packumentCache full:https://registry.npmjs.org/ts-api-utils cache-miss
170 http fetch GET 200 https://registry.npmjs.org/@supabase%2frealtime-js 227ms (cache miss)
171 silly packumentCache full:https://registry.npmjs.org/@supabase%2frealtime-js set size:undefined disposed:false
172 silly fetch manifest natural-compare@^1.4.0
173 silly packumentCache full:https://registry.npmjs.org/natural-compare cache-miss
174 http fetch GET 200 https://registry.npmjs.org/@supabase%2fstorage-js 236ms (cache miss)
175 silly packumentCache full:https://registry.npmjs.org/@supabase%2fstorage-js set size:undefined disposed:false
176 silly fetch manifest @typescript-eslint/utils@6.21.0
177 silly packumentCache full:https://registry.npmjs.org/@typescript-eslint%2futils cache-miss
178 http fetch GET 200 https://registry.npmjs.org/graphemer 42ms (cache miss)
179 silly packumentCache full:https://registry.npmjs.org/graphemer set size:undefined disposed:false
180 silly fetch manifest @eslint-community/regexpp@^4.5.1
181 silly packumentCache full:https://registry.npmjs.org/@eslint-community%2fregexpp cache-miss
182 http fetch GET 200 https://registry.npmjs.org/@supabase%2fpostgrest-js 243ms (cache miss)
183 silly packumentCache full:https://registry.npmjs.org/@supabase%2fpostgrest-js set size:undefined disposed:false
184 silly fetch manifest @typescript-eslint/type-utils@6.21.0
185 silly packumentCache full:https://registry.npmjs.org/@typescript-eslint%2ftype-utils cache-miss
186 http fetch GET 200 https://registry.npmjs.org/natural-compare 40ms (cache miss)
187 silly packumentCache full:https://registry.npmjs.org/natural-compare set size:undefined disposed:false
188 silly fetch manifest @typescript-eslint/visitor-keys@6.21.0
189 silly packumentCache full:https://registry.npmjs.org/@typescript-eslint%2fvisitor-keys cache-miss
190 http fetch GET 200 https://registry.npmjs.org/ts-api-utils 52ms (cache miss)
191 silly packumentCache full:https://registry.npmjs.org/ts-api-utils set size:undefined disposed:false
192 silly fetch manifest @typescript-eslint/scope-manager@6.21.0
193 silly packumentCache full:https://registry.npmjs.org/@typescript-eslint%2fscope-manager cache-miss
194 http fetch GET 200 https://registry.npmjs.org/@eslint-community%2fregexpp 62ms (cache miss)
195 silly packumentCache full:https://registry.npmjs.org/@eslint-community%2fregexpp set size:undefined disposed:false
196 silly fetch manifest debug@^4.3.4
197 silly packumentCache full:https://registry.npmjs.org/debug cache-miss
198 http fetch GET 200 https://registry.npmjs.org/semver 411ms (cache miss)
199 silly packumentCache full:https://registry.npmjs.org/semver set size:undefined disposed:false
200 silly fetch manifest @typescript-eslint/types@6.21.0
201 silly packumentCache full:https://registry.npmjs.org/@typescript-eslint%2ftypes cache-miss
202 http fetch GET 200 https://registry.npmjs.org/debug 485ms (cache miss)
203 silly packumentCache full:https://registry.npmjs.org/debug set size:undefined disposed:false
204 silly fetch manifest @typescript-eslint/visitor-keys@6.21.0
205 silly packumentCache full:https://registry.npmjs.org/@typescript-eslint%2fvisitor-keys cache-miss
206 http fetch GET 200 https://registry.npmjs.org/@typescript-eslint%2futils 647ms (cache miss)
207 silly packumentCache full:https://registry.npmjs.org/@typescript-eslint%2futils set size:undefined disposed:false
208 silly fetch manifest @typescript-eslint/scope-manager@6.21.0
209 silly packumentCache full:https://registry.npmjs.org/@typescript-eslint%2fscope-manager cache-miss
210 http fetch GET 200 https://registry.npmjs.org/debug 941ms (cache miss)
211 silly packumentCache full:https://registry.npmjs.org/debug set size:undefined disposed:false
212 silly fetch manifest @typescript-eslint/typescript-estree@6.21.0
213 silly packumentCache full:https://registry.npmjs.org/@typescript-eslint%2ftypescript-estree cache-miss
214 http fetch GET 200 https://registry.npmjs.org/@typescript-eslint%2fscope-manager 760ms (cache miss)
215 silly packumentCache full:https://registry.npmjs.org/@typescript-eslint%2fscope-manager set size:undefined disposed:false
216 silly fetch manifest ajv@^6.12.4
217 silly packumentCache full:https://registry.npmjs.org/ajv cache-miss
218 http fetch GET 200 https://registry.npmjs.org/ajv 91ms (cache miss)
219 silly packumentCache full:https://registry.npmjs.org/ajv set size:undefined disposed:false
220 silly fetch manifest levn@^0.4.1
221 silly packumentCache full:https://registry.npmjs.org/levn cache-miss
222 http fetch GET 200 https://registry.npmjs.org/levn 46ms (cache miss)
223 silly packumentCache full:https://registry.npmjs.org/levn set size:undefined disposed:false
224 silly fetch manifest chalk@^4.0.0
225 silly packumentCache full:https://registry.npmjs.org/chalk cache-miss
226 http fetch GET 200 https://registry.npmjs.org/chalk 61ms (cache miss)
227 silly packumentCache full:https://registry.npmjs.org/chalk set size:undefined disposed:false
228 silly fetch manifest debug@^4.3.2
229 silly packumentCache full:https://registry.npmjs.org/debug cache-miss
230 http cache https://registry.npmjs.org/debug 5ms (cache hit)
231 silly packumentCache full:https://registry.npmjs.org/debug set size:195840 disposed:false
232 silly fetch manifest espree@^9.6.1
233 silly packumentCache full:https://registry.npmjs.org/espree cache-miss
234 http fetch GET 200 https://registry.npmjs.org/espree 105ms (cache miss)
235 silly packumentCache full:https://registry.npmjs.org/espree set size:undefined disposed:false
236 silly fetch manifest ignore@^5.2.0
237 silly packumentCache full:https://registry.npmjs.org/ignore cache-miss
238 http cache https://registry.npmjs.org/ignore 3ms (cache hit)
239 silly packumentCache full:https://registry.npmjs.org/ignore set size:237380 disposed:false
240 silly fetch manifest esquery@^1.4.2
241 silly packumentCache full:https://registry.npmjs.org/esquery cache-miss
242 http fetch GET 200 https://registry.npmjs.org/@typescript-eslint%2fvisitor-keys 1429ms (cache miss)
243 silly packumentCache full:https://registry.npmjs.org/@typescript-eslint%2fvisitor-keys set size:undefined disposed:false
244 silly fetch manifest esutils@^2.0.2
245 silly packumentCache full:https://registry.npmjs.org/esutils cache-miss
246 http fetch GET 200 https://registry.npmjs.org/@typescript-eslint%2fscope-manager 1860ms (cache miss)
247 silly packumentCache full:https://registry.npmjs.org/@typescript-eslint%2fscope-manager set size:undefined disposed:false
248 silly fetch manifest find-up@^5.0.0
249 silly packumentCache full:https://registry.npmjs.org/find-up cache-miss
250 http fetch GET 200 https://registry.npmjs.org/esquery 143ms (cache miss)
251 silly packumentCache full:https://registry.npmjs.org/esquery set size:undefined disposed:false
252 silly fetch manifest globals@^13.19.0
253 silly packumentCache full:https://registry.npmjs.org/globals cache-miss
254 http fetch GET 200 https://registry.npmjs.org/esutils 108ms (cache miss)
255 silly packumentCache full:https://registry.npmjs.org/esutils set size:undefined disposed:false
256 silly fetch manifest is-glob@^4.0.0
257 silly packumentCache full:https://registry.npmjs.org/is-glob cache-miss
258 http fetch GET 200 https://registry.npmjs.org/@typescript-eslint%2ftype-utils 1927ms (cache miss)
259 silly packumentCache full:https://registry.npmjs.org/@typescript-eslint%2ftype-utils set size:undefined disposed:false
260 silly fetch manifest js-yaml@^4.1.0
261 silly packumentCache full:https://registry.npmjs.org/js-yaml cache-miss
262 http fetch GET 200 https://registry.npmjs.org/is-glob 42ms (cache miss)
263 silly packumentCache full:https://registry.npmjs.org/is-glob set size:undefined disposed:false
264 silly fetch manifest doctrine@^3.0.0
265 silly packumentCache full:https://registry.npmjs.org/doctrine cache-miss
266 http fetch GET 200 https://registry.npmjs.org/find-up 51ms (cache miss)
267 silly packumentCache full:https://registry.npmjs.org/find-up set size:undefined disposed:false
268 silly fetch manifest minimatch@^3.1.2
269 silly packumentCache full:https://registry.npmjs.org/minimatch cache-miss
270 http fetch GET 200 https://registry.npmjs.org/globals 59ms (cache miss)
271 silly packumentCache full:https://registry.npmjs.org/globals set size:undefined disposed:false
272 silly fetch manifest @eslint/js@8.57.1
273 silly packumentCache full:https://registry.npmjs.org/@eslint%2fjs cache-miss
274 http fetch GET 200 https://registry.npmjs.org/js-yaml 48ms (cache miss)
275 silly packumentCache full:https://registry.npmjs.org/js-yaml set size:undefined disposed:false
276 silly fetch manifest optionator@^0.9.3
277 silly packumentCache full:https://registry.npmjs.org/optionator cache-miss
278 http fetch GET 200 https://registry.npmjs.org/doctrine 54ms (cache miss)
279 silly packumentCache full:https://registry.npmjs.org/doctrine set size:undefined disposed:false
280 silly fetch manifest strip-ansi@^6.0.1
281 silly packumentCache full:https://registry.npmjs.org/strip-ansi cache-miss
282 http fetch GET 200 https://registry.npmjs.org/optionator 46ms (cache miss)
283 silly packumentCache full:https://registry.npmjs.org/optionator set size:undefined disposed:false
284 silly fetch manifest text-table@^0.2.0
285 silly packumentCache full:https://registry.npmjs.org/text-table cache-miss
286 http fetch GET 200 https://registry.npmjs.org/@eslint%2fjs 65ms (cache miss)
287 silly packumentCache full:https://registry.npmjs.org/@eslint%2fjs set size:undefined disposed:false
288 silly fetch manifest cross-spawn@^7.0.2
289 silly packumentCache full:https://registry.npmjs.org/cross-spawn cache-miss
290 http fetch GET 200 https://registry.npmjs.org/minimatch 80ms (cache miss)
291 silly packumentCache full:https://registry.npmjs.org/minimatch set size:undefined disposed:false
292 silly fetch manifest glob-parent@^6.0.2
293 silly packumentCache full:https://registry.npmjs.org/glob-parent cache-miss
294 http fetch GET 200 https://registry.npmjs.org/strip-ansi 54ms (cache miss)
295 silly packumentCache full:https://registry.npmjs.org/strip-ansi set size:undefined disposed:false
296 silly fetch manifest imurmurhash@^0.1.4
297 silly packumentCache full:https://registry.npmjs.org/imurmurhash cache-miss
298 http fetch GET 200 https://registry.npmjs.org/text-table 38ms (cache miss)
299 silly packumentCache full:https://registry.npmjs.org/text-table set size:undefined disposed:false
300 silly fetch manifest eslint-scope@^7.2.2
301 silly packumentCache full:https://registry.npmjs.org/eslint-scope cache-miss
302 http fetch GET 200 https://registry.npmjs.org/cross-spawn 46ms (cache miss)
303 silly packumentCache full:https://registry.npmjs.org/cross-spawn set size:undefined disposed:false
304 silly fetch manifest lodash.merge@^4.6.2
305 silly packumentCache full:https://registry.npmjs.org/lodash.merge cache-miss
306 http fetch GET 200 https://registry.npmjs.org/glob-parent 47ms (cache miss)
307 silly packumentCache full:https://registry.npmjs.org/glob-parent set size:undefined disposed:false
308 silly fetch manifest is-path-inside@^3.0.3
309 silly packumentCache full:https://registry.npmjs.org/is-path-inside cache-miss
310 http fetch GET 200 https://registry.npmjs.org/@typescript-eslint%2ftypescript-estree 1100ms (cache miss)
311 silly packumentCache full:https://registry.npmjs.org/@typescript-eslint%2ftypescript-estree set size:undefined disposed:false
312 silly fetch manifest fast-deep-equal@^3.1.3
313 silly packumentCache full:https://registry.npmjs.org/fast-deep-equal cache-miss
314 http fetch GET 200 https://registry.npmjs.org/imurmurhash 87ms (cache miss)
315 silly packumentCache full:https://registry.npmjs.org/imurmurhash set size:undefined disposed:false
316 silly fetch manifest @eslint/eslintrc@^2.1.4
317 silly packumentCache full:https://registry.npmjs.org/@eslint%2feslintrc cache-miss
318 http fetch GET 200 https://registry.npmjs.org/is-path-inside 66ms (cache miss)
319 silly packumentCache full:https://registry.npmjs.org/is-path-inside set size:undefined disposed:false
320 silly fetch manifest @nodelib/fs.walk@^1.2.8
321 silly packumentCache full:https://registry.npmjs.org/@nodelib%2ffs.walk cache-miss
322 http fetch GET 200 https://registry.npmjs.org/eslint-scope 81ms (cache miss)
323 silly packumentCache full:https://registry.npmjs.org/eslint-scope set size:undefined disposed:false
324 silly fetch manifest file-entry-cache@^6.0.1
325 silly packumentCache full:https://registry.npmjs.org/file-entry-cache cache-miss
326 http fetch GET 200 https://registry.npmjs.org/lodash.merge 71ms (cache miss)
327 silly packumentCache full:https://registry.npmjs.org/lodash.merge set size:undefined disposed:false
328 silly fetch manifest eslint-visitor-keys@^3.4.3
329 silly packumentCache full:https://registry.npmjs.org/eslint-visitor-keys cache-miss
330 http fetch GET 200 https://registry.npmjs.org/fast-deep-equal 46ms (cache miss)
331 silly packumentCache full:https://registry.npmjs.org/fast-deep-equal set size:undefined disposed:false
332 silly fetch manifest escape-string-regexp@^4.0.0
333 silly packumentCache full:https://registry.npmjs.org/escape-string-regexp cache-miss
334 http fetch GET 200 https://registry.npmjs.org/eslint-visitor-keys 45ms (cache miss)
335 silly packumentCache full:https://registry.npmjs.org/eslint-visitor-keys set size:undefined disposed:false
336 silly fetch manifest @ungap/structured-clone@^1.2.0
337 silly packumentCache full:https://registry.npmjs.org/@ungap%2fstructured-clone cache-miss
338 http fetch GET 200 https://registry.npmjs.org/file-entry-cache 48ms (cache miss)
339 silly packumentCache full:https://registry.npmjs.org/file-entry-cache set size:undefined disposed:false
340 silly fetch manifest @eslint-community/regexpp@^4.6.1
341 silly packumentCache full:https://registry.npmjs.org/@eslint-community%2fregexpp cache-miss
342 http cache https://registry.npmjs.org/@eslint-community%2fregexpp 2ms (cache hit)
343 silly packumentCache full:https://registry.npmjs.org/@eslint-community%2fregexpp set size:106609 disposed:false
344 silly fetch manifest @humanwhocodes/config-array@^0.13.0
345 silly packumentCache full:https://registry.npmjs.org/@humanwhocodes%2fconfig-array cache-miss
346 http fetch GET 200 https://registry.npmjs.org/@nodelib%2ffs.walk 56ms (cache miss)
347 silly packumentCache full:https://registry.npmjs.org/@nodelib%2ffs.walk set size:undefined disposed:false
348 silly fetch manifest @eslint-community/eslint-utils@^4.2.0
349 silly packumentCache full:https://registry.npmjs.org/@eslint-community%2feslint-utils cache-miss
350 http fetch GET 200 https://registry.npmjs.org/escape-string-regexp 55ms (cache miss)
351 silly packumentCache full:https://registry.npmjs.org/escape-string-regexp set size:undefined disposed:false
352 silly fetch manifest @humanwhocodes/module-importer@^1.0.1
353 silly packumentCache full:https://registry.npmjs.org/@humanwhocodes%2fmodule-importer cache-miss
354 http fetch GET 200 https://registry.npmjs.org/@ungap%2fstructured-clone 63ms (cache miss)
355 silly packumentCache full:https://registry.npmjs.org/@ungap%2fstructured-clone set size:undefined disposed:false
356 silly fetch manifest json-stable-stringify-without-jsonify@^1.0.1
357 silly packumentCache full:https://registry.npmjs.org/json-stable-stringify-without-jsonify cache-miss
358 http fetch GET 200 https://registry.npmjs.org/@eslint-community%2feslint-utils 56ms (cache miss)
359 silly packumentCache full:https://registry.npmjs.org/@eslint-community%2feslint-utils set size:undefined disposed:false
360 silly fetch manifest @babel/core@^7.28.0
361 silly packumentCache full:https://registry.npmjs.org/@babel%2fcore cache-miss
362 http fetch GET 200 https://registry.npmjs.org/@humanwhocodes%2fmodule-importer 62ms (cache miss)
363 silly packumentCache full:https://registry.npmjs.org/@humanwhocodes%2fmodule-importer set size:undefined disposed:false
364 silly fetch manifest react-refresh@^0.17.0
365 silly packumentCache full:https://registry.npmjs.org/react-refresh cache-miss
366 http fetch GET 200 https://registry.npmjs.org/json-stable-stringify-without-jsonify 40ms (cache miss)
367 silly packumentCache full:https://registry.npmjs.org/json-stable-stringify-without-jsonify set size:undefined disposed:false
368 silly fetch manifest @types/babel__core@^7.20.5
369 silly packumentCache full:https://registry.npmjs.org/@types%2fbabel__core cache-miss
370 http fetch GET 200 https://registry.npmjs.org/@types%2fbabel__core 107ms (cache miss)
371 silly packumentCache full:https://registry.npmjs.org/@types%2fbabel__core set size:undefined disposed:false
372 silly fetch manifest @rolldown/pluginutils@1.0.0-beta.27
373 silly packumentCache full:https://registry.npmjs.org/@rolldown%2fpluginutils cache-miss
374 http fetch GET 200 https://registry.npmjs.org/@babel%2fcore 151ms (cache miss)
375 silly packumentCache full:https://registry.npmjs.org/@babel%2fcore set size:undefined disposed:false
376 silly fetch manifest @babel/plugin-transform-react-jsx-self@^7.27.1
377 silly packumentCache full:https://registry.npmjs.org/@babel%2fplugin-transform-react-jsx-self cache-miss
378 http fetch GET 200 https://registry.npmjs.org/@eslint%2feslintrc 296ms (cache miss)
379 silly packumentCache full:https://registry.npmjs.org/@eslint%2feslintrc set size:undefined disposed:false
380 silly fetch manifest @babel/plugin-transform-react-jsx-source@^7.27.1
381 silly packumentCache full:https://registry.npmjs.org/@babel%2fplugin-transform-react-jsx-source cache-miss
382 http fetch GET 200 https://registry.npmjs.org/@rolldown%2fpluginutils 63ms (cache miss)
383 silly packumentCache full:https://registry.npmjs.org/@rolldown%2fpluginutils set size:undefined disposed:false
384 silly fetch manifest rollup@^4.20.0
385 silly packumentCache full:https://registry.npmjs.org/rollup cache-miss
386 http fetch GET 200 https://registry.npmjs.org/@humanwhocodes%2fconfig-array 282ms (cache miss)
387 silly packumentCache full:https://registry.npmjs.org/@humanwhocodes%2fconfig-array set size:undefined disposed:false
388 silly fetch manifest esbuild@^0.21.3
389 silly packumentCache full:https://registry.npmjs.org/esbuild cache-miss
390 http fetch GET 200 https://registry.npmjs.org/@babel%2fplugin-transform-react-jsx-self 70ms (cache miss)
391 silly packumentCache full:https://registry.npmjs.org/@babel%2fplugin-transform-react-jsx-self set size:undefined disposed:false
392 silly fetch manifest postcss@^8.4.43
393 silly packumentCache full:https://registry.npmjs.org/postcss cache-miss
394 http cache https://registry.npmjs.org/postcss 4ms (cache hit)
395 silly packumentCache full:https://registry.npmjs.org/postcss set size:714272 disposed:false
396 silly fetch manifest fsevents@~2.3.3
397 silly packumentCache full:https://registry.npmjs.org/fsevents cache-miss
398 http fetch GET 200 https://registry.npmjs.org/@babel%2fplugin-transform-react-jsx-source 85ms (cache miss)
399 silly packumentCache full:https://registry.npmjs.org/@babel%2fplugin-transform-react-jsx-source set size:undefined disposed:false
400 silly fetch manifest browserslist@^4.28.2
401 silly packumentCache full:https://registry.npmjs.org/browserslist cache-miss
402 http fetch GET 200 https://registry.npmjs.org/fsevents 60ms (cache miss)
403 silly packumentCache full:https://registry.npmjs.org/fsevents set size:undefined disposed:false
404 silly fetch manifest caniuse-lite@^1.0.30001787
405 silly packumentCache full:https://registry.npmjs.org/caniuse-lite cache-miss
406 http fetch GET 200 https://registry.npmjs.org/browserslist 272ms (cache miss)
407 silly packumentCache full:https://registry.npmjs.org/browserslist set size:undefined disposed:false
408 silly fetch manifest fraction.js@^5.3.4
409 silly packumentCache full:https://registry.npmjs.org/fraction.js cache-miss
410 http fetch GET 200 https://registry.npmjs.org/esbuild 325ms (cache miss)
411 silly packumentCache full:https://registry.npmjs.org/esbuild set size:undefined disposed:false
412 silly fetch manifest picocolors@^1.1.1
413 silly packumentCache full:https://registry.npmjs.org/picocolors cache-miss
414 http fetch GET 200 https://registry.npmjs.org/react-refresh 519ms (cache miss)
415 silly packumentCache full:https://registry.npmjs.org/react-refresh set size:undefined disposed:false
416 silly fetch manifest postcss-value-parser@^4.2.0
417 silly packumentCache full:https://registry.npmjs.org/postcss-value-parser cache-miss
418 http fetch GET 200 https://registry.npmjs.org/rollup 380ms (cache miss)
419 silly packumentCache full:https://registry.npmjs.org/rollup set size:undefined disposed:false
420 silly fetch manifest nanoid@^3.3.11
421 silly packumentCache full:https://registry.npmjs.org/nanoid cache-miss
422 http fetch GET 200 https://registry.npmjs.org/caniuse-lite 362ms (cache miss)
423 silly packumentCache full:https://registry.npmjs.org/caniuse-lite set size:undefined disposed:false
424 silly fetch manifest picocolors@^1.1.1
425 silly packumentCache full:https://registry.npmjs.org/picocolors cache-miss
426 http fetch GET 200 https://registry.npmjs.org/picocolors 119ms (cache miss)
427 silly packumentCache full:https://registry.npmjs.org/picocolors set size:undefined disposed:false
428 silly fetch manifest source-map-js@^1.2.1
429 silly packumentCache full:https://registry.npmjs.org/source-map-js cache-miss
430 http fetch GET 200 https://registry.npmjs.org/fraction.js 131ms (cache miss)
431 silly packumentCache full:https://registry.npmjs.org/fraction.js set size:undefined disposed:false
432 silly fetch manifest tslib@^2.4.0
433 silly packumentCache full:https://registry.npmjs.org/tslib cache-miss
434 http fetch GET 200 https://registry.npmjs.org/postcss-value-parser 122ms (cache miss)
435 silly packumentCache full:https://registry.npmjs.org/postcss-value-parser set size:undefined disposed:false
436 silly fetch manifest @emotion/is-prop-valid@^0.8.2
437 silly packumentCache full:https://registry.npmjs.org/@emotion%2fis-prop-valid cache-miss
438 http fetch GET 200 https://registry.npmjs.org/picocolors 49ms (cache miss)
439 silly packumentCache full:https://registry.npmjs.org/picocolors set size:undefined disposed:false
440 silly fetch manifest loose-envify@^1.1.0
441 silly packumentCache full:https://registry.npmjs.org/loose-envify cache-miss
442 http fetch GET 200 https://registry.npmjs.org/source-map-js 50ms (cache miss)
443 silly packumentCache full:https://registry.npmjs.org/source-map-js set size:undefined disposed:false
444 silly fetch manifest scheduler@^0.23.2
445 silly packumentCache full:https://registry.npmjs.org/scheduler cache-miss
446 http fetch GET 200 https://registry.npmjs.org/nanoid 105ms (cache miss)
447 silly packumentCache full:https://registry.npmjs.org/nanoid set size:undefined disposed:false
448 silly fetch manifest loose-envify@^1.1.0
449 silly packumentCache full:https://registry.npmjs.org/loose-envify cache-miss
450 http fetch GET 200 https://registry.npmjs.org/tslib 60ms (cache miss)
451 silly packumentCache full:https://registry.npmjs.org/tslib set size:undefined disposed:false
452 silly fetch manifest arg@^5.0.2
453 silly packumentCache full:https://registry.npmjs.org/arg cache-miss
454 http fetch GET 200 https://registry.npmjs.org/loose-envify 41ms (cache miss)
455 silly packumentCache full:https://registry.npmjs.org/loose-envify set size:undefined disposed:false
456 silly fetch manifest dlv@^1.1.3
457 silly packumentCache full:https://registry.npmjs.org/dlv cache-miss
458 http fetch GET 200 https://registry.npmjs.org/loose-envify 42ms (cache miss)
459 silly packumentCache full:https://registry.npmjs.org/loose-envify set size:undefined disposed:false
460 silly fetch manifest jiti@^1.21.7
461 silly packumentCache full:https://registry.npmjs.org/jiti cache-miss
462 http fetch GET 200 https://registry.npmjs.org/arg 56ms (cache miss)
463 silly packumentCache full:https://registry.npmjs.org/arg set size:undefined disposed:false
464 silly fetch manifest is-glob@^4.0.3
465 silly packumentCache full:https://registry.npmjs.org/is-glob cache-miss
466 http cache https://registry.npmjs.org/is-glob 2ms (cache hit)
467 silly packumentCache full:https://registry.npmjs.org/is-glob set size:40530 disposed:false
468 silly fetch manifest resolve@^1.22.8
469 silly packumentCache full:https://registry.npmjs.org/resolve cache-miss
470 http fetch GET 200 https://registry.npmjs.org/dlv 48ms (cache miss)
471 silly packumentCache full:https://registry.npmjs.org/dlv set size:undefined disposed:false
472 silly fetch manifest sucrase@^3.35.0
473 silly packumentCache full:https://registry.npmjs.org/sucrase cache-miss
474 http fetch GET 200 https://registry.npmjs.org/jiti 74ms (cache miss)
475 silly packumentCache full:https://registry.npmjs.org/jiti set size:undefined disposed:false
476 silly fetch manifest chokidar@^3.6.0
477 silly packumentCache full:https://registry.npmjs.org/chokidar cache-miss
478 http fetch GET 200 https://registry.npmjs.org/sucrase 68ms (cache miss)
479 silly packumentCache full:https://registry.npmjs.org/sucrase set size:undefined disposed:false
480 silly fetch manifest fast-glob@^3.3.2
481 silly packumentCache full:https://registry.npmjs.org/fast-glob cache-miss
482 http fetch GET 200 https://registry.npmjs.org/resolve 79ms (cache miss)
483 silly packumentCache full:https://registry.npmjs.org/resolve set size:undefined disposed:false
484 silly fetch manifest lilconfig@^3.1.3
485 silly packumentCache full:https://registry.npmjs.org/lilconfig cache-miss
486 http fetch GET 200 https://registry.npmjs.org/chokidar 57ms (cache miss)
487 silly packumentCache full:https://registry.npmjs.org/chokidar set size:undefined disposed:false
488 silly fetch manifest didyoumean@^1.2.2
489 silly packumentCache full:https://registry.npmjs.org/didyoumean cache-miss
490 http fetch GET 200 https://registry.npmjs.org/fast-glob 60ms (cache miss)
491 silly packumentCache full:https://registry.npmjs.org/fast-glob set size:undefined disposed:false
492 silly fetch manifest micromatch@^4.0.8
493 silly packumentCache full:https://registry.npmjs.org/micromatch cache-miss
494 http fetch GET 200 https://registry.npmjs.org/lilconfig 57ms (cache miss)
495 silly packumentCache full:https://registry.npmjs.org/lilconfig set size:undefined disposed:false
496 silly fetch manifest postcss-js@^4.0.1
497 silly packumentCache full:https://registry.npmjs.org/postcss-js cache-miss
498 http fetch GET 200 https://registry.npmjs.org/didyoumean 37ms (cache miss)
499 silly packumentCache full:https://registry.npmjs.org/didyoumean set size:undefined disposed:false
500 silly fetch manifest object-hash@^3.0.0
501 silly packumentCache full:https://registry.npmjs.org/object-hash cache-miss
502 http fetch GET 200 https://registry.npmjs.org/object-hash 48ms (cache miss)
503 silly packumentCache full:https://registry.npmjs.org/object-hash set size:undefined disposed:false
504 silly fetch manifest normalize-path@^3.0.0
505 silly packumentCache full:https://registry.npmjs.org/normalize-path cache-miss
506 http fetch GET 200 https://registry.npmjs.org/postcss-js 61ms (cache miss)
507 silly packumentCache full:https://registry.npmjs.org/postcss-js set size:undefined disposed:false
508 silly fetch manifest postcss-import@^15.1.0
509 silly packumentCache full:https://registry.npmjs.org/postcss-import cache-miss
510 http fetch GET 200 https://registry.npmjs.org/micromatch 64ms (cache miss)
511 silly packumentCache full:https://registry.npmjs.org/micromatch set size:undefined disposed:false
512 silly fetch manifest postcss-nested@^6.2.0
513 silly packumentCache full:https://registry.npmjs.org/postcss-nested cache-miss
514 http fetch GET 200 https://registry.npmjs.org/@typescript-eslint%2fvisitor-keys 3267ms (cache miss)
515 silly packumentCache full:https://registry.npmjs.org/@typescript-eslint%2fvisitor-keys set size:undefined disposed:false
516 silly fetch manifest @alloc/quick-lru@^5.2.0
517 silly packumentCache full:https://registry.npmjs.org/@alloc%2fquick-lru cache-miss
518 http fetch GET 200 https://registry.npmjs.org/normalize-path 61ms (cache miss)
519 silly packumentCache full:https://registry.npmjs.org/normalize-path set size:undefined disposed:false
520 silly fetch manifest postcss-load-config@^4.0.2 || ^5.0 || ^6.0
521 silly packumentCache full:https://registry.npmjs.org/postcss-load-config cache-miss
522 http fetch GET 200 https://registry.npmjs.org/postcss-nested 55ms (cache miss)
523 silly packumentCache full:https://registry.npmjs.org/postcss-nested set size:undefined disposed:false
524 silly fetch manifest postcss-selector-parser@^6.1.2
525 silly packumentCache full:https://registry.npmjs.org/postcss-selector-parser cache-miss
526 http fetch GET 200 https://registry.npmjs.org/scheduler 333ms (cache miss)
527 silly packumentCache full:https://registry.npmjs.org/scheduler set size:undefined disposed:false
528 http fetch GET 200 https://registry.npmjs.org/postcss-import 79ms (cache miss)
529 silly packumentCache full:https://registry.npmjs.org/postcss-import set size:undefined disposed:false
530 http fetch GET 200 https://registry.npmjs.org/@alloc%2fquick-lru 141ms (cache miss)
531 silly packumentCache full:https://registry.npmjs.org/@alloc%2fquick-lru set size:undefined disposed:false
532 http fetch GET 200 https://registry.npmjs.org/postcss-load-config 135ms (cache miss)
533 silly packumentCache full:https://registry.npmjs.org/postcss-load-config set size:undefined disposed:false
534 http fetch GET 200 https://registry.npmjs.org/postcss-selector-parser 135ms (cache miss)
535 silly packumentCache full:https://registry.npmjs.org/postcss-selector-parser set size:undefined disposed:false
536 http fetch GET 200 https://registry.npmjs.org/@emotion%2fis-prop-valid 681ms (cache miss)
537 silly packumentCache full:https://registry.npmjs.org/@emotion%2fis-prop-valid set size:undefined disposed:false
538 http fetch GET 200 https://registry.npmjs.org/@typescript-eslint%2ftypes 3389ms (cache miss)
539 silly packumentCache full:https://registry.npmjs.org/@typescript-eslint%2ftypes set size:undefined disposed:false
540 silly placeDep ROOT @supabase/auth-js@2.105.1 OK for: @supabase/supabase-js@2.105.1 want: 2.105.1
541 silly placeDep ROOT @supabase/functions-js@2.105.1 OK for: @supabase/supabase-js@2.105.1 want: 2.105.1
542 silly placeDep ROOT @supabase/postgrest-js@2.105.1 OK for: @supabase/supabase-js@2.105.1 want: 2.105.1
543 silly placeDep ROOT @supabase/realtime-js@2.105.1 OK for: @supabase/supabase-js@2.105.1 want: 2.105.1
544 silly placeDep ROOT @supabase/storage-js@2.105.1 OK for: @supabase/supabase-js@2.105.1 want: 2.105.1
545 silly fetch manifest tslib@2.8.1
546 silly packumentCache full:https://registry.npmjs.org/tslib cache-miss
547 silly fetch manifest tslib@2.8.1
548 silly packumentCache full:https://registry.npmjs.org/tslib cache-miss
549 silly fetch manifest tslib@2.8.1
550 silly packumentCache full:https://registry.npmjs.org/tslib cache-miss
551 silly fetch manifest ws@^8.18.2
552 silly packumentCache full:https://registry.npmjs.org/ws cache-miss
553 silly fetch manifest tslib@2.8.1
554 silly packumentCache full:https://registry.npmjs.org/tslib cache-miss
555 silly fetch manifest @types/ws@^8.18.1
556 silly packumentCache full:https://registry.npmjs.org/@types%2fws cache-miss
557 silly fetch manifest @supabase/phoenix@^0.4.1
558 silly packumentCache full:https://registry.npmjs.org/@supabase%2fphoenix cache-miss
559 http cache https://registry.npmjs.org/tslib 8ms (cache hit)
560 silly packumentCache full:https://registry.npmjs.org/tslib set size:108760 disposed:false
561 silly fetch manifest iceberg-js@^0.8.1
562 silly packumentCache full:https://registry.npmjs.org/iceberg-js cache-miss
563 http cache https://registry.npmjs.org/tslib 8ms (cache hit)
564 silly packumentCache full:https://registry.npmjs.org/tslib set size:108760 disposed:false
565 silly packumentCache full:https://registry.npmjs.org/tslib dispose
566 http cache https://registry.npmjs.org/tslib 9ms (cache hit)
567 silly packumentCache full:https://registry.npmjs.org/tslib set size:108760 disposed:true
568 silly packumentCache full:https://registry.npmjs.org/tslib dispose
569 http cache https://registry.npmjs.org/tslib 9ms (cache hit)
570 silly packumentCache full:https://registry.npmjs.org/tslib set size:108760 disposed:true
571 silly packumentCache full:https://registry.npmjs.org/tslib dispose
572 http fetch GET 200 https://registry.npmjs.org/@supabase%2fphoenix 58ms (cache miss)
573 silly packumentCache full:https://registry.npmjs.org/@supabase%2fphoenix set size:undefined disposed:false
574 http fetch GET 200 https://registry.npmjs.org/iceberg-js 51ms (cache miss)
575 silly packumentCache full:https://registry.npmjs.org/iceberg-js set size:undefined disposed:false
576 http fetch GET 200 https://registry.npmjs.org/ws 86ms (cache miss)
577 silly packumentCache full:https://registry.npmjs.org/ws set size:undefined disposed:false
578 http fetch GET 200 https://registry.npmjs.org/@types%2fws 91ms (cache miss)
579 silly packumentCache full:https://registry.npmjs.org/@types%2fws set size:undefined disposed:false
580 silly placeDep ROOT tslib@2.8.1 OK for: @supabase/auth-js@2.105.1 want: 2.8.1
581 silly fetch manifest bufferutil@^4.0.1
582 silly packumentCache full:https://registry.npmjs.org/bufferutil cache-miss
583 http fetch GET 200 https://registry.npmjs.org/bufferutil 116ms (cache miss)
584 silly packumentCache full:https://registry.npmjs.org/bufferutil set size:undefined disposed:false
585 silly fetch manifest utf-8-validate@>=5.0.2
586 silly packumentCache full:https://registry.npmjs.org/utf-8-validate cache-miss
587 http fetch GET 200 https://registry.npmjs.org/utf-8-validate 45ms (cache miss)
588 silly packumentCache full:https://registry.npmjs.org/utf-8-validate set size:undefined disposed:false
589 silly placeDep ROOT @supabase/phoenix@0.4.1 OK for: @supabase/realtime-js@2.105.1 want: ^0.4.1
590 silly placeDep ROOT @types/ws@8.18.1 OK for: @supabase/realtime-js@2.105.1 want: ^8.18.1
591 silly placeDep ROOT ws@8.20.0 OK for: @supabase/realtime-js@2.105.1 want: ^8.18.2
592 silly fetch manifest @types/node@*
593 silly packumentCache full:https://registry.npmjs.org/@types%2fnode cache-miss
594 http cache https://registry.npmjs.org/@types%2fnode 26ms (cache hit)
595 silly packumentCache full:https://registry.npmjs.org/@types%2fnode set size:10972342 disposed:false
596 silly placeDep ROOT iceberg-js@0.8.1 OK for: @supabase/storage-js@2.105.1 want: ^0.8.1
597 silly placeDep ROOT @types/prop-types@15.7.15 OK for: @types/react@18.3.28 want: *
598 silly placeDep ROOT csstype@3.2.3 OK for: @types/react@18.3.28 want: ^3.2.2
599 silly placeDep ROOT @types/node@25.6.0 OK for: @types/ws@8.18.1 want: *
600 silly fetch manifest undici-types@~7.19.0
601 silly packumentCache full:https://registry.npmjs.org/undici-types cache-miss
602 http fetch GET 200 https://registry.npmjs.org/undici-types 64ms (cache miss)
603 silly packumentCache full:https://registry.npmjs.org/undici-types set size:undefined disposed:false
604 silly placeDep ROOT undici-types@7.19.2 OK for: @types/node@25.6.0 want: ~7.19.0
605 silly fetch manifest typescript@>=4.2.0
606 silly packumentCache full:https://registry.npmjs.org/typescript cache-miss
607 http cache https://registry.npmjs.org/typescript 24ms (cache hit)
608 silly packumentCache full:https://registry.npmjs.org/typescript set size:15409943 disposed:false
609 silly fetch manifest eslint@^7.0.0 || ^8.0.0
610 silly packumentCache full:https://registry.npmjs.org/eslint cache-miss
611 http cache https://registry.npmjs.org/eslint 6ms (cache hit)
612 silly packumentCache full:https://registry.npmjs.org/eslint set size:1983515 disposed:false
613 silly placeDep ROOT @eslint-community/regexpp@4.12.2 OK for: @typescript-eslint/eslint-plugin@6.21.0 want: ^4.5.1
614 silly placeDep ROOT @typescript-eslint/scope-manager@6.21.0 OK for: @typescript-eslint/eslint-plugin@6.21.0 want: 6.21.0
615 silly placeDep ROOT @typescript-eslint/type-utils@6.21.0 OK for: @typescript-eslint/eslint-plugin@6.21.0 want: 6.21.0
616 silly placeDep ROOT @typescript-eslint/utils@6.21.0 OK for: @typescript-eslint/eslint-plugin@6.21.0 want: 6.21.0
617 silly placeDep ROOT @typescript-eslint/visitor-keys@6.21.0 OK for: @typescript-eslint/eslint-plugin@6.21.0 want: 6.21.0
618 silly placeDep ROOT debug@4.4.3 OK for: @typescript-eslint/eslint-plugin@6.21.0 want: ^4.3.4
619 silly placeDep ROOT graphemer@1.4.0 OK for: @typescript-eslint/eslint-plugin@6.21.0 want: ^1.4.0
620 silly placeDep ROOT ignore@5.3.2 OK for: @typescript-eslint/eslint-plugin@6.21.0 want: ^5.2.4
621 silly placeDep ROOT natural-compare@1.4.0 OK for: @typescript-eslint/eslint-plugin@6.21.0 want: ^1.4.0
622 silly placeDep ROOT semver@7.7.4 OK for: @typescript-eslint/eslint-plugin@6.21.0 want: ^7.5.4
623 silly placeDep ROOT ts-api-utils@1.4.3 OK for: @typescript-eslint/eslint-plugin@6.21.0 want: ^1.0.1
624 silly fetch manifest @types/semver@^7.5.0
625 silly packumentCache full:https://registry.npmjs.org/@types%2fsemver cache-miss
626 silly fetch manifest @types/json-schema@^7.0.12
627 silly packumentCache full:https://registry.npmjs.org/@types%2fjson-schema cache-miss
628 silly fetch manifest @eslint-community/eslint-utils@^4.4.0
629 silly packumentCache full:https://registry.npmjs.org/@eslint-community%2feslint-utils cache-miss
630 silly fetch manifest eslint-visitor-keys@^3.4.1
631 silly packumentCache full:https://registry.npmjs.org/eslint-visitor-keys cache-miss
632 silly fetch manifest ms@^2.1.3
633 silly packumentCache full:https://registry.npmjs.org/ms cache-miss
634 http cache https://registry.npmjs.org/@eslint-community%2feslint-utils 2ms (cache hit)
635 silly packumentCache full:https://registry.npmjs.org/@eslint-community%2feslint-utils set size:93301 disposed:false
636 http cache https://registry.npmjs.org/eslint-visitor-keys 3ms (cache hit)
637 silly packumentCache full:https://registry.npmjs.org/eslint-visitor-keys set size:69949 disposed:false
638 http fetch GET 200 https://registry.npmjs.org/ms 48ms (cache miss)
639 silly packumentCache full:https://registry.npmjs.org/ms set size:undefined disposed:false
640 http fetch GET 200 https://registry.npmjs.org/@types%2fjson-schema 54ms (cache miss)
641 silly packumentCache full:https://registry.npmjs.org/@types%2fjson-schema set size:undefined disposed:false
642 http fetch GET 200 https://registry.npmjs.org/@types%2fsemver 62ms (cache miss)
643 silly packumentCache full:https://registry.npmjs.org/@types%2fsemver set size:undefined disposed:false
644 silly placeDep ROOT @typescript-eslint/types@6.21.0 OK for: @typescript-eslint/parser@6.21.0 want: 6.21.0
645 silly placeDep ROOT @typescript-eslint/typescript-estree@6.21.0 OK for: @typescript-eslint/parser@6.21.0 want: 6.21.0
646 silly fetch manifest globby@^11.1.0
647 silly packumentCache full:https://registry.npmjs.org/globby cache-miss
648 silly fetch manifest minimatch@9.0.3
649 silly packumentCache full:https://registry.npmjs.org/minimatch cache-miss
650 http cache https://registry.npmjs.org/minimatch 1ms (cache hit)
651 silly packumentCache full:https://registry.npmjs.org/minimatch set size:375282 disposed:false
652 http fetch GET 200 https://registry.npmjs.org/globby 73ms (cache miss)
653 silly packumentCache full:https://registry.npmjs.org/globby set size:undefined disposed:false
654 silly placeDep ROOT globby@11.1.0 OK for: @typescript-eslint/typescript-estree@6.21.0 want: ^11.1.0
655 silly placeDep ROOT is-glob@4.0.3 OK for: @typescript-eslint/typescript-estree@6.21.0 want: ^4.0.3
656 silly placeDep ROOT minimatch@9.0.3 OK for: @typescript-eslint/typescript-estree@6.21.0 want: 9.0.3
657 silly fetch manifest slash@^3.0.0
658 silly packumentCache full:https://registry.npmjs.org/slash cache-miss
659 silly fetch manifest merge2@^1.4.1
660 silly packumentCache full:https://registry.npmjs.org/merge2 cache-miss
661 silly fetch manifest dir-glob@^3.0.1
662 silly packumentCache full:https://registry.npmjs.org/dir-glob cache-miss
663 silly fetch manifest fast-glob@^3.2.9
664 silly packumentCache full:https://registry.npmjs.org/fast-glob cache-miss
665 silly fetch manifest array-union@^2.1.0
666 silly packumentCache full:https://registry.npmjs.org/array-union cache-miss
667 silly fetch manifest is-extglob@^2.1.1
668 silly packumentCache full:https://registry.npmjs.org/is-extglob cache-miss
669 silly fetch manifest brace-expansion@^2.0.1
670 silly packumentCache full:https://registry.npmjs.org/brace-expansion cache-miss
671 http cache https://registry.npmjs.org/fast-glob 3ms (cache hit)
672 silly packumentCache full:https://registry.npmjs.org/fast-glob set size:220556 disposed:false
673 http fetch GET 200 https://registry.npmjs.org/dir-glob 119ms (cache miss)
674 silly packumentCache full:https://registry.npmjs.org/dir-glob set size:undefined disposed:false
675 http fetch GET 200 https://registry.npmjs.org/slash 120ms (cache miss)
676 silly packumentCache full:https://registry.npmjs.org/slash set size:undefined disposed:false
677 http fetch GET 200 https://registry.npmjs.org/is-extglob 120ms (cache miss)
678 silly packumentCache full:https://registry.npmjs.org/is-extglob set size:undefined disposed:false
679 http fetch GET 200 https://registry.npmjs.org/array-union 121ms (cache miss)
680 silly packumentCache full:https://registry.npmjs.org/array-union set size:undefined disposed:false
681 http fetch GET 200 https://registry.npmjs.org/merge2 121ms (cache miss)
682 silly packumentCache full:https://registry.npmjs.org/merge2 set size:undefined disposed:false
683 http fetch GET 200 https://registry.npmjs.org/brace-expansion 123ms (cache miss)
684 silly packumentCache full:https://registry.npmjs.org/brace-expansion set size:undefined disposed:false
685 silly placeDep ROOT @eslint-community/eslint-utils@4.9.1 OK for: @typescript-eslint/utils@6.21.0 want: ^4.4.0
686 silly placeDep ROOT @types/json-schema@7.0.15 OK for: @typescript-eslint/utils@6.21.0 want: ^7.0.12
687 silly placeDep ROOT @types/semver@7.7.1 OK for: @typescript-eslint/utils@6.21.0 want: ^7.5.0
688 silly placeDep ROOT eslint-visitor-keys@3.4.3 OK for: @eslint-community/eslint-utils@4.9.1 want: ^3.4.3
689 silly placeDep ROOT @babel/core@7.29.0 OK for: @vitejs/plugin-react@4.7.0 want: ^7.28.0
690 silly placeDep ROOT @babel/plugin-transform-react-jsx-self@7.27.1 OK for: @vitejs/plugin-react@4.7.0 want: ^7.27.1
691 silly placeDep ROOT @babel/plugin-transform-react-jsx-source@7.27.1 OK for: @vitejs/plugin-react@4.7.0 want: ^7.27.1
692 silly placeDep ROOT @rolldown/pluginutils@1.0.0-beta.27 OK for: @vitejs/plugin-react@4.7.0 want: 1.0.0-beta.27
693 silly placeDep ROOT @types/babel__core@7.20.5 OK for: @vitejs/plugin-react@4.7.0 want: ^7.20.5
694 silly placeDep ROOT react-refresh@0.17.0 OK for: @vitejs/plugin-react@4.7.0 want: ^0.17.0
695 silly fetch manifest json5@^2.2.3
696 silly packumentCache full:https://registry.npmjs.org/json5 cache-miss
697 silly fetch manifest semver@^6.3.1
698 silly packumentCache full:https://registry.npmjs.org/semver cache-miss
699 silly fetch manifest gensync@^1.0.0-beta.2
700 silly packumentCache full:https://registry.npmjs.org/gensync cache-miss
701 silly fetch manifest @babel/types@^7.29.0
702 silly packumentCache full:https://registry.npmjs.org/@babel%2ftypes cache-miss
703 silly fetch manifest @babel/parser@^7.29.0
704 silly packumentCache full:https://registry.npmjs.org/@babel%2fparser cache-miss
705 silly fetch manifest @babel/helpers@^7.28.6
706 silly packumentCache full:https://registry.npmjs.org/@babel%2fhelpers cache-miss
707 silly fetch manifest @babel/template@^7.28.6
708 silly packumentCache full:https://registry.npmjs.org/@babel%2ftemplate cache-miss
709 http cache https://registry.npmjs.org/semver 6ms (cache hit)
710 silly packumentCache full:https://registry.npmjs.org/semver set size:229571 disposed:false
711 silly fetch manifest @babel/traverse@^7.29.0
712 silly packumentCache full:https://registry.npmjs.org/@babel%2ftraverse cache-miss
713 http fetch GET 200 https://registry.npmjs.org/gensync 42ms (cache miss)
714 silly packumentCache full:https://registry.npmjs.org/gensync set size:undefined disposed:false
715 silly fetch manifest @babel/generator@^7.29.0
716 silly packumentCache full:https://registry.npmjs.org/@babel%2fgenerator cache-miss
717 http fetch GET 200 https://registry.npmjs.org/json5 68ms (cache miss)
718 silly packumentCache full:https://registry.npmjs.org/json5 set size:undefined disposed:false
719 silly fetch manifest @babel/code-frame@^7.29.0
720 silly packumentCache full:https://registry.npmjs.org/@babel%2fcode-frame cache-miss
721 http fetch GET 200 https://registry.npmjs.org/@babel%2ftemplate 85ms (cache miss)
722 silly packumentCache full:https://registry.npmjs.org/@babel%2ftemplate set size:undefined disposed:false
723 silly fetch manifest convert-source-map@^2.0.0
724 silly packumentCache full:https://registry.npmjs.org/convert-source-map cache-miss
725 http fetch GET 200 https://registry.npmjs.org/@babel%2ftypes 92ms (cache miss)
726 silly packumentCache full:https://registry.npmjs.org/@babel%2ftypes set size:undefined disposed:false
727 silly fetch manifest @jridgewell/remapping@^2.3.5
728 silly packumentCache full:https://registry.npmjs.org/@jridgewell%2fremapping cache-miss
729 http fetch GET 200 https://registry.npmjs.org/@babel%2fhelpers 95ms (cache miss)
730 silly packumentCache full:https://registry.npmjs.org/@babel%2fhelpers set size:undefined disposed:false
731 silly fetch manifest @babel/helper-module-transforms@^7.28.6
732 silly packumentCache full:https://registry.npmjs.org/@babel%2fhelper-module-transforms cache-miss
733 http fetch GET 200 https://registry.npmjs.org/@babel%2ftraverse 90ms (cache miss)
734 silly packumentCache full:https://registry.npmjs.org/@babel%2ftraverse set size:undefined disposed:false
735 silly fetch manifest @babel/helper-compilation-targets@^7.28.6
736 silly packumentCache full:https://registry.npmjs.org/@babel%2fhelper-compilation-targets cache-miss
737 http fetch GET 200 https://registry.npmjs.org/@babel%2fgenerator 90ms (cache miss)
738 silly packumentCache full:https://registry.npmjs.org/@babel%2fgenerator set size:undefined disposed:false
739 silly fetch manifest @babel/helper-plugin-utils@^7.27.1
740 silly packumentCache full:https://registry.npmjs.org/@babel%2fhelper-plugin-utils cache-miss
741 http fetch GET 200 https://registry.npmjs.org/convert-source-map 53ms (cache miss)
742 silly packumentCache full:https://registry.npmjs.org/convert-source-map set size:undefined disposed:false
743 silly fetch manifest @babel/helper-plugin-utils@^7.27.1
744 silly packumentCache full:https://registry.npmjs.org/@babel%2fhelper-plugin-utils cache-miss
745 http fetch GET 200 https://registry.npmjs.org/@jridgewell%2fremapping 62ms (cache miss)
746 silly packumentCache full:https://registry.npmjs.org/@jridgewell%2fremapping set size:undefined disposed:false
747 silly fetch manifest @babel/types@^7.20.7
748 silly packumentCache full:https://registry.npmjs.org/@babel%2ftypes cache-miss
749 http fetch GET 200 https://registry.npmjs.org/@babel%2fcode-frame 88ms (cache miss)
750 silly packumentCache full:https://registry.npmjs.org/@babel%2fcode-frame set size:undefined disposed:false
751 silly fetch manifest @babel/parser@^7.20.7
752 silly packumentCache full:https://registry.npmjs.org/@babel%2fparser cache-miss
753 http cache https://registry.npmjs.org/@babel%2ftypes 4ms (cache hit)
754 silly packumentCache full:https://registry.npmjs.org/@babel%2ftypes set size:489931 disposed:false
755 silly fetch manifest @types/babel__template@*
756 silly packumentCache full:https://registry.npmjs.org/@types%2fbabel__template cache-miss
757 http fetch GET 200 https://registry.npmjs.org/@babel%2fhelper-compilation-targets 72ms (cache miss)
758 silly packumentCache full:https://registry.npmjs.org/@babel%2fhelper-compilation-targets set size:undefined disposed:false
759 silly fetch manifest @types/babel__traverse@*
760 silly packumentCache full:https://registry.npmjs.org/@types%2fbabel__traverse cache-miss
761 http fetch GET 200 https://registry.npmjs.org/@babel%2fhelper-module-transforms 85ms (cache miss)
762 silly packumentCache full:https://registry.npmjs.org/@babel%2fhelper-module-transforms set size:undefined disposed:false
763 silly fetch manifest @types/babel__generator@*
764 silly packumentCache full:https://registry.npmjs.org/@types%2fbabel__generator cache-miss
765 http fetch GET 200 https://registry.npmjs.org/@babel%2fparser 199ms (cache miss)
766 silly packumentCache full:https://registry.npmjs.org/@babel%2fparser set size:undefined disposed:false
767 http fetch GET 200 https://registry.npmjs.org/@babel%2fhelper-plugin-utils 67ms (cache miss)
768 silly packumentCache full:https://registry.npmjs.org/@babel%2fhelper-plugin-utils set size:undefined disposed:false
769 http fetch GET 200 https://registry.npmjs.org/@babel%2fhelper-plugin-utils 71ms (cache miss)
770 silly packumentCache full:https://registry.npmjs.org/@babel%2fhelper-plugin-utils set size:undefined disposed:false
771 http fetch GET 200 https://registry.npmjs.org/@types%2fbabel__template 61ms (cache miss)
772 silly packumentCache full:https://registry.npmjs.org/@types%2fbabel__template set size:undefined disposed:false
773 http fetch GET 200 https://registry.npmjs.org/@types%2fbabel__traverse 64ms (cache miss)
774 silly packumentCache full:https://registry.npmjs.org/@types%2fbabel__traverse set size:undefined disposed:false
775 http fetch GET 200 https://registry.npmjs.org/@babel%2fparser 106ms (cache miss)
776 silly packumentCache full:https://registry.npmjs.org/@babel%2fparser set size:undefined disposed:false
777 http fetch GET 200 https://registry.npmjs.org/@types%2fbabel__generator 326ms (cache miss)
778 silly packumentCache full:https://registry.npmjs.org/@types%2fbabel__generator set size:undefined disposed:false
779 silly fetch manifest @babel/core@^7.0.0
780 silly packumentCache full:https://registry.npmjs.org/@babel%2fcore cache-miss
781 http cache https://registry.npmjs.org/@babel%2fcore 5ms (cache hit)
782 silly packumentCache full:https://registry.npmjs.org/@babel%2fcore set size:764052 disposed:false
783 silly placeDep ROOT @babel/code-frame@7.29.0 OK for: @babel/core@7.29.0 want: ^7.29.0
784 silly placeDep ROOT @babel/generator@7.29.1 OK for: @babel/core@7.29.0 want: ^7.29.0
785 silly placeDep ROOT @babel/helper-compilation-targets@7.28.6 OK for: @babel/core@7.29.0 want: ^7.28.6
786 silly placeDep ROOT @babel/helper-module-transforms@7.28.6 OK for: @babel/core@7.29.0 want: ^7.28.6
787 silly placeDep ROOT @babel/helpers@7.29.2 OK for: @babel/core@7.29.0 want: ^7.28.6
788 silly placeDep ROOT @babel/parser@7.29.2 OK for: @babel/core@7.29.0 want: ^7.29.0
789 silly placeDep ROOT @babel/template@7.28.6 OK for: @babel/core@7.29.0 want: ^7.28.6
790 silly placeDep ROOT @babel/traverse@7.29.0 OK for: @babel/core@7.29.0 want: ^7.29.0
791 silly placeDep ROOT @babel/types@7.29.0 OK for: @babel/core@7.29.0 want: ^7.29.0
792 silly placeDep ROOT @jridgewell/remapping@2.3.5 OK for: @babel/core@7.29.0 want: ^2.3.5
793 silly placeDep ROOT convert-source-map@2.0.0 OK for: @babel/core@7.29.0 want: ^2.0.0
794 silly placeDep ROOT gensync@1.0.0-beta.2 OK for: @babel/core@7.29.0 want: ^1.0.0-beta.2
795 silly placeDep ROOT json5@2.2.3 OK for: @babel/core@7.29.0 want: ^2.2.3
796 silly placeDep node_modules/@babel/core semver@6.3.1 OK for: @babel/core@7.29.0 want: ^6.3.1
797 silly fetch manifest js-tokens@^4.0.0
798 silly packumentCache full:https://registry.npmjs.org/js-tokens cache-miss
799 silly fetch manifest @babel/helper-validator-identifier@^7.28.5
800 silly packumentCache full:https://registry.npmjs.org/@babel%2fhelper-validator-identifier cache-miss
801 silly fetch manifest jsesc@^3.0.2
802 silly packumentCache full:https://registry.npmjs.org/jsesc cache-miss
803 silly fetch manifest @jridgewell/gen-mapping@^0.3.12
804 silly packumentCache full:https://registry.npmjs.org/@jridgewell%2fgen-mapping cache-miss
805 silly fetch manifest @jridgewell/trace-mapping@^0.3.28
806 silly packumentCache full:https://registry.npmjs.org/@jridgewell%2ftrace-mapping cache-miss
807 silly fetch manifest lru-cache@^5.1.1
808 silly packumentCache full:https://registry.npmjs.org/lru-cache cache-miss
809 silly fetch manifest browserslist@^4.24.0
810 silly packumentCache full:https://registry.npmjs.org/browserslist cache-miss
811 http cache https://registry.npmjs.org/browserslist 3ms (cache hit)
812 silly packumentCache full:https://registry.npmjs.org/browserslist set size:504681 disposed:false
813 silly fetch manifest @babel/compat-data@^7.28.6
814 silly packumentCache full:https://registry.npmjs.org/@babel%2fcompat-data cache-miss
815 http fetch GET 200 https://registry.npmjs.org/jsesc 54ms (cache miss)
816 silly packumentCache full:https://registry.npmjs.org/jsesc set size:undefined disposed:false
817 silly fetch manifest @babel/helper-validator-option@^7.27.1
818 silly packumentCache full:https://registry.npmjs.org/@babel%2fhelper-validator-option cache-miss
819 http fetch GET 200 https://registry.npmjs.org/js-tokens 56ms (cache miss)
820 silly packumentCache full:https://registry.npmjs.org/js-tokens set size:undefined disposed:false
821 silly fetch manifest @babel/traverse@^7.28.6
822 silly packumentCache full:https://registry.npmjs.org/@babel%2ftraverse cache-miss
823 http fetch GET 200 https://registry.npmjs.org/@babel%2fhelper-validator-identifier 58ms (cache miss)
824 silly packumentCache full:https://registry.npmjs.org/@babel%2fhelper-validator-identifier set size:undefined disposed:false
825 silly fetch manifest @babel/helper-module-imports@^7.28.6
826 silly packumentCache full:https://registry.npmjs.org/@babel%2fhelper-module-imports cache-miss
827 http cache https://registry.npmjs.org/@babel%2ftraverse 3ms (cache hit)
828 silly packumentCache full:https://registry.npmjs.org/@babel%2ftraverse set size:550946 disposed:false
829 silly fetch manifest @babel/types@^7.28.6
830 silly packumentCache full:https://registry.npmjs.org/@babel%2ftypes cache-hit
831 silly fetch manifest @babel/helper-globals@^7.28.0
832 silly packumentCache full:https://registry.npmjs.org/@babel%2fhelper-globals cache-miss
833 http fetch GET 200 https://registry.npmjs.org/@jridgewell%2fgen-mapping 70ms (cache miss)
834 silly packumentCache full:https://registry.npmjs.org/@jridgewell%2fgen-mapping set size:undefined disposed:false
835 silly fetch manifest @babel/helper-string-parser@^7.27.1
836 silly packumentCache full:https://registry.npmjs.org/@babel%2fhelper-string-parser cache-miss
837 http fetch GET 200 https://registry.npmjs.org/@jridgewell%2ftrace-mapping 72ms (cache miss)
838 silly packumentCache full:https://registry.npmjs.org/@jridgewell%2ftrace-mapping set size:undefined disposed:false
839 silly fetch manifest @jridgewell/gen-mapping@^0.3.5
840 silly packumentCache full:https://registry.npmjs.org/@jridgewell%2fgen-mapping cache-miss
841 http cache https://registry.npmjs.org/@jridgewell%2fgen-mapping 1ms (cache hit)
842 silly packumentCache full:https://registry.npmjs.org/@jridgewell%2fgen-mapping set size:80719 disposed:false
843 silly fetch manifest @jridgewell/trace-mapping@^0.3.24
844 silly packumentCache full:https://registry.npmjs.org/@jridgewell%2ftrace-mapping cache-miss
845 http cache https://registry.npmjs.org/@jridgewell%2ftrace-mapping 8ms (cache hit)
846 silly packumentCache full:https://registry.npmjs.org/@jridgewell%2ftrace-mapping set size:170909 disposed:false
847 http fetch GET 200 https://registry.npmjs.org/lru-cache 86ms (cache miss)
848 silly packumentCache full:https://registry.npmjs.org/lru-cache set size:undefined disposed:false
849 http fetch GET 200 https://registry.npmjs.org/@babel%2fcompat-data 81ms (cache miss)
850 silly packumentCache full:https://registry.npmjs.org/@babel%2fcompat-data set size:undefined disposed:false
851 http fetch GET 200 https://registry.npmjs.org/@babel%2fhelper-globals 42ms (cache miss)
852 silly packumentCache full:https://registry.npmjs.org/@babel%2fhelper-globals set size:undefined disposed:false
853 http fetch GET 200 https://registry.npmjs.org/@babel%2fhelper-validator-option 63ms (cache miss)
854 silly packumentCache full:https://registry.npmjs.org/@babel%2fhelper-validator-option set size:undefined disposed:false
855 http fetch GET 200 https://registry.npmjs.org/@babel%2fhelper-string-parser 64ms (cache miss)
856 silly packumentCache full:https://registry.npmjs.org/@babel%2fhelper-string-parser set size:undefined disposed:false
857 http fetch GET 200 https://registry.npmjs.org/@babel%2fhelper-module-imports 90ms (cache miss)
858 silly packumentCache full:https://registry.npmjs.org/@babel%2fhelper-module-imports set size:undefined disposed:false
859 silly placeDep ROOT @babel/helper-validator-identifier@7.28.5 OK for: @babel/code-frame@7.29.0 want: ^7.28.5
860 silly placeDep ROOT js-tokens@4.0.0 OK for: @babel/code-frame@7.29.0 want: ^4.0.0
861 silly placeDep ROOT picocolors@1.1.1 OK for: @babel/code-frame@7.29.0 want: ^1.1.1
862 silly placeDep ROOT @jridgewell/gen-mapping@0.3.13 OK for: @babel/generator@7.29.1 want: ^0.3.12
863 silly placeDep ROOT @jridgewell/trace-mapping@0.3.31 OK for: @babel/generator@7.29.1 want: ^0.3.28
864 silly placeDep ROOT jsesc@3.1.0 OK for: @babel/generator@7.29.1 want: ^3.0.2
865 silly fetch manifest @jridgewell/sourcemap-codec@^1.5.0
866 silly packumentCache full:https://registry.npmjs.org/@jridgewell%2fsourcemap-codec cache-miss
867 silly fetch manifest @jridgewell/resolve-uri@^3.1.0
868 silly packumentCache full:https://registry.npmjs.org/@jridgewell%2fresolve-uri cache-miss
869 silly fetch manifest @jridgewell/sourcemap-codec@^1.4.14
870 silly packumentCache full:https://registry.npmjs.org/@jridgewell%2fsourcemap-codec cache-miss
871 http fetch GET 200 https://registry.npmjs.org/@jridgewell%2fsourcemap-codec 55ms (cache miss)
872 silly packumentCache full:https://registry.npmjs.org/@jridgewell%2fsourcemap-codec set size:undefined disposed:false
873 http fetch GET 200 https://registry.npmjs.org/@jridgewell%2fsourcemap-codec 87ms (cache miss)
874 silly packumentCache full:https://registry.npmjs.org/@jridgewell%2fsourcemap-codec set size:undefined disposed:false
875 http fetch GET 200 https://registry.npmjs.org/@jridgewell%2fresolve-uri 89ms (cache miss)
876 silly packumentCache full:https://registry.npmjs.org/@jridgewell%2fresolve-uri set size:undefined disposed:false
877 silly placeDep ROOT @babel/compat-data@7.29.0 OK for: @babel/helper-compilation-targets@7.28.6 want: ^7.28.6
878 silly placeDep ROOT @babel/helper-validator-option@7.27.1 OK for: @babel/helper-compilation-targets@7.28.6 want: ^7.27.1
879 silly placeDep ROOT browserslist@4.28.2 OK for: @babel/helper-compilation-targets@7.28.6 want: ^4.24.0
880 silly placeDep ROOT lru-cache@5.1.1 OK for: @babel/helper-compilation-targets@7.28.6 want: ^5.1.1
881 silly placeDep node_modules/@babel/helper-compilation-targets semver@6.3.1 OK for: @babel/helper-compilation-targets@7.28.6 want: ^6.3.1
882 silly fetch manifest baseline-browser-mapping@^2.10.12
883 silly packumentCache full:https://registry.npmjs.org/baseline-browser-mapping cache-miss
884 silly fetch manifest caniuse-lite@^1.0.30001782
885 silly packumentCache full:https://registry.npmjs.org/caniuse-lite cache-miss
886 silly fetch manifest electron-to-chromium@^1.5.328
887 silly packumentCache full:https://registry.npmjs.org/electron-to-chromium cache-miss
888 silly fetch manifest node-releases@^2.0.36
889 silly packumentCache full:https://registry.npmjs.org/node-releases cache-miss
890 silly fetch manifest update-browserslist-db@^1.2.3
891 silly packumentCache full:https://registry.npmjs.org/update-browserslist-db cache-miss
892 silly fetch manifest yallist@^3.0.2
893 silly packumentCache full:https://registry.npmjs.org/yallist cache-miss
894 http cache https://registry.npmjs.org/caniuse-lite 10ms (cache hit)
895 silly packumentCache full:https://registry.npmjs.org/caniuse-lite set size:2289092 disposed:false
896 http fetch GET 200 https://registry.npmjs.org/yallist 47ms (cache miss)
897 silly packumentCache full:https://registry.npmjs.org/yallist set size:undefined disposed:false
898 http fetch GET 200 https://registry.npmjs.org/update-browserslist-db 54ms (cache miss)
899 silly packumentCache full:https://registry.npmjs.org/update-browserslist-db set size:undefined disposed:false
900 http fetch GET 200 https://registry.npmjs.org/baseline-browser-mapping 62ms (cache miss)
901 silly packumentCache full:https://registry.npmjs.org/baseline-browser-mapping set size:undefined disposed:false
902 http fetch GET 200 https://registry.npmjs.org/node-releases 105ms (cache miss)
903 silly packumentCache full:https://registry.npmjs.org/node-releases set size:undefined disposed:false
904 http fetch GET 200 https://registry.npmjs.org/electron-to-chromium 641ms (cache miss)
905 silly packumentCache full:https://registry.npmjs.org/electron-to-chromium set size:undefined disposed:false
906 silly placeDep ROOT @babel/helper-module-imports@7.28.6 OK for: @babel/helper-module-transforms@7.28.6 want: ^7.28.6
907 silly placeDep ROOT @babel/helper-plugin-utils@7.28.6 OK for: @babel/plugin-transform-react-jsx-self@7.27.1 want: ^7.27.1
908 silly placeDep ROOT @babel/helper-globals@7.28.0 OK for: @babel/traverse@7.29.0 want: ^7.28.0
909 silly placeDep ROOT @babel/helper-string-parser@7.27.1 OK for: @babel/types@7.29.0 want: ^7.27.1
910 silly placeDep ROOT @jridgewell/sourcemap-codec@1.5.5 OK for: @jridgewell/gen-mapping@0.3.13 want: ^1.5.0
911 silly placeDep ROOT @jridgewell/resolve-uri@3.1.2 OK for: @jridgewell/trace-mapping@0.3.31 want: ^3.1.0
912 silly placeDep ROOT @types/babel__generator@7.27.0 OK for: @types/babel__core@7.20.5 want: *
913 silly placeDep ROOT @types/babel__template@7.4.4 OK for: @types/babel__core@7.20.5 want: *
914 silly placeDep ROOT @types/babel__traverse@7.28.0 OK for: @types/babel__core@7.20.5 want: *
915 silly placeDep ROOT caniuse-lite@1.0.30001791 OK for: autoprefixer@10.5.0 want: ^1.0.30001787
916 silly placeDep ROOT fraction.js@5.3.4 OK for: autoprefixer@10.5.0 want: ^5.3.4
917 silly placeDep ROOT postcss-value-parser@4.2.0 OK for: autoprefixer@10.5.0 want: ^4.2.0
918 silly fetch manifest browserslist@>= 4.21.0
919 silly packumentCache full:https://registry.npmjs.org/browserslist cache-hit
920 silly placeDep ROOT baseline-browser-mapping@2.10.24 OK for: browserslist@4.28.2 want: ^2.10.12
921 silly placeDep ROOT electron-to-chromium@1.5.345 OK for: browserslist@4.28.2 want: ^1.5.328
922 silly placeDep ROOT node-releases@2.0.38 OK for: browserslist@4.28.2 want: ^2.0.36
923 silly placeDep ROOT update-browserslist-db@1.2.3 OK for: browserslist@4.28.2 want: ^1.2.3
924 silly fetch manifest escalade@^3.2.0
925 silly packumentCache full:https://registry.npmjs.org/escalade cache-miss
926 http fetch GET 200 https://registry.npmjs.org/escalade 112ms (cache miss)
927 silly packumentCache full:https://registry.npmjs.org/escalade set size:undefined disposed:false
928 silly placeDep ROOT ms@2.1.3 OK for: debug@4.4.3 want: ^2.1.3
929 silly placeDep ROOT @eslint/eslintrc@2.1.4 OK for: eslint@8.57.1 want: ^2.1.4
930 silly placeDep ROOT @eslint/js@8.57.1 OK for: eslint@8.57.1 want: 8.57.1
931 silly placeDep ROOT @humanwhocodes/config-array@0.13.0 OK for: eslint@8.57.1 want: ^0.13.0
932 silly placeDep ROOT @humanwhocodes/module-importer@1.0.1 OK for: eslint@8.57.1 want: ^1.0.1
933 silly placeDep ROOT @nodelib/fs.walk@1.2.8 OK for: eslint@8.57.1 want: ^1.2.8
934 silly placeDep ROOT @ungap/structured-clone@1.3.0 OK for: eslint@8.57.1 want: ^1.2.0
935 silly placeDep ROOT ajv@6.15.0 OK for: eslint@8.57.1 want: ^6.12.4
936 silly placeDep ROOT chalk@4.1.2 OK for: eslint@8.57.1 want: ^4.0.0
937 silly placeDep ROOT cross-spawn@7.0.6 OK for: eslint@8.57.1 want: ^7.0.2
938 silly placeDep ROOT doctrine@3.0.0 OK for: eslint@8.57.1 want: ^3.0.0
939 silly placeDep ROOT escape-string-regexp@4.0.0 OK for: eslint@8.57.1 want: ^4.0.0
940 silly placeDep ROOT eslint-scope@7.2.2 OK for: eslint@8.57.1 want: ^7.2.2
941 silly placeDep ROOT espree@9.6.1 OK for: eslint@8.57.1 want: ^9.6.1
942 silly placeDep ROOT esquery@1.7.0 OK for: eslint@8.57.1 want: ^1.4.2
943 silly placeDep ROOT esutils@2.0.3 OK for: eslint@8.57.1 want: ^2.0.2
944 silly placeDep ROOT fast-deep-equal@3.1.3 OK for: eslint@8.57.1 want: ^3.1.3
945 silly placeDep ROOT file-entry-cache@6.0.1 OK for: eslint@8.57.1 want: ^6.0.1
946 silly placeDep ROOT find-up@5.0.0 OK for: eslint@8.57.1 want: ^5.0.0
947 silly placeDep ROOT glob-parent@6.0.2 OK for: eslint@8.57.1 want: ^6.0.2
948 silly placeDep ROOT globals@13.24.0 OK for: eslint@8.57.1 want: ^13.19.0
949 silly placeDep ROOT imurmurhash@0.1.4 OK for: eslint@8.57.1 want: ^0.1.4
950 silly placeDep ROOT is-path-inside@3.0.3 OK for: eslint@8.57.1 want: ^3.0.3
951 silly placeDep ROOT js-yaml@4.1.1 OK for: eslint@8.57.1 want: ^4.1.0
952 silly placeDep ROOT json-stable-stringify-without-jsonify@1.0.1 OK for: eslint@8.57.1 want: ^1.0.1
953 silly placeDep ROOT levn@0.4.1 OK for: eslint@8.57.1 want: ^0.4.1
954 silly placeDep ROOT lodash.merge@4.6.2 OK for: eslint@8.57.1 want: ^4.6.2
955 silly placeDep node_modules/eslint minimatch@3.1.5 OK for: eslint@8.57.1 want: ^3.1.2
956 silly placeDep ROOT optionator@0.9.4 OK for: eslint@8.57.1 want: ^0.9.3
957 silly placeDep ROOT strip-ansi@6.0.1 OK for: eslint@8.57.1 want: ^6.0.1
958 silly placeDep ROOT text-table@0.2.0 OK for: eslint@8.57.1 want: ^0.2.0
959 silly fetch manifest espree@^9.6.0
960 silly packumentCache full:https://registry.npmjs.org/espree cache-miss
961 silly fetch manifest import-fresh@^3.2.1
962 silly packumentCache full:https://registry.npmjs.org/import-fresh cache-miss
963 silly fetch manifest strip-json-comments@^3.1.1
964 silly packumentCache full:https://registry.npmjs.org/strip-json-comments cache-miss
965 silly fetch manifest minimatch@^3.0.5
966 silly packumentCache full:https://registry.npmjs.org/minimatch cache-hit
967 silly fetch manifest @humanwhocodes/object-schema@^2.0.3
968 silly packumentCache full:https://registry.npmjs.org/@humanwhocodes%2fobject-schema cache-miss
969 silly fetch manifest fastq@^1.6.0
970 silly packumentCache full:https://registry.npmjs.org/fastq cache-miss
971 silly fetch manifest @nodelib/fs.scandir@2.1.5
972 silly packumentCache full:https://registry.npmjs.org/@nodelib%2ffs.scandir cache-miss
973 silly fetch manifest uri-js@^4.2.2
974 silly packumentCache full:https://registry.npmjs.org/uri-js cache-miss
975 http cache https://registry.npmjs.org/espree 11ms (cache hit)
976 silly packumentCache full:https://registry.npmjs.org/espree set size:326080 disposed:false
977 silly fetch manifest fast-deep-equal@^3.1.1
978 silly packumentCache full:https://registry.npmjs.org/fast-deep-equal cache-miss
979 http cache https://registry.npmjs.org/fast-deep-equal 1ms (cache hit)
980 silly packumentCache full:https://registry.npmjs.org/fast-deep-equal set size:48634 disposed:false
981 silly fetch manifest json-schema-traverse@^0.4.1
982 silly packumentCache full:https://registry.npmjs.org/json-schema-traverse cache-miss
983 http fetch GET 200 https://registry.npmjs.org/fastq 50ms (cache miss)
984 silly packumentCache full:https://registry.npmjs.org/fastq set size:undefined disposed:false
985 silly fetch manifest fast-json-stable-stringify@^2.0.0
986 silly packumentCache full:https://registry.npmjs.org/fast-json-stable-stringify cache-miss
987 http fetch GET 200 https://registry.npmjs.org/import-fresh 56ms (cache miss)
988 silly packumentCache full:https://registry.npmjs.org/import-fresh set size:undefined disposed:false
989 silly fetch manifest ansi-styles@^4.1.0
990 silly packumentCache full:https://registry.npmjs.org/ansi-styles cache-miss
991 http fetch GET 200 https://registry.npmjs.org/strip-json-comments 56ms (cache miss)
992 silly packumentCache full:https://registry.npmjs.org/strip-json-comments set size:undefined disposed:false
993 silly fetch manifest supports-color@^7.1.0
994 silly packumentCache full:https://registry.npmjs.org/supports-color cache-miss
995 http fetch GET 200 https://registry.npmjs.org/uri-js 59ms (cache miss)
996 silly packumentCache full:https://registry.npmjs.org/uri-js set size:undefined disposed:false
997 silly fetch manifest which@^2.0.1
998 silly packumentCache full:https://registry.npmjs.org/which cache-miss
999 http fetch GET 200 https://registry.npmjs.org/@humanwhocodes%2fobject-schema 62ms (cache miss)
1000 silly packumentCache full:https://registry.npmjs.org/@humanwhocodes%2fobject-schema set size:undefined disposed:false
1001 silly fetch manifest path-key@^3.1.0
1002 silly packumentCache full:https://registry.npmjs.org/path-key cache-miss
1003 http fetch GET 200 https://registry.npmjs.org/json-schema-traverse 57ms (cache miss)
1004 silly packumentCache full:https://registry.npmjs.org/json-schema-traverse set size:undefined disposed:false
1005 silly fetch manifest shebang-command@^2.0.0
1006 silly packumentCache full:https://registry.npmjs.org/shebang-command cache-miss
1007 http fetch GET 200 https://registry.npmjs.org/@nodelib%2ffs.scandir 82ms (cache miss)
1008 silly packumentCache full:https://registry.npmjs.org/@nodelib%2ffs.scandir set size:undefined disposed:false
1009 silly fetch manifest esrecurse@^4.3.0
1010 silly packumentCache full:https://registry.npmjs.org/esrecurse cache-miss
1011 http fetch GET 200 https://registry.npmjs.org/fast-json-stable-stringify 39ms (cache miss)
1012 silly packumentCache full:https://registry.npmjs.org/fast-json-stable-stringify set size:undefined disposed:false
1013 silly fetch manifest estraverse@^5.2.0
1014 silly packumentCache full:https://registry.npmjs.org/estraverse cache-miss
1015 http fetch GET 200 https://registry.npmjs.org/path-key 45ms (cache miss)
1016 silly packumentCache full:https://registry.npmjs.org/path-key set size:undefined disposed:false
1017 silly fetch manifest acorn@^8.9.0
1018 silly packumentCache full:https://registry.npmjs.org/acorn cache-miss
1019 http fetch GET 200 https://registry.npmjs.org/supports-color 52ms (cache miss)
1020 silly packumentCache full:https://registry.npmjs.org/supports-color set size:undefined disposed:false
1021 silly fetch manifest acorn-jsx@^5.3.2
1022 silly packumentCache full:https://registry.npmjs.org/acorn-jsx cache-miss
1023 http fetch GET 200 https://registry.npmjs.org/ansi-styles 54ms (cache miss)
1024 silly packumentCache full:https://registry.npmjs.org/ansi-styles set size:undefined disposed:false
1025 silly fetch manifest estraverse@^5.1.0
1026 silly packumentCache full:https://registry.npmjs.org/estraverse cache-miss
1027 http fetch GET 200 https://registry.npmjs.org/which 50ms (cache miss)
1028 silly packumentCache full:https://registry.npmjs.org/which set size:undefined disposed:false
1029 silly fetch manifest flat-cache@^3.0.4
1030 silly packumentCache full:https://registry.npmjs.org/flat-cache cache-miss
1031 http fetch GET 200 https://registry.npmjs.org/shebang-command 45ms (cache miss)
1032 silly packumentCache full:https://registry.npmjs.org/shebang-command set size:undefined disposed:false
1033 silly fetch manifest locate-path@^6.0.0
1034 silly packumentCache full:https://registry.npmjs.org/locate-path cache-miss
1035 http fetch GET 200 https://registry.npmjs.org/esrecurse 52ms (cache miss)
1036 silly packumentCache full:https://registry.npmjs.org/esrecurse set size:undefined disposed:false
1037 silly fetch manifest path-exists@^4.0.0
1038 silly packumentCache full:https://registry.npmjs.org/path-exists cache-miss
1039 http fetch GET 200 https://registry.npmjs.org/estraverse 45ms (cache miss)
1040 silly packumentCache full:https://registry.npmjs.org/estraverse set size:undefined disposed:false
1041 silly fetch manifest type-fest@^0.20.2
1042 silly packumentCache full:https://registry.npmjs.org/type-fest cache-miss
1043 http fetch GET 200 https://registry.npmjs.org/estraverse 47ms (cache miss)
1044 silly packumentCache full:https://registry.npmjs.org/estraverse set size:undefined disposed:false
1045 silly fetch manifest argparse@^2.0.1
1046 silly packumentCache full:https://registry.npmjs.org/argparse cache-miss
1047 http fetch GET 200 https://registry.npmjs.org/acorn-jsx 51ms (cache miss)
1048 silly packumentCache full:https://registry.npmjs.org/acorn-jsx set size:undefined disposed:false
1049 silly fetch manifest prelude-ls@^1.2.1
1050 silly packumentCache full:https://registry.npmjs.org/prelude-ls cache-miss
1051 http fetch GET 200 https://registry.npmjs.org/locate-path 49ms (cache miss)
1052 silly packumentCache full:https://registry.npmjs.org/locate-path set size:undefined disposed:false
1053 silly fetch manifest type-check@~0.4.0
1054 silly packumentCache full:https://registry.npmjs.org/type-check cache-miss
1055 http fetch GET 200 https://registry.npmjs.org/path-exists 46ms (cache miss)
1056 silly packumentCache full:https://registry.npmjs.org/path-exists set size:undefined disposed:false
1057 silly fetch manifest brace-expansion@^1.1.7
1058 silly packumentCache full:https://registry.npmjs.org/brace-expansion cache-miss
1059 http fetch GET 200 https://registry.npmjs.org/acorn 74ms (cache miss)
1060 silly packumentCache full:https://registry.npmjs.org/acorn set size:undefined disposed:false
1061 silly fetch manifest prelude-ls@^1.2.1
1062 silly packumentCache full:https://registry.npmjs.org/prelude-ls cache-miss
1063 http fetch GET 200 https://registry.npmjs.org/flat-cache 74ms (cache miss)
1064 silly packumentCache full:https://registry.npmjs.org/flat-cache set size:undefined disposed:false
1065 silly fetch manifest deep-is@^0.1.3
1066 silly packumentCache full:https://registry.npmjs.org/deep-is cache-miss
1067 http cache https://registry.npmjs.org/brace-expansion 6ms (cache hit)
1068 silly packumentCache full:https://registry.npmjs.org/brace-expansion set size:65768 disposed:false
1069 silly fetch manifest word-wrap@^1.2.5
1070 silly packumentCache full:https://registry.npmjs.org/word-wrap cache-miss
1071 http fetch GET 200 https://registry.npmjs.org/prelude-ls 41ms (cache miss)
1072 silly packumentCache full:https://registry.npmjs.org/prelude-ls set size:undefined disposed:false
1073 silly fetch manifest type-check@^0.4.0
1074 silly packumentCache full:https://registry.npmjs.org/type-check cache-miss
1075 http fetch GET 200 https://registry.npmjs.org/argparse 44ms (cache miss)
1076 silly packumentCache full:https://registry.npmjs.org/argparse set size:undefined disposed:false
1077 silly fetch manifest fast-levenshtein@^2.0.6
1078 silly packumentCache full:https://registry.npmjs.org/fast-levenshtein cache-miss
1079 http fetch GET 200 https://registry.npmjs.org/type-check 46ms (cache miss)
1080 silly packumentCache full:https://registry.npmjs.org/type-check set size:undefined disposed:false
1081 silly fetch manifest ansi-regex@^5.0.1
1082 silly packumentCache full:https://registry.npmjs.org/ansi-regex cache-miss
1083 http fetch GET 200 https://registry.npmjs.org/type-fest 90ms (cache miss)
1084 silly packumentCache full:https://registry.npmjs.org/type-fest set size:undefined disposed:false
1085 http fetch GET 200 https://registry.npmjs.org/deep-is 43ms (cache miss)
1086 silly packumentCache full:https://registry.npmjs.org/deep-is set size:undefined disposed:false
1087 http fetch GET 200 https://registry.npmjs.org/word-wrap 44ms (cache miss)
1088 silly packumentCache full:https://registry.npmjs.org/word-wrap set size:undefined disposed:false
1089 http fetch GET 200 https://registry.npmjs.org/prelude-ls 53ms (cache miss)
1090 silly packumentCache full:https://registry.npmjs.org/prelude-ls set size:undefined disposed:false
1091 http fetch GET 200 https://registry.npmjs.org/type-check 52ms (cache miss)
1092 silly packumentCache full:https://registry.npmjs.org/type-check set size:undefined disposed:false
1093 http fetch GET 200 https://registry.npmjs.org/fast-levenshtein 52ms (cache miss)
1094 silly packumentCache full:https://registry.npmjs.org/fast-levenshtein set size:undefined disposed:false
1095 http fetch GET 200 https://registry.npmjs.org/ansi-regex 47ms (cache miss)
1096 silly packumentCache full:https://registry.npmjs.org/ansi-regex set size:undefined disposed:false
1097 silly placeDep ROOT import-fresh@3.3.1 OK for: @eslint/eslintrc@2.1.4 want: ^3.2.1
1098 silly placeDep node_modules/@eslint/eslintrc minimatch@3.1.5 OK for: @eslint/eslintrc@2.1.4 want: ^3.1.2
1099 silly placeDep ROOT strip-json-comments@3.1.1 OK for: @eslint/eslintrc@2.1.4 want: ^3.1.1
1100 silly fetch manifest resolve-from@^4.0.0
1101 silly packumentCache full:https://registry.npmjs.org/resolve-from cache-miss
1102 silly fetch manifest parent-module@^1.0.0
1103 silly packumentCache full:https://registry.npmjs.org/parent-module cache-miss
1104 http fetch GET 200 https://registry.npmjs.org/resolve-from 35ms (cache miss)
1105 silly packumentCache full:https://registry.npmjs.org/resolve-from set size:undefined disposed:false
1106 http fetch GET 200 https://registry.npmjs.org/parent-module 43ms (cache miss)
1107 silly packumentCache full:https://registry.npmjs.org/parent-module set size:undefined disposed:false
1108 silly placeDep ROOT @humanwhocodes/object-schema@2.0.3 OK for: @humanwhocodes/config-array@0.13.0 want: ^2.0.3
1109 silly placeDep node_modules/@humanwhocodes/config-array minimatch@3.1.5 OK for: @humanwhocodes/config-array@0.13.0 want: ^3.0.5
1110 silly placeDep ROOT @nodelib/fs.scandir@2.1.5 OK for: @nodelib/fs.walk@1.2.8 want: 2.1.5
1111 silly placeDep ROOT fastq@1.20.1 OK for: @nodelib/fs.walk@1.2.8 want: ^1.6.0
1112 silly fetch manifest run-parallel@^1.1.9
1113 silly packumentCache full:https://registry.npmjs.org/run-parallel cache-miss
1114 silly fetch manifest @nodelib/fs.stat@2.0.5
1115 silly packumentCache full:https://registry.npmjs.org/@nodelib%2ffs.stat cache-miss
1116 silly fetch manifest reusify@^1.0.4
1117 silly packumentCache full:https://registry.npmjs.org/reusify cache-miss
1118 http fetch GET 200 https://registry.npmjs.org/reusify 42ms (cache miss)
1119 silly packumentCache full:https://registry.npmjs.org/reusify set size:undefined disposed:false
1120 http fetch GET 200 https://registry.npmjs.org/run-parallel 50ms (cache miss)
1121 silly packumentCache full:https://registry.npmjs.org/run-parallel set size:undefined disposed:false
1122 http fetch GET 200 https://registry.npmjs.org/@nodelib%2ffs.stat 68ms (cache miss)
1123 silly packumentCache full:https://registry.npmjs.org/@nodelib%2ffs.stat set size:undefined disposed:false
1124 silly placeDep ROOT @nodelib/fs.stat@2.0.5 OK for: @nodelib/fs.scandir@2.1.5 want: 2.0.5
1125 silly placeDep ROOT run-parallel@1.2.0 OK for: @nodelib/fs.scandir@2.1.5 want: ^1.1.9
1126 silly fetch manifest queue-microtask@^1.2.2
1127 silly packumentCache full:https://registry.npmjs.org/queue-microtask cache-miss
1128 http fetch GET 200 https://registry.npmjs.org/queue-microtask 124ms (cache miss)
1129 silly packumentCache full:https://registry.npmjs.org/queue-microtask set size:undefined disposed:false
1130 silly placeDep ROOT fast-json-stable-stringify@2.1.0 OK for: ajv@6.15.0 want: ^2.0.0
1131 silly placeDep ROOT json-schema-traverse@0.4.1 OK for: ajv@6.15.0 want: ^0.4.1
1132 silly placeDep ROOT uri-js@4.4.1 OK for: ajv@6.15.0 want: ^4.2.2
1133 silly fetch manifest punycode@^2.1.0
1134 silly packumentCache full:https://registry.npmjs.org/punycode cache-miss
1135 http fetch GET 200 https://registry.npmjs.org/punycode 53ms (cache miss)
1136 silly packumentCache full:https://registry.npmjs.org/punycode set size:undefined disposed:false
1137 silly placeDep ROOT ansi-styles@4.3.0 OK for: chalk@4.1.2 want: ^4.1.0
1138 silly placeDep ROOT supports-color@7.2.0 OK for: chalk@4.1.2 want: ^7.1.0
1139 silly fetch manifest color-convert@^2.0.1
1140 silly packumentCache full:https://registry.npmjs.org/color-convert cache-miss
1141 silly fetch manifest has-flag@^4.0.0
1142 silly packumentCache full:https://registry.npmjs.org/has-flag cache-miss
1143 http fetch GET 200 https://registry.npmjs.org/has-flag 37ms (cache miss)
1144 silly packumentCache full:https://registry.npmjs.org/has-flag set size:undefined disposed:false
1145 http fetch GET 200 https://registry.npmjs.org/color-convert 45ms (cache miss)
1146 silly packumentCache full:https://registry.npmjs.org/color-convert set size:undefined disposed:false
1147 silly placeDep ROOT color-convert@2.0.1 OK for: ansi-styles@4.3.0 want: ^2.0.1
1148 silly fetch manifest color-name@~1.1.4
1149 silly packumentCache full:https://registry.npmjs.org/color-name cache-miss
1150 http fetch GET 200 https://registry.npmjs.org/color-name 43ms (cache miss)
1151 silly packumentCache full:https://registry.npmjs.org/color-name set size:undefined disposed:false
1152 silly placeDep ROOT color-name@1.1.4 OK for: color-convert@2.0.1 want: ~1.1.4
1153 silly placeDep ROOT path-key@3.1.1 OK for: cross-spawn@7.0.6 want: ^3.1.0
1154 silly placeDep ROOT shebang-command@2.0.0 OK for: cross-spawn@7.0.6 want: ^2.0.0
1155 silly placeDep ROOT which@2.0.2 OK for: cross-spawn@7.0.6 want: ^2.0.1
1156 silly fetch manifest shebang-regex@^3.0.0
1157 silly packumentCache full:https://registry.npmjs.org/shebang-regex cache-miss
1158 silly fetch manifest isexe@^2.0.0
1159 silly packumentCache full:https://registry.npmjs.org/isexe cache-miss
1160 http fetch GET 200 https://registry.npmjs.org/isexe 50ms (cache miss)
1161 silly packumentCache full:https://registry.npmjs.org/isexe set size:undefined disposed:false
1162 http fetch GET 200 https://registry.npmjs.org/shebang-regex 51ms (cache miss)
1163 silly packumentCache full:https://registry.npmjs.org/shebang-regex set size:undefined disposed:false
1164 silly placeDep ROOT esrecurse@4.3.0 OK for: eslint-scope@7.2.2 want: ^4.3.0
1165 silly placeDep ROOT estraverse@5.3.0 OK for: eslint-scope@7.2.2 want: ^5.2.0
1166 silly placeDep ROOT acorn@8.16.0 OK for: espree@9.6.1 want: ^8.9.0
1167 silly placeDep ROOT acorn-jsx@5.3.2 OK for: espree@9.6.1 want: ^5.3.2
1168 silly placeDep ROOT reusify@1.1.0 OK for: fastq@1.20.1 want: ^1.0.4
1169 silly placeDep ROOT flat-cache@3.2.0 OK for: file-entry-cache@6.0.1 want: ^3.0.4
1170 silly fetch manifest keyv@^4.5.3
1171 silly packumentCache full:https://registry.npmjs.org/keyv cache-miss
1172 silly fetch manifest rimraf@^3.0.2
1173 silly packumentCache full:https://registry.npmjs.org/rimraf cache-miss
1174 silly fetch manifest flatted@^3.2.9
1175 silly packumentCache full:https://registry.npmjs.org/flatted cache-miss
1176 http fetch GET 200 https://registry.npmjs.org/flatted 55ms (cache miss)
1177 silly packumentCache full:https://registry.npmjs.org/flatted set size:undefined disposed:false
1178 http fetch GET 200 https://registry.npmjs.org/rimraf 61ms (cache miss)
1179 silly packumentCache full:https://registry.npmjs.org/rimraf set size:undefined disposed:false
1180 http fetch GET 200 https://registry.npmjs.org/keyv 63ms (cache miss)
1181 silly packumentCache full:https://registry.npmjs.org/keyv set size:undefined disposed:false
1182 silly placeDep ROOT locate-path@6.0.0 OK for: find-up@5.0.0 want: ^6.0.0
1183 silly placeDep ROOT path-exists@4.0.0 OK for: find-up@5.0.0 want: ^4.0.0
1184 silly fetch manifest p-locate@^5.0.0
1185 silly packumentCache full:https://registry.npmjs.org/p-locate cache-miss
1186 http fetch GET 200 https://registry.npmjs.org/p-locate 38ms (cache miss)
1187 silly packumentCache full:https://registry.npmjs.org/p-locate set size:undefined disposed:false
1188 silly placeDep ROOT flatted@3.4.2 OK for: flat-cache@3.2.0 want: ^3.2.9
1189 silly placeDep ROOT keyv@4.5.4 OK for: flat-cache@3.2.0 want: ^4.5.3
1190 silly placeDep ROOT rimraf@3.0.2 OK for: flat-cache@3.2.0 want: ^3.0.2
1191 silly fetch manifest json-buffer@3.0.1
1192 silly packumentCache full:https://registry.npmjs.org/json-buffer cache-miss
1193 silly fetch manifest glob@^7.1.3
1194 silly packumentCache full:https://registry.npmjs.org/glob cache-miss
1195 http fetch GET 200 https://registry.npmjs.org/json-buffer 50ms (cache miss)
1196 silly packumentCache full:https://registry.npmjs.org/json-buffer set size:undefined disposed:false
1197 http fetch GET 200 https://registry.npmjs.org/glob 105ms (cache miss)
1198 silly packumentCache full:https://registry.npmjs.org/glob set size:undefined disposed:false
1199 silly placeDep ROOT @emotion/is-prop-valid@0.8.8 OK for: framer-motion@10.18.0 want: ^0.8.2
1200 silly fetch manifest @emotion/memoize@0.7.4
1201 silly packumentCache full:https://registry.npmjs.org/@emotion%2fmemoize cache-miss
1202 http fetch GET 200 https://registry.npmjs.org/@emotion%2fmemoize 103ms (cache miss)
1203 silly packumentCache full:https://registry.npmjs.org/@emotion%2fmemoize set size:undefined disposed:false
1204 silly placeDep ROOT @emotion/memoize@0.7.4 OK for: @emotion/is-prop-valid@0.8.8 want: 0.7.4
1205 silly placeDep ROOT type-fest@0.20.2 OK for: globals@13.24.0 want: ^0.20.2
1206 silly placeDep ROOT array-union@2.1.0 OK for: globby@11.1.0 want: ^2.1.0
1207 silly placeDep ROOT dir-glob@3.0.1 OK for: globby@11.1.0 want: ^3.0.1
1208 silly placeDep ROOT fast-glob@3.3.3 OK for: globby@11.1.0 want: ^3.2.9
1209 silly placeDep ROOT merge2@1.4.1 OK for: globby@11.1.0 want: ^1.4.1
1210 silly placeDep ROOT slash@3.0.0 OK for: globby@11.1.0 want: ^3.0.0
1211 silly fetch manifest path-type@^4.0.0
1212 silly packumentCache full:https://registry.npmjs.org/path-type cache-miss
1213 silly fetch manifest glob-parent@^5.1.2
1214 silly packumentCache full:https://registry.npmjs.org/glob-parent cache-miss
1215 silly fetch manifest merge2@^1.3.0
1216 silly packumentCache full:https://registry.npmjs.org/merge2 cache-miss
1217 http cache https://registry.npmjs.org/merge2 4ms (cache hit)
1218 silly packumentCache full:https://registry.npmjs.org/merge2 set size:46159 disposed:false
1219 http cache https://registry.npmjs.org/glob-parent 5ms (cache hit)
1220 silly packumentCache full:https://registry.npmjs.org/glob-parent set size:42445 disposed:false
1221 http fetch GET 200 https://registry.npmjs.org/path-type 39ms (cache miss)
1222 silly packumentCache full:https://registry.npmjs.org/path-type set size:undefined disposed:false
1223 silly placeDep ROOT path-type@4.0.0 OK for: dir-glob@3.0.1 want: ^4.0.0
1224 silly placeDep node_modules/fast-glob glob-parent@5.1.2 OK for: fast-glob@3.3.3 want: ^5.1.2
1225 silly placeDep ROOT micromatch@4.0.8 OK for: fast-glob@3.3.3 want: ^4.0.8
1226 silly fetch manifest braces@^3.0.3
1227 silly packumentCache full:https://registry.npmjs.org/braces cache-miss
1228 silly fetch manifest picomatch@^2.3.1
1229 silly packumentCache full:https://registry.npmjs.org/picomatch cache-miss
1230 http fetch GET 200 https://registry.npmjs.org/picomatch 64ms (cache miss)
1231 silly packumentCache full:https://registry.npmjs.org/picomatch set size:undefined disposed:false
1232 http fetch GET 200 https://registry.npmjs.org/braces 68ms (cache miss)
1233 silly packumentCache full:https://registry.npmjs.org/braces set size:undefined disposed:false
1234 silly placeDep ROOT parent-module@1.0.1 OK for: import-fresh@3.3.1 want: ^1.0.0
1235 silly placeDep ROOT resolve-from@4.0.0 OK for: import-fresh@3.3.1 want: ^4.0.0
1236 silly fetch manifest callsites@^3.0.0
1237 silly packumentCache full:https://registry.npmjs.org/callsites cache-miss
1238 http fetch GET 200 https://registry.npmjs.org/callsites 35ms (cache miss)
1239 silly packumentCache full:https://registry.npmjs.org/callsites set size:undefined disposed:false
1240 silly placeDep ROOT is-extglob@2.1.1 OK for: is-glob@4.0.3 want: ^2.1.1
1241 silly placeDep ROOT argparse@2.0.1 OK for: js-yaml@4.1.1 want: ^2.0.1
1242 silly placeDep ROOT json-buffer@3.0.1 OK for: keyv@4.5.4 want: 3.0.1
1243 silly placeDep ROOT prelude-ls@1.2.1 OK for: levn@0.4.1 want: ^1.2.1
1244 silly placeDep ROOT type-check@0.4.0 OK for: levn@0.4.1 want: ~0.4.0
1245 silly placeDep ROOT p-locate@5.0.0 OK for: locate-path@6.0.0 want: ^5.0.0
1246 silly fetch manifest p-limit@^3.0.2
1247 silly packumentCache full:https://registry.npmjs.org/p-limit cache-miss
1248 http fetch GET 200 https://registry.npmjs.org/p-limit 49ms (cache miss)
1249 silly packumentCache full:https://registry.npmjs.org/p-limit set size:undefined disposed:false
1250 silly placeDep ROOT yallist@3.1.1 OK for: lru-cache@5.1.1 want: ^3.0.2
1251 silly placeDep ROOT braces@3.0.3 OK for: micromatch@4.0.8 want: ^3.0.3
1252 silly placeDep ROOT picomatch@2.3.2 OK for: micromatch@4.0.8 want: ^2.3.1
1253 silly fetch manifest fill-range@^7.1.1
1254 silly packumentCache full:https://registry.npmjs.org/fill-range cache-miss
1255 http fetch GET 200 https://registry.npmjs.org/fill-range 53ms (cache miss)
1256 silly packumentCache full:https://registry.npmjs.org/fill-range set size:undefined disposed:false
1257 silly placeDep ROOT fill-range@7.1.1 OK for: braces@3.0.3 want: ^7.1.1
1258 silly fetch manifest to-regex-range@^5.0.1
1259 silly packumentCache full:https://registry.npmjs.org/to-regex-range cache-miss
1260 http fetch GET 200 https://registry.npmjs.org/to-regex-range 56ms (cache miss)
1261 silly packumentCache full:https://registry.npmjs.org/to-regex-range set size:undefined disposed:false
1262 silly placeDep ROOT to-regex-range@5.0.1 OK for: fill-range@7.1.1 want: ^5.0.1
1263 silly fetch manifest is-number@^7.0.0
1264 silly packumentCache full:https://registry.npmjs.org/is-number cache-miss
1265 http fetch GET 200 https://registry.npmjs.org/is-number 37ms (cache miss)
1266 silly packumentCache full:https://registry.npmjs.org/is-number set size:undefined disposed:false
1267 silly placeDep ROOT brace-expansion@2.1.0 OK for: minimatch@9.0.3 want: ^2.0.1
1268 silly fetch manifest balanced-match@^1.0.0
1269 silly packumentCache full:https://registry.npmjs.org/balanced-match cache-miss
1270 http fetch GET 200 https://registry.npmjs.org/balanced-match 53ms (cache miss)
1271 silly packumentCache full:https://registry.npmjs.org/balanced-match set size:undefined disposed:false
1272 silly placeDep ROOT balanced-match@1.0.2 OK for: brace-expansion@2.1.0 want: ^1.0.0
1273 silly placeDep ROOT deep-is@0.1.4 OK for: optionator@0.9.4 want: ^0.1.3
1274 silly placeDep ROOT fast-levenshtein@2.0.6 OK for: optionator@0.9.4 want: ^2.0.6
1275 silly placeDep ROOT word-wrap@1.2.5 OK for: optionator@0.9.4 want: ^1.2.5
1276 silly placeDep ROOT p-limit@3.1.0 OK for: p-locate@5.0.0 want: ^3.0.2
1277 silly fetch manifest yocto-queue@^0.1.0
1278 silly packumentCache full:https://registry.npmjs.org/yocto-queue cache-miss
1279 http fetch GET 200 https://registry.npmjs.org/yocto-queue 127ms (cache miss)
1280 silly packumentCache full:https://registry.npmjs.org/yocto-queue set size:undefined disposed:false
1281 silly placeDep ROOT yocto-queue@0.1.0 OK for: p-limit@3.1.0 want: ^0.1.0
1282 silly placeDep ROOT callsites@3.1.0 OK for: parent-module@1.0.1 want: ^3.0.0
1283 silly placeDep ROOT nanoid@3.3.11 OK for: postcss@8.5.12 want: ^3.3.11
1284 silly placeDep ROOT source-map-js@1.2.1 OK for: postcss@8.5.12 want: ^1.2.1
1285 silly placeDep ROOT loose-envify@1.4.0 OK for: react@18.3.1 want: ^1.1.0
1286 silly placeDep ROOT scheduler@0.23.2 OK for: react-dom@18.3.1 want: ^0.23.2
1287 silly placeDep ROOT glob@7.2.3 OK for: rimraf@3.0.2 want: ^7.1.3
1288 silly fetch manifest once@^1.3.0
1289 silly packumentCache full:https://registry.npmjs.org/once cache-miss
1290 silly fetch manifest inflight@^1.0.4
1291 silly packumentCache full:https://registry.npmjs.org/inflight cache-miss
1292 silly fetch manifest inherits@2
1293 silly packumentCache full:https://registry.npmjs.org/inherits cache-miss
1294 silly fetch manifest minimatch@^3.1.1
1295 silly packumentCache full:https://registry.npmjs.org/minimatch cache-hit
1296 silly fetch manifest fs.realpath@^1.0.0
1297 silly packumentCache full:https://registry.npmjs.org/fs.realpath cache-miss
1298 silly fetch manifest path-is-absolute@^1.0.0
1299 silly packumentCache full:https://registry.npmjs.org/path-is-absolute cache-miss
1300 http fetch GET 200 https://registry.npmjs.org/inherits 45ms (cache miss)
1301 silly packumentCache full:https://registry.npmjs.org/inherits set size:undefined disposed:false
1302 http fetch GET 200 https://registry.npmjs.org/inflight 46ms (cache miss)
1303 silly packumentCache full:https://registry.npmjs.org/inflight set size:undefined disposed:false
1304 http fetch GET 200 https://registry.npmjs.org/fs.realpath 46ms (cache miss)
1305 silly packumentCache full:https://registry.npmjs.org/fs.realpath set size:undefined disposed:false
1306 http fetch GET 200 https://registry.npmjs.org/once 47ms (cache miss)
1307 silly packumentCache full:https://registry.npmjs.org/once set size:undefined disposed:false
1308 http fetch GET 200 https://registry.npmjs.org/path-is-absolute 239ms (cache miss)
1309 silly packumentCache full:https://registry.npmjs.org/path-is-absolute set size:undefined disposed:false
1310 silly placeDep ROOT fs.realpath@1.0.0 OK for: glob@7.2.3 want: ^1.0.0
1311 silly placeDep ROOT inflight@1.0.6 OK for: glob@7.2.3 want: ^1.0.4
1312 silly placeDep ROOT inherits@2.0.4 OK for: glob@7.2.3 want: 2
1313 silly placeDep node_modules/glob minimatch@3.1.5 OK for: glob@7.2.3 want: ^3.1.1
1314 silly placeDep ROOT once@1.4.0 OK for: glob@7.2.3 want: ^1.3.0
1315 silly placeDep ROOT path-is-absolute@1.0.1 OK for: glob@7.2.3 want: ^1.0.0
1316 silly fetch manifest wrappy@1
1317 silly packumentCache full:https://registry.npmjs.org/wrappy cache-miss
1318 silly fetch manifest wrappy@1
1319 silly packumentCache full:https://registry.npmjs.org/wrappy cache-miss
1320 http fetch GET 200 https://registry.npmjs.org/wrappy 40ms (cache miss)
1321 silly packumentCache full:https://registry.npmjs.org/wrappy set size:undefined disposed:false
1322 http fetch GET 200 https://registry.npmjs.org/wrappy 41ms (cache miss)
1323 silly packumentCache full:https://registry.npmjs.org/wrappy set size:undefined disposed:false
1324 silly placeDep ROOT wrappy@1.0.2 OK for: inflight@1.0.6 want: 1
1325 silly placeDep ROOT queue-microtask@1.2.3 OK for: run-parallel@1.2.0 want: ^1.2.2
1326 silly placeDep ROOT shebang-regex@3.0.0 OK for: shebang-command@2.0.0 want: ^3.0.0
1327 silly placeDep ROOT ansi-regex@5.0.1 OK for: strip-ansi@6.0.1 want: ^5.0.1
1328 silly placeDep ROOT has-flag@4.0.0 OK for: supports-color@7.2.0 want: ^4.0.0
1329 silly fetch manifest postcss@^8.4.47
1330 silly packumentCache full:https://registry.npmjs.org/postcss cache-hit
1331 silly fetch manifest tsx@^4.8.1
1332 silly packumentCache full:https://registry.npmjs.org/tsx cache-miss
1333 http fetch GET 200 https://registry.npmjs.org/tsx 59ms (cache miss)
1334 silly packumentCache full:https://registry.npmjs.org/tsx set size:undefined disposed:false
1335 silly fetch manifest yaml@^2.4.2
1336 silly packumentCache full:https://registry.npmjs.org/yaml cache-miss
1337 http fetch GET 200 https://registry.npmjs.org/yaml 129ms (cache miss)
1338 silly packumentCache full:https://registry.npmjs.org/yaml set size:undefined disposed:false
1339 silly placeDep ROOT @alloc/quick-lru@5.2.0 OK for: tailwindcss@3.4.19 want: ^5.2.0
1340 silly placeDep ROOT arg@5.0.2 OK for: tailwindcss@3.4.19 want: ^5.0.2
1341 silly placeDep ROOT chokidar@3.6.0 OK for: tailwindcss@3.4.19 want: ^3.6.0
1342 silly placeDep ROOT didyoumean@1.2.2 OK for: tailwindcss@3.4.19 want: ^1.2.2
1343 silly placeDep ROOT dlv@1.1.3 OK for: tailwindcss@3.4.19 want: ^1.1.3
1344 silly placeDep ROOT jiti@1.21.7 OK for: tailwindcss@3.4.19 want: ^1.21.7
1345 silly placeDep ROOT lilconfig@3.1.3 OK for: tailwindcss@3.4.19 want: ^3.1.3
1346 silly placeDep ROOT normalize-path@3.0.0 OK for: tailwindcss@3.4.19 want: ^3.0.0
1347 silly placeDep ROOT object-hash@3.0.0 OK for: tailwindcss@3.4.19 want: ^3.0.0
1348 silly placeDep ROOT postcss-import@15.1.0 OK for: tailwindcss@3.4.19 want: ^15.1.0
1349 silly placeDep ROOT postcss-js@4.1.0 OK for: tailwindcss@3.4.19 want: ^4.0.1
1350 silly placeDep ROOT postcss-load-config@6.0.1 OK for: tailwindcss@3.4.19 want: ^4.0.2 || ^5.0 || ^6.0
1351 silly placeDep ROOT postcss-nested@6.2.0 OK for: tailwindcss@3.4.19 want: ^6.2.0
1352 silly placeDep ROOT postcss-selector-parser@6.1.2 OK for: tailwindcss@3.4.19 want: ^6.1.2
1353 silly placeDep ROOT resolve@1.22.12 OK for: tailwindcss@3.4.19 want: ^1.22.8
1354 silly placeDep ROOT sucrase@3.35.1 OK for: tailwindcss@3.4.19 want: ^3.35.0
1355 silly fetch manifest anymatch@~3.1.2
1356 silly packumentCache full:https://registry.npmjs.org/anymatch cache-miss
1357 silly fetch manifest readdirp@~3.6.0
1358 silly packumentCache full:https://registry.npmjs.org/readdirp cache-miss
1359 silly fetch manifest glob-parent@~5.1.2
1360 silly packumentCache full:https://registry.npmjs.org/glob-parent cache-hit
1361 silly fetch manifest is-binary-path@~2.1.0
1362 silly packumentCache full:https://registry.npmjs.org/is-binary-path cache-miss
1363 silly fetch manifest normalize-path@~3.0.0
1364 silly packumentCache full:https://registry.npmjs.org/normalize-path cache-miss
1365 silly fetch manifest fsevents@~2.3.2
1366 silly packumentCache full:https://registry.npmjs.org/fsevents cache-miss
1367 silly fetch manifest resolve@^1.1.7
1368 silly packumentCache full:https://registry.npmjs.org/resolve cache-miss
1369 silly fetch manifest read-cache@^1.0.0
1370 silly packumentCache full:https://registry.npmjs.org/read-cache cache-miss
1371 http cache https://registry.npmjs.org/normalize-path 4ms (cache hit)
1372 silly packumentCache full:https://registry.npmjs.org/normalize-path set size:28713 disposed:false
1373 silly fetch manifest camelcase-css@^2.0.1
1374 silly packumentCache full:https://registry.npmjs.org/camelcase-css cache-miss
1375 http cache https://registry.npmjs.org/resolve 5ms (cache hit)
1376 silly packumentCache full:https://registry.npmjs.org/resolve set size:252941 disposed:false
1377 silly fetch manifest postcss-selector-parser@^6.1.1
1378 silly packumentCache full:https://registry.npmjs.org/postcss-selector-parser cache-miss
1379 http cache https://registry.npmjs.org/fsevents 8ms (cache hit)
1380 silly packumentCache full:https://registry.npmjs.org/fsevents set size:182472 disposed:false
1381 silly fetch manifest cssesc@^3.0.0
1382 silly packumentCache full:https://registry.npmjs.org/cssesc cache-miss
1383 http cache https://registry.npmjs.org/postcss-selector-parser 4ms (cache hit)
1384 silly packumentCache full:https://registry.npmjs.org/postcss-selector-parser set size:177140 disposed:false
1385 silly fetch manifest util-deprecate@^1.0.2
1386 silly packumentCache full:https://registry.npmjs.org/util-deprecate cache-miss
1387 http fetch GET 200 https://registry.npmjs.org/is-binary-path 38ms (cache miss)
1388 silly packumentCache full:https://registry.npmjs.org/is-binary-path set size:undefined disposed:false
1389 silly fetch manifest es-errors@^1.3.0
1390 silly packumentCache full:https://registry.npmjs.org/es-errors cache-miss
1391 http fetch GET 200 https://registry.npmjs.org/read-cache 45ms (cache miss)
1392 silly packumentCache full:https://registry.npmjs.org/read-cache set size:undefined disposed:false
1393 silly fetch manifest is-core-module@^2.16.1
1394 silly packumentCache full:https://registry.npmjs.org/is-core-module cache-miss
1395 http fetch GET 200 https://registry.npmjs.org/cssesc 37ms (cache miss)
1396 silly packumentCache full:https://registry.npmjs.org/cssesc set size:undefined disposed:false
1397 silly fetch manifest path-parse@^1.0.7
1398 silly packumentCache full:https://registry.npmjs.org/path-parse cache-miss
1399 http fetch GET 200 https://registry.npmjs.org/util-deprecate 38ms (cache miss)
1400 silly packumentCache full:https://registry.npmjs.org/util-deprecate set size:undefined disposed:false
1401 silly fetch manifest supports-preserve-symlinks-flag@^1.0.0
1402 silly packumentCache full:https://registry.npmjs.org/supports-preserve-symlinks-flag cache-miss
1403 http fetch GET 200 https://registry.npmjs.org/camelcase-css 57ms (cache miss)
1404 silly packumentCache full:https://registry.npmjs.org/camelcase-css set size:undefined disposed:false
1405 silly fetch manifest commander@^4.0.0
1406 silly packumentCache full:https://registry.npmjs.org/commander cache-miss
1407 http fetch GET 200 https://registry.npmjs.org/anymatch 65ms (cache miss)
1408 silly packumentCache full:https://registry.npmjs.org/anymatch set size:undefined disposed:false
1409 silly fetch manifest lines-and-columns@^1.1.6
1410 silly packumentCache full:https://registry.npmjs.org/lines-and-columns cache-miss
1411 http fetch GET 200 https://registry.npmjs.org/readdirp 64ms (cache miss)
1412 silly packumentCache full:https://registry.npmjs.org/readdirp set size:undefined disposed:false
1413 silly fetch manifest mz@^2.7.0
1414 silly packumentCache full:https://registry.npmjs.org/mz cache-miss
1415 http fetch GET 200 https://registry.npmjs.org/es-errors 42ms (cache miss)
1416 silly packumentCache full:https://registry.npmjs.org/es-errors set size:undefined disposed:false
1417 silly fetch manifest pirates@^4.0.1
1418 silly packumentCache full:https://registry.npmjs.org/pirates cache-miss
1419 http fetch GET 200 https://registry.npmjs.org/path-parse 44ms (cache miss)
1420 silly packumentCache full:https://registry.npmjs.org/path-parse set size:undefined disposed:false
1421 silly fetch manifest tinyglobby@^0.2.11
1422 silly packumentCache full:https://registry.npmjs.org/tinyglobby cache-miss
1423 http fetch GET 200 https://registry.npmjs.org/supports-preserve-symlinks-flag 42ms (cache miss)
1424 silly packumentCache full:https://registry.npmjs.org/supports-preserve-symlinks-flag set size:undefined disposed:false
1425 silly fetch manifest ts-interface-checker@^0.1.9
1426 silly packumentCache full:https://registry.npmjs.org/ts-interface-checker cache-miss
1427 http fetch GET 200 https://registry.npmjs.org/is-core-module 55ms (cache miss)
1428 silly packumentCache full:https://registry.npmjs.org/is-core-module set size:undefined disposed:false
1429 http fetch GET 200 https://registry.npmjs.org/mz 52ms (cache miss)
1430 silly packumentCache full:https://registry.npmjs.org/mz set size:undefined disposed:false
1431 http fetch GET 200 https://registry.npmjs.org/lines-and-columns 54ms (cache miss)
1432 silly packumentCache full:https://registry.npmjs.org/lines-and-columns set size:undefined disposed:false
1433 http fetch GET 200 https://registry.npmjs.org/pirates 41ms (cache miss)
1434 silly packumentCache full:https://registry.npmjs.org/pirates set size:undefined disposed:false
1435 http fetch GET 200 https://registry.npmjs.org/ts-interface-checker 41ms (cache miss)
1436 silly packumentCache full:https://registry.npmjs.org/ts-interface-checker set size:undefined disposed:false
1437 http fetch GET 200 https://registry.npmjs.org/tinyglobby 42ms (cache miss)
1438 silly packumentCache full:https://registry.npmjs.org/tinyglobby set size:undefined disposed:false
1439 http fetch GET 200 https://registry.npmjs.org/commander 167ms (cache miss)
1440 silly packumentCache full:https://registry.npmjs.org/commander set size:undefined disposed:false
1441 silly placeDep ROOT anymatch@3.1.3 OK for: chokidar@3.6.0 want: ~3.1.2
1442 silly placeDep ROOT fsevents@2.3.3 OK for: chokidar@3.6.0 want: ~2.3.2
1443 silly placeDep node_modules/chokidar glob-parent@5.1.2 OK for: chokidar@3.6.0 want: ~5.1.2
1444 silly placeDep ROOT is-binary-path@2.1.0 OK for: chokidar@3.6.0 want: ~2.1.0
1445 silly placeDep ROOT readdirp@3.6.0 OK for: chokidar@3.6.0 want: ~3.6.0
1446 silly fetch manifest binary-extensions@^2.0.0
1447 silly packumentCache full:https://registry.npmjs.org/binary-extensions cache-miss
1448 http fetch GET 200 https://registry.npmjs.org/binary-extensions 56ms (cache miss)
1449 silly packumentCache full:https://registry.npmjs.org/binary-extensions set size:undefined disposed:false
1450 silly placeDep ROOT binary-extensions@2.3.0 OK for: is-binary-path@2.1.0 want: ^2.0.0
1451 silly placeDep ROOT read-cache@1.0.0 OK for: postcss-import@15.1.0 want: ^1.0.0
1452 silly fetch manifest pify@^2.3.0
1453 silly packumentCache full:https://registry.npmjs.org/pify cache-miss
1454 http fetch GET 200 https://registry.npmjs.org/pify 54ms (cache miss)
1455 silly packumentCache full:https://registry.npmjs.org/pify set size:undefined disposed:false
1456 silly placeDep ROOT camelcase-css@2.0.1 OK for: postcss-js@4.1.0 want: ^2.0.1
1457 silly placeDep ROOT cssesc@3.0.0 OK for: postcss-selector-parser@6.1.2 want: ^3.0.0
1458 silly placeDep ROOT util-deprecate@1.0.2 OK for: postcss-selector-parser@6.1.2 want: ^1.0.2
1459 silly placeDep ROOT pify@2.3.0 OK for: read-cache@1.0.0 want: ^2.3.0
1460 silly placeDep ROOT es-errors@1.3.0 OK for: resolve@1.22.12 want: ^1.3.0
1461 silly placeDep ROOT is-core-module@2.16.1 OK for: resolve@1.22.12 want: ^2.16.1
1462 silly placeDep ROOT path-parse@1.0.7 OK for: resolve@1.22.12 want: ^1.0.7
1463 silly placeDep ROOT supports-preserve-symlinks-flag@1.0.0 OK for: resolve@1.22.12 want: ^1.0.0
1464 silly fetch manifest hasown@^2.0.2
1465 silly packumentCache full:https://registry.npmjs.org/hasown cache-miss
1466 http fetch GET 200 https://registry.npmjs.org/hasown 42ms (cache miss)
1467 silly packumentCache full:https://registry.npmjs.org/hasown set size:undefined disposed:false
1468 silly placeDep ROOT hasown@2.0.3 OK for: is-core-module@2.16.1 want: ^2.0.2
1469 silly fetch manifest function-bind@^1.1.2
1470 silly packumentCache full:https://registry.npmjs.org/function-bind cache-miss
1471 http fetch GET 200 https://registry.npmjs.org/function-bind 108ms (cache miss)
1472 silly packumentCache full:https://registry.npmjs.org/function-bind set size:undefined disposed:false
1473 silly placeDep ROOT function-bind@1.1.2 OK for: hasown@2.0.3 want: ^1.1.2
1474 silly placeDep ROOT commander@4.1.1 OK for: sucrase@3.35.1 want: ^4.0.0
1475 silly placeDep ROOT lines-and-columns@1.2.4 OK for: sucrase@3.35.1 want: ^1.1.6
1476 silly placeDep ROOT mz@2.7.0 OK for: sucrase@3.35.1 want: ^2.7.0
1477 silly placeDep ROOT pirates@4.0.7 OK for: sucrase@3.35.1 want: ^4.0.1
1478 silly placeDep ROOT tinyglobby@0.2.16 OK for: sucrase@3.35.1 want: ^0.2.11
1479 silly placeDep ROOT ts-interface-checker@0.1.13 OK for: sucrase@3.35.1 want: ^0.1.9
1480 silly fetch manifest any-promise@^1.0.0
1481 silly packumentCache full:https://registry.npmjs.org/any-promise cache-miss
1482 silly fetch manifest object-assign@^4.0.1
1483 silly packumentCache full:https://registry.npmjs.org/object-assign cache-miss
1484 silly fetch manifest thenify-all@^1.0.0
1485 silly packumentCache full:https://registry.npmjs.org/thenify-all cache-miss
1486 silly fetch manifest fdir@^6.5.0
1487 silly packumentCache full:https://registry.npmjs.org/fdir cache-miss
1488 silly fetch manifest picomatch@^4.0.4
1489 silly packumentCache full:https://registry.npmjs.org/picomatch cache-miss
1490 http cache https://registry.npmjs.org/picomatch 4ms (cache hit)
1491 silly packumentCache full:https://registry.npmjs.org/picomatch set size:126376 disposed:false
1492 http fetch GET 200 https://registry.npmjs.org/any-promise 40ms (cache miss)
1493 silly packumentCache full:https://registry.npmjs.org/any-promise set size:undefined disposed:false
1494 http fetch GET 200 https://registry.npmjs.org/thenify-all 50ms (cache miss)
1495 silly packumentCache full:https://registry.npmjs.org/thenify-all set size:undefined disposed:false
1496 http fetch GET 200 https://registry.npmjs.org/object-assign 51ms (cache miss)
1497 silly packumentCache full:https://registry.npmjs.org/object-assign set size:undefined disposed:false
1498 http fetch GET 200 https://registry.npmjs.org/fdir 54ms (cache miss)
1499 silly packumentCache full:https://registry.npmjs.org/fdir set size:undefined disposed:false
1500 silly placeDep ROOT any-promise@1.3.0 OK for: mz@2.7.0 want: ^1.0.0
1501 silly placeDep ROOT object-assign@4.1.1 OK for: mz@2.7.0 want: ^4.0.1
1502 silly placeDep ROOT thenify-all@1.6.0 OK for: mz@2.7.0 want: ^1.0.0
1503 silly fetch manifest thenify@>= 3.1.0 < 4
1504 silly packumentCache full:https://registry.npmjs.org/thenify cache-miss
1505 http fetch GET 200 https://registry.npmjs.org/thenify 41ms (cache miss)
1506 silly packumentCache full:https://registry.npmjs.org/thenify set size:undefined disposed:false
1507 silly placeDep ROOT thenify@3.3.1 OK for: thenify-all@1.6.0 want: >= 3.1.0 < 4
1508 silly placeDep node_modules/tinyglobby fdir@6.5.0 OK for: tinyglobby@0.2.16 want: ^6.5.0
1509 silly placeDep node_modules/tinyglobby picomatch@4.0.4 OK for: fdir@6.5.0 want: ^3 || ^4
1510 silly placeDep ROOT is-number@7.0.0 OK for: to-regex-range@5.0.1 want: ^7.0.0
1511 silly placeDep ROOT escalade@3.2.0 OK for: update-browserslist-db@1.2.3 want: ^3.2.0
1512 silly placeDep ROOT punycode@2.3.1 OK for: uri-js@4.4.1 want: ^2.1.0
1513 silly placeDep ROOT esbuild@0.21.5 OK for: vite@5.4.21 want: ^0.21.3
1514 silly placeDep ROOT rollup@4.60.2 OK for: vite@5.4.21 want: ^4.20.0
1515 silly fetch manifest @esbuild/aix-ppc64@0.21.5
1516 silly packumentCache full:https://registry.npmjs.org/@esbuild%2faix-ppc64 cache-miss
1517 silly fetch manifest @esbuild/linux-arm@0.21.5
1518 silly packumentCache full:https://registry.npmjs.org/@esbuild%2flinux-arm cache-miss
1519 silly fetch manifest @esbuild/linux-x64@0.21.5
1520 silly packumentCache full:https://registry.npmjs.org/@esbuild%2flinux-x64 cache-miss
1521 silly fetch manifest @esbuild/sunos-x64@0.21.5
1522 silly packumentCache full:https://registry.npmjs.org/@esbuild%2fsunos-x64 cache-miss
1523 silly fetch manifest @esbuild/win32-x64@0.21.5
1524 silly packumentCache full:https://registry.npmjs.org/@esbuild%2fwin32-x64 cache-miss
1525 silly fetch manifest @esbuild/darwin-x64@0.21.5
1526 silly packumentCache full:https://registry.npmjs.org/@esbuild%2fdarwin-x64 cache-miss
1527 silly fetch manifest @esbuild/linux-ia32@0.21.5
1528 silly packumentCache full:https://registry.npmjs.org/@esbuild%2flinux-ia32 cache-miss
1529 http fetch GET 200 https://registry.npmjs.org/@esbuild%2faix-ppc64 66ms (cache miss)
1530 silly packumentCache full:https://registry.npmjs.org/@esbuild%2faix-ppc64 set size:undefined disposed:false
1531 silly fetch manifest @esbuild/netbsd-x64@0.21.5
1532 silly packumentCache full:https://registry.npmjs.org/@esbuild%2fnetbsd-x64 cache-miss
1533 http fetch GET 200 https://registry.npmjs.org/@esbuild%2flinux-x64 69ms (cache miss)
1534 silly packumentCache full:https://registry.npmjs.org/@esbuild%2flinux-x64 set size:undefined disposed:false
1535 silly fetch manifest @esbuild/win32-ia32@0.21.5
1536 silly packumentCache full:https://registry.npmjs.org/@esbuild%2fwin32-ia32 cache-miss
1537 http fetch GET 200 https://registry.npmjs.org/@esbuild%2flinux-arm 74ms (cache miss)
1538 silly packumentCache full:https://registry.npmjs.org/@esbuild%2flinux-arm set size:undefined disposed:false
1539 silly fetch manifest @esbuild/android-arm@0.21.5
1540 silly packumentCache full:https://registry.npmjs.org/@esbuild%2fandroid-arm cache-miss
1541 http fetch GET 200 https://registry.npmjs.org/@esbuild%2flinux-ia32 83ms (cache miss)
1542 silly packumentCache full:https://registry.npmjs.org/@esbuild%2flinux-ia32 set size:undefined disposed:false
1543 silly fetch manifest @esbuild/android-x64@0.21.5
1544 silly packumentCache full:https://registry.npmjs.org/@esbuild%2fandroid-x64 cache-miss
1545 http fetch GET 200 https://registry.npmjs.org/@esbuild%2fdarwin-x64 89ms (cache miss)
1546 silly packumentCache full:https://registry.npmjs.org/@esbuild%2fdarwin-x64 set size:undefined disposed:false
1547 silly fetch manifest @esbuild/freebsd-x64@0.21.5
1548 silly packumentCache full:https://registry.npmjs.org/@esbuild%2ffreebsd-x64 cache-miss
1549 http fetch GET 200 https://registry.npmjs.org/@esbuild%2fwin32-x64 101ms (cache miss)
1550 silly packumentCache full:https://registry.npmjs.org/@esbuild%2fwin32-x64 set size:undefined disposed:false
1551 silly fetch manifest @esbuild/linux-arm64@0.21.5
1552 silly packumentCache full:https://registry.npmjs.org/@esbuild%2flinux-arm64 cache-miss
1553 http fetch GET 200 https://registry.npmjs.org/@esbuild%2fsunos-x64 106ms (cache miss)
1554 silly packumentCache full:https://registry.npmjs.org/@esbuild%2fsunos-x64 set size:undefined disposed:false
1555 silly fetch manifest @esbuild/linux-ppc64@0.21.5
1556 silly packumentCache full:https://registry.npmjs.org/@esbuild%2flinux-ppc64 cache-miss
1557 http fetch GET 200 https://registry.npmjs.org/@esbuild%2fwin32-ia32 69ms (cache miss)
1558 silly packumentCache full:https://registry.npmjs.org/@esbuild%2fwin32-ia32 set size:undefined disposed:false
1559 silly fetch manifest @esbuild/linux-s390x@0.21.5
1560 silly packumentCache full:https://registry.npmjs.org/@esbuild%2flinux-s390x cache-miss
1561 http fetch GET 200 https://registry.npmjs.org/@esbuild%2fnetbsd-x64 84ms (cache miss)
1562 silly packumentCache full:https://registry.npmjs.org/@esbuild%2fnetbsd-x64 set size:undefined disposed:false
1563 silly fetch manifest @esbuild/openbsd-x64@0.21.5
1564 silly packumentCache full:https://registry.npmjs.org/@esbuild%2fopenbsd-x64 cache-miss
1565 http fetch GET 200 https://registry.npmjs.org/@esbuild%2fandroid-arm 76ms (cache miss)
1566 silly packumentCache full:https://registry.npmjs.org/@esbuild%2fandroid-arm set size:undefined disposed:false
1567 silly fetch manifest @esbuild/win32-arm64@0.21.5
1568 silly packumentCache full:https://registry.npmjs.org/@esbuild%2fwin32-arm64 cache-miss
1569 http fetch GET 200 https://registry.npmjs.org/@esbuild%2ffreebsd-x64 79ms (cache miss)
1570 silly packumentCache full:https://registry.npmjs.org/@esbuild%2ffreebsd-x64 set size:undefined disposed:false
1571 silly fetch manifest @esbuild/darwin-arm64@0.21.5
1572 silly packumentCache full:https://registry.npmjs.org/@esbuild%2fdarwin-arm64 cache-miss
1573 http fetch GET 200 https://registry.npmjs.org/@esbuild%2fandroid-x64 90ms (cache miss)
1574 silly packumentCache full:https://registry.npmjs.org/@esbuild%2fandroid-x64 set size:undefined disposed:false
1575 silly fetch manifest @esbuild/android-arm64@0.21.5
1576 silly packumentCache full:https://registry.npmjs.org/@esbuild%2fandroid-arm64 cache-miss
1577 http fetch GET 200 https://registry.npmjs.org/@esbuild%2flinux-ppc64 90ms (cache miss)
1578 silly packumentCache full:https://registry.npmjs.org/@esbuild%2flinux-ppc64 set size:undefined disposed:false
1579 silly fetch manifest @esbuild/freebsd-arm64@0.21.5
1580 silly packumentCache full:https://registry.npmjs.org/@esbuild%2ffreebsd-arm64 cache-miss
1581 http fetch GET 200 https://registry.npmjs.org/@esbuild%2flinux-arm64 97ms (cache miss)
1582 silly packumentCache full:https://registry.npmjs.org/@esbuild%2flinux-arm64 set size:undefined disposed:false
1583 silly fetch manifest @esbuild/linux-loong64@0.21.5
1584 silly packumentCache full:https://registry.npmjs.org/@esbuild%2flinux-loong64 cache-miss
1585 http fetch GET 200 https://registry.npmjs.org/@esbuild%2flinux-s390x 76ms (cache miss)
1586 silly packumentCache full:https://registry.npmjs.org/@esbuild%2flinux-s390x set size:undefined disposed:false
1587 silly fetch manifest @esbuild/linux-riscv64@0.21.5
1588 silly packumentCache full:https://registry.npmjs.org/@esbuild%2flinux-riscv64 cache-miss
1589 http fetch GET 200 https://registry.npmjs.org/@esbuild%2fwin32-arm64 68ms (cache miss)
1590 silly packumentCache full:https://registry.npmjs.org/@esbuild%2fwin32-arm64 set size:undefined disposed:false
1591 silly fetch manifest @esbuild/linux-mips64el@0.21.5
1592 silly packumentCache full:https://registry.npmjs.org/@esbuild%2flinux-mips64el cache-miss
1593 http fetch GET 200 https://registry.npmjs.org/@esbuild%2fopenbsd-x64 82ms (cache miss)
1594 silly packumentCache full:https://registry.npmjs.org/@esbuild%2fopenbsd-x64 set size:undefined disposed:false
1595 silly fetch manifest @types/estree@1.0.8
1596 silly packumentCache full:https://registry.npmjs.org/@types%2festree cache-miss
1597 http fetch GET 200 https://registry.npmjs.org/@esbuild%2fdarwin-arm64 80ms (cache miss)
1598 silly packumentCache full:https://registry.npmjs.org/@esbuild%2fdarwin-arm64 set size:undefined disposed:false
1599 silly fetch manifest @rollup/rollup-darwin-arm64@4.60.2
1600 silly packumentCache full:https://registry.npmjs.org/@rollup%2frollup-darwin-arm64 cache-miss
1601 http fetch GET 200 https://registry.npmjs.org/@esbuild%2fandroid-arm64 83ms (cache miss)
1602 silly packumentCache full:https://registry.npmjs.org/@esbuild%2fandroid-arm64 set size:undefined disposed:false
1603 silly fetch manifest @rollup/rollup-android-arm64@4.60.2
1604 silly packumentCache full:https://registry.npmjs.org/@rollup%2frollup-android-arm64 cache-miss
1605 http fetch GET 200 https://registry.npmjs.org/@esbuild%2ffreebsd-arm64 89ms (cache miss)
1606 silly packumentCache full:https://registry.npmjs.org/@esbuild%2ffreebsd-arm64 set size:undefined disposed:false
1607 silly fetch manifest @rollup/rollup-win32-arm64-msvc@4.60.2
1608 silly packumentCache full:https://registry.npmjs.org/@rollup%2frollup-win32-arm64-msvc cache-miss
1609 http fetch GET 200 https://registry.npmjs.org/@esbuild%2flinux-mips64el 81ms (cache miss)
1610 silly packumentCache full:https://registry.npmjs.org/@esbuild%2flinux-mips64el set size:undefined disposed:false
1611 silly fetch manifest @rollup/rollup-freebsd-arm64@4.60.2
1612 silly packumentCache full:https://registry.npmjs.org/@rollup%2frollup-freebsd-arm64 cache-miss
1613 http fetch GET 200 https://registry.npmjs.org/@esbuild%2flinux-riscv64 85ms (cache miss)
1614 silly packumentCache full:https://registry.npmjs.org/@esbuild%2flinux-riscv64 set size:undefined disposed:false
1615 silly fetch manifest @rollup/rollup-linux-arm64-gnu@4.60.2
1616 silly packumentCache full:https://registry.npmjs.org/@rollup%2frollup-linux-arm64-gnu cache-miss
1617 http fetch GET 200 https://registry.npmjs.org/@esbuild%2flinux-loong64 105ms (cache miss)
1618 silly packumentCache full:https://registry.npmjs.org/@esbuild%2flinux-loong64 set size:undefined disposed:false
1619 silly fetch manifest @rollup/rollup-linux-arm64-musl@4.60.2
1620 silly packumentCache full:https://registry.npmjs.org/@rollup%2frollup-linux-arm64-musl cache-miss
1621 http fetch GET 200 https://registry.npmjs.org/@rollup%2frollup-freebsd-arm64 106ms (cache miss)
1622 silly packumentCache full:https://registry.npmjs.org/@rollup%2frollup-freebsd-arm64 set size:undefined disposed:false
1623 silly fetch manifest @rollup/rollup-android-arm-eabi@4.60.2
1624 silly packumentCache full:https://registry.npmjs.org/@rollup%2frollup-android-arm-eabi cache-miss
1625 http fetch GET 200 https://registry.npmjs.org/@rollup%2frollup-darwin-arm64 160ms (cache miss)
1626 silly packumentCache full:https://registry.npmjs.org/@rollup%2frollup-darwin-arm64 set size:undefined disposed:false
1627 silly fetch manifest @rollup/rollup-linux-arm-gnueabihf@4.60.2
1628 silly packumentCache full:https://registry.npmjs.org/@rollup%2frollup-linux-arm-gnueabihf cache-miss
1629 http fetch GET 200 https://registry.npmjs.org/@rollup%2frollup-android-arm64 154ms (cache miss)
1630 silly packumentCache full:https://registry.npmjs.org/@rollup%2frollup-android-arm64 set size:undefined disposed:false
1631 silly fetch manifest @rollup/rollup-linux-arm-musleabihf@4.60.2
1632 silly packumentCache full:https://registry.npmjs.org/@rollup%2frollup-linux-arm-musleabihf cache-miss
1633 http fetch GET 200 https://registry.npmjs.org/@rollup%2frollup-win32-arm64-msvc 127ms (cache miss)
1634 silly packumentCache full:https://registry.npmjs.org/@rollup%2frollup-win32-arm64-msvc set size:undefined disposed:false
1635 silly fetch manifest @rollup/rollup-win32-ia32-msvc@4.60.2
1636 silly packumentCache full:https://registry.npmjs.org/@rollup%2frollup-win32-ia32-msvc cache-miss
1637 http fetch GET 200 https://registry.npmjs.org/@rollup%2frollup-linux-arm64-gnu 113ms (cache miss)
1638 silly packumentCache full:https://registry.npmjs.org/@rollup%2frollup-linux-arm64-gnu set size:undefined disposed:false
1639 silly fetch manifest @rollup/rollup-linux-loong64-gnu@4.60.2
1640 silly packumentCache full:https://registry.npmjs.org/@rollup%2frollup-linux-loong64-gnu cache-miss
1641 http fetch GET 200 https://registry.npmjs.org/@rollup%2frollup-linux-loong64-gnu 56ms (cache miss)
1642 silly packumentCache full:https://registry.npmjs.org/@rollup%2frollup-linux-loong64-gnu set size:undefined disposed:false
1643 silly fetch manifest @rollup/rollup-linux-loong64-musl@4.60.2
1644 silly packumentCache full:https://registry.npmjs.org/@rollup%2frollup-linux-loong64-musl cache-miss
1645 http fetch GET 200 https://registry.npmjs.org/@rollup%2frollup-linux-arm-musleabihf 64ms (cache miss)
1646 silly packumentCache full:https://registry.npmjs.org/@rollup%2frollup-linux-arm-musleabihf set size:undefined disposed:false
1647 silly fetch manifest @rollup/rollup-linux-riscv64-gnu@4.60.2
1648 silly packumentCache full:https://registry.npmjs.org/@rollup%2frollup-linux-riscv64-gnu cache-miss
1649 http fetch GET 200 https://registry.npmjs.org/@rollup%2frollup-win32-ia32-msvc 71ms (cache miss)
1650 silly packumentCache full:https://registry.npmjs.org/@rollup%2frollup-win32-ia32-msvc set size:undefined disposed:false
1651 silly fetch manifest @rollup/rollup-linux-riscv64-musl@4.60.2
1652 silly packumentCache full:https://registry.npmjs.org/@rollup%2frollup-linux-riscv64-musl cache-miss
1653 http fetch GET 200 https://registry.npmjs.org/@rollup%2frollup-linux-arm-gnueabihf 84ms (cache miss)
1654 silly packumentCache full:https://registry.npmjs.org/@rollup%2frollup-linux-arm-gnueabihf set size:undefined disposed:false
1655 silly fetch manifest @rollup/rollup-linux-ppc64-gnu@4.60.2
1656 silly packumentCache full:https://registry.npmjs.org/@rollup%2frollup-linux-ppc64-gnu cache-miss
1657 http fetch GET 200 https://registry.npmjs.org/@rollup%2frollup-android-arm-eabi 114ms (cache miss)
1658 silly packumentCache full:https://registry.npmjs.org/@rollup%2frollup-android-arm-eabi set size:undefined disposed:false
1659 silly fetch manifest @rollup/rollup-linux-ppc64-musl@4.60.2
1660 silly packumentCache full:https://registry.npmjs.org/@rollup%2frollup-linux-ppc64-musl cache-miss
1661 http fetch GET 200 https://registry.npmjs.org/@rollup%2frollup-linux-loong64-musl 62ms (cache miss)
1662 silly packumentCache full:https://registry.npmjs.org/@rollup%2frollup-linux-loong64-musl set size:undefined disposed:false
1663 silly fetch manifest @rollup/rollup-linux-s390x-gnu@4.60.2
1664 silly packumentCache full:https://registry.npmjs.org/@rollup%2frollup-linux-s390x-gnu cache-miss
1665 http fetch GET 200 https://registry.npmjs.org/@rollup%2frollup-linux-riscv64-musl 53ms (cache miss)
1666 silly packumentCache full:https://registry.npmjs.org/@rollup%2frollup-linux-riscv64-musl set size:undefined disposed:false
1667 silly fetch manifest @rollup/rollup-darwin-x64@4.60.2
1668 silly packumentCache full:https://registry.npmjs.org/@rollup%2frollup-darwin-x64 cache-miss
1669 http fetch GET 200 https://registry.npmjs.org/@rollup%2frollup-linux-riscv64-gnu 68ms (cache miss)
1670 silly packumentCache full:https://registry.npmjs.org/@rollup%2frollup-linux-riscv64-gnu set size:undefined disposed:false
1671 silly fetch manifest @rollup/rollup-win32-x64-gnu@4.60.2
1672 silly packumentCache full:https://registry.npmjs.org/@rollup%2frollup-win32-x64-gnu cache-miss
1673 http fetch GET 200 https://registry.npmjs.org/@rollup%2frollup-linux-ppc64-gnu 70ms (cache miss)
1674 silly packumentCache full:https://registry.npmjs.org/@rollup%2frollup-linux-ppc64-gnu set size:undefined disposed:false
1675 silly fetch manifest @rollup/rollup-win32-x64-msvc@4.60.2
1676 silly packumentCache full:https://registry.npmjs.org/@rollup%2frollup-win32-x64-msvc cache-miss
1677 http fetch GET 200 https://registry.npmjs.org/@rollup%2frollup-linux-ppc64-musl 57ms (cache miss)
1678 silly packumentCache full:https://registry.npmjs.org/@rollup%2frollup-linux-ppc64-musl set size:undefined disposed:false
1679 silly fetch manifest @rollup/rollup-freebsd-x64@4.60.2
1680 silly packumentCache full:https://registry.npmjs.org/@rollup%2frollup-freebsd-x64 cache-miss
1681 http fetch GET 200 https://registry.npmjs.org/@rollup%2frollup-win32-x64-gnu 54ms (cache miss)
1682 silly packumentCache full:https://registry.npmjs.org/@rollup%2frollup-win32-x64-gnu set size:undefined disposed:false
1683 silly fetch manifest @rollup/rollup-linux-x64-gnu@4.60.2
1684 silly packumentCache full:https://registry.npmjs.org/@rollup%2frollup-linux-x64-gnu cache-miss
1685 http fetch GET 200 https://registry.npmjs.org/@rollup%2frollup-darwin-x64 66ms (cache miss)
1686 silly packumentCache full:https://registry.npmjs.org/@rollup%2frollup-darwin-x64 set size:undefined disposed:false
1687 silly fetch manifest @rollup/rollup-linux-x64-musl@4.60.2
1688 silly packumentCache full:https://registry.npmjs.org/@rollup%2frollup-linux-x64-musl cache-miss
1689 http fetch GET 200 https://registry.npmjs.org/@rollup%2frollup-win32-x64-msvc 88ms (cache miss)
1690 silly packumentCache full:https://registry.npmjs.org/@rollup%2frollup-win32-x64-msvc set size:undefined disposed:false
1691 silly fetch manifest @rollup/rollup-openbsd-x64@4.60.2
1692 silly packumentCache full:https://registry.npmjs.org/@rollup%2frollup-openbsd-x64 cache-miss
1693 http fetch GET 200 https://registry.npmjs.org/@rollup%2frollup-linux-x64-gnu 78ms (cache miss)
1694 silly packumentCache full:https://registry.npmjs.org/@rollup%2frollup-linux-x64-gnu set size:undefined disposed:false
1695 silly fetch manifest @rollup/rollup-openharmony-arm64@4.60.2
1696 silly packumentCache full:https://registry.npmjs.org/@rollup%2frollup-openharmony-arm64 cache-miss
1697 http fetch GET 200 https://registry.npmjs.org/@rollup%2frollup-linux-x64-musl 79ms (cache miss)
1698 silly packumentCache full:https://registry.npmjs.org/@rollup%2frollup-linux-x64-musl set size:undefined disposed:false
1699 http fetch GET 200 https://registry.npmjs.org/@types%2festree 473ms (cache miss)
1700 silly packumentCache full:https://registry.npmjs.org/@types%2festree set size:undefined disposed:false
1701 http fetch GET 200 https://registry.npmjs.org/@rollup%2frollup-openbsd-x64 54ms (cache miss)
1702 silly packumentCache full:https://registry.npmjs.org/@rollup%2frollup-openbsd-x64 set size:undefined disposed:false
1703 http fetch GET 200 https://registry.npmjs.org/@rollup%2frollup-openharmony-arm64 60ms (cache miss)
1704 silly packumentCache full:https://registry.npmjs.org/@rollup%2frollup-openharmony-arm64 set size:undefined disposed:false
1705 http fetch GET 200 https://registry.npmjs.org/@rollup%2frollup-linux-s390x-gnu 289ms (cache miss)
1706 silly packumentCache full:https://registry.npmjs.org/@rollup%2frollup-linux-s390x-gnu set size:undefined disposed:false
1707 http fetch GET 200 https://registry.npmjs.org/@rollup%2frollup-freebsd-x64 344ms (cache miss)
1708 silly packumentCache full:https://registry.npmjs.org/@rollup%2frollup-freebsd-x64 set size:undefined disposed:false
1709 http fetch GET 200 https://registry.npmjs.org/@rollup%2frollup-linux-arm64-musl 812ms (cache miss)
1710 silly packumentCache full:https://registry.npmjs.org/@rollup%2frollup-linux-arm64-musl set size:undefined disposed:false
1711 silly placeDep ROOT @esbuild/aix-ppc64@0.21.5 OK for: esbuild@0.21.5 want: 0.21.5
1712 silly placeDep ROOT @esbuild/android-arm@0.21.5 OK for: esbuild@0.21.5 want: 0.21.5
1713 silly placeDep ROOT @esbuild/android-arm64@0.21.5 OK for: esbuild@0.21.5 want: 0.21.5
1714 silly placeDep ROOT @esbuild/android-x64@0.21.5 OK for: esbuild@0.21.5 want: 0.21.5
1715 silly placeDep ROOT @esbuild/darwin-arm64@0.21.5 OK for: esbuild@0.21.5 want: 0.21.5
1716 silly placeDep ROOT @esbuild/darwin-x64@0.21.5 OK for: esbuild@0.21.5 want: 0.21.5
1717 silly placeDep ROOT @esbuild/freebsd-arm64@0.21.5 OK for: esbuild@0.21.5 want: 0.21.5
1718 silly placeDep ROOT @esbuild/freebsd-x64@0.21.5 OK for: esbuild@0.21.5 want: 0.21.5
1719 silly placeDep ROOT @esbuild/linux-arm@0.21.5 OK for: esbuild@0.21.5 want: 0.21.5
1720 silly placeDep ROOT @esbuild/linux-arm64@0.21.5 OK for: esbuild@0.21.5 want: 0.21.5
1721 silly placeDep ROOT @esbuild/linux-ia32@0.21.5 OK for: esbuild@0.21.5 want: 0.21.5
1722 silly placeDep ROOT @esbuild/linux-loong64@0.21.5 OK for: esbuild@0.21.5 want: 0.21.5
1723 silly placeDep ROOT @esbuild/linux-mips64el@0.21.5 OK for: esbuild@0.21.5 want: 0.21.5
1724 silly placeDep ROOT @esbuild/linux-ppc64@0.21.5 OK for: esbuild@0.21.5 want: 0.21.5
1725 silly placeDep ROOT @esbuild/linux-riscv64@0.21.5 OK for: esbuild@0.21.5 want: 0.21.5
1726 silly placeDep ROOT @esbuild/linux-s390x@0.21.5 OK for: esbuild@0.21.5 want: 0.21.5
1727 silly placeDep ROOT @esbuild/linux-x64@0.21.5 OK for: esbuild@0.21.5 want: 0.21.5
1728 silly placeDep ROOT @esbuild/netbsd-x64@0.21.5 OK for: esbuild@0.21.5 want: 0.21.5
1729 silly placeDep ROOT @esbuild/openbsd-x64@0.21.5 OK for: esbuild@0.21.5 want: 0.21.5
1730 silly placeDep ROOT @esbuild/sunos-x64@0.21.5 OK for: esbuild@0.21.5 want: 0.21.5
1731 silly placeDep ROOT @esbuild/win32-arm64@0.21.5 OK for: esbuild@0.21.5 want: 0.21.5
1732 silly placeDep ROOT @esbuild/win32-ia32@0.21.5 OK for: esbuild@0.21.5 want: 0.21.5
1733 silly placeDep ROOT @esbuild/win32-x64@0.21.5 OK for: esbuild@0.21.5 want: 0.21.5
1734 silly placeDep ROOT @rollup/rollup-android-arm-eabi@4.60.2 OK for: rollup@4.60.2 want: 4.60.2
1735 silly placeDep ROOT @rollup/rollup-android-arm64@4.60.2 OK for: rollup@4.60.2 want: 4.60.2
1736 silly placeDep ROOT @rollup/rollup-darwin-arm64@4.60.2 OK for: rollup@4.60.2 want: 4.60.2
1737 silly placeDep ROOT @rollup/rollup-darwin-x64@4.60.2 OK for: rollup@4.60.2 want: 4.60.2
1738 silly placeDep ROOT @rollup/rollup-freebsd-arm64@4.60.2 OK for: rollup@4.60.2 want: 4.60.2
1739 silly placeDep ROOT @rollup/rollup-freebsd-x64@4.60.2 OK for: rollup@4.60.2 want: 4.60.2
1740 silly placeDep ROOT @rollup/rollup-linux-arm-gnueabihf@4.60.2 OK for: rollup@4.60.2 want: 4.60.2
1741 silly placeDep ROOT @rollup/rollup-linux-arm-musleabihf@4.60.2 OK for: rollup@4.60.2 want: 4.60.2
1742 silly placeDep ROOT @rollup/rollup-linux-arm64-gnu@4.60.2 OK for: rollup@4.60.2 want: 4.60.2
1743 silly placeDep ROOT @rollup/rollup-linux-arm64-musl@4.60.2 OK for: rollup@4.60.2 want: 4.60.2
1744 silly placeDep ROOT @rollup/rollup-linux-loong64-gnu@4.60.2 OK for: rollup@4.60.2 want: 4.60.2
1745 silly placeDep ROOT @rollup/rollup-linux-loong64-musl@4.60.2 OK for: rollup@4.60.2 want: 4.60.2
1746 silly placeDep ROOT @rollup/rollup-linux-ppc64-gnu@4.60.2 OK for: rollup@4.60.2 want: 4.60.2
1747 silly placeDep ROOT @rollup/rollup-linux-ppc64-musl@4.60.2 OK for: rollup@4.60.2 want: 4.60.2
1748 silly placeDep ROOT @rollup/rollup-linux-riscv64-gnu@4.60.2 OK for: rollup@4.60.2 want: 4.60.2
1749 silly placeDep ROOT @rollup/rollup-linux-riscv64-musl@4.60.2 OK for: rollup@4.60.2 want: 4.60.2
1750 silly placeDep ROOT @rollup/rollup-linux-s390x-gnu@4.60.2 OK for: rollup@4.60.2 want: 4.60.2
1751 silly placeDep ROOT @rollup/rollup-linux-x64-gnu@4.60.2 OK for: rollup@4.60.2 want: 4.60.2
1752 silly placeDep ROOT @rollup/rollup-linux-x64-musl@4.60.2 OK for: rollup@4.60.2 want: 4.60.2
1753 silly placeDep ROOT @rollup/rollup-openbsd-x64@4.60.2 OK for: rollup@4.60.2 want: 4.60.2
1754 silly placeDep ROOT @rollup/rollup-openharmony-arm64@4.60.2 OK for: rollup@4.60.2 want: 4.60.2
1755 silly placeDep ROOT @rollup/rollup-win32-arm64-msvc@4.60.2 OK for: rollup@4.60.2 want: 4.60.2
1756 silly placeDep ROOT @rollup/rollup-win32-ia32-msvc@4.60.2 OK for: rollup@4.60.2 want: 4.60.2
1757 silly placeDep ROOT @rollup/rollup-win32-x64-gnu@4.60.2 OK for: rollup@4.60.2 want: 4.60.2
1758 silly placeDep ROOT @rollup/rollup-win32-x64-msvc@4.60.2 OK for: rollup@4.60.2 want: 4.60.2
1759 silly placeDep ROOT @types/estree@1.0.8 OK for: rollup@4.60.2 want: 1.0.8
1760 silly placeDep ROOT isexe@2.0.0 OK for: which@2.0.2 want: ^2.0.0
1761 silly placeDep node_modules/@eslint/eslintrc brace-expansion@1.1.14 OK for: minimatch@3.1.5 want: ^1.1.7
1762 silly fetch manifest concat-map@0.0.1
1763 silly packumentCache full:https://registry.npmjs.org/concat-map cache-miss
1764 http fetch GET 200 https://registry.npmjs.org/concat-map 37ms (cache miss)
1765 silly packumentCache full:https://registry.npmjs.org/concat-map set size:undefined disposed:false
1766 silly placeDep ROOT concat-map@0.0.1 OK for: brace-expansion@1.1.14 want: 0.0.1
1767 silly placeDep node_modules/@humanwhocodes/config-array brace-expansion@1.1.14 OK for: minimatch@3.1.5 want: ^1.1.7
1768 silly placeDep node_modules/eslint brace-expansion@1.1.14 OK for: minimatch@3.1.5 want: ^1.1.7
1769 silly placeDep node_modules/glob brace-expansion@1.1.14 OK for: minimatch@3.1.5 want: ^1.1.7
1770 silly reify moves {}
1771 silly audit bulk request {
1771 silly audit   '@supabase/supabase-js': [ '2.105.1' ],
1771 silly audit   '@types/react': [ '18.3.28' ],
1771 silly audit   '@types/react-dom': [ '18.3.7' ],
1771 silly audit   '@typescript-eslint/eslint-plugin': [ '6.21.0' ],
1771 silly audit   eslint: [ '8.57.1' ],
1771 silly audit   '@typescript-eslint/parser': [ '6.21.0' ],
1771 silly audit   '@vitejs/plugin-react': [ '4.7.0' ],
1771 silly audit   vite: [ '5.4.21' ],
1771 silly audit   autoprefixer: [ '10.5.0' ],
1771 silly audit   postcss: [ '8.5.12' ],
1771 silly audit   'eslint-plugin-react-hooks': [ '4.6.2' ],
1771 silly audit   'eslint-plugin-react-refresh': [ '0.4.26' ],
1771 silly audit   'framer-motion': [ '10.18.0' ],
1771 silly audit   'lucide-react': [ '0.300.0' ],
1771 silly audit   react: [ '18.3.1' ],
1771 silly audit   'react-dom': [ '18.3.1' ],
1771 silly audit   tailwindcss: [ '3.4.19' ],
1771 silly audit   typescript: [ '5.9.3' ],
1771 silly audit   '@supabase/auth-js': [ '2.105.1' ],
1771 silly audit   '@supabase/functions-js': [ '2.105.1' ],
1771 silly audit   '@supabase/postgrest-js': [ '2.105.1' ],
1771 silly audit   '@supabase/realtime-js': [ '2.105.1' ],
1771 silly audit   '@supabase/storage-js': [ '2.105.1' ],
1771 silly audit   tslib: [ '2.8.1' ],
1771 silly audit   '@supabase/phoenix': [ '0.4.1' ],
1771 silly audit   '@types/ws': [ '8.18.1' ],
1771 silly audit   ws: [ '8.20.0' ],
1771 silly audit   'iceberg-js': [ '0.8.1' ],
1771 silly audit   '@types/prop-types': [ '15.7.15' ],
1771 silly audit   csstype: [ '3.2.3' ],
1771 silly audit   '@types/node': [ '25.6.0' ],
1771 silly audit   'undici-types': [ '7.19.2' ],
1771 silly audit   '@eslint-community/regexpp': [ '4.12.2' ],
1771 silly audit   '@typescript-eslint/scope-manager': [ '6.21.0' ],
1771 silly audit   '@typescript-eslint/type-utils': [ '6.21.0' ],
1771 silly audit   '@typescript-eslint/utils': [ '6.21.0' ],
1771 silly audit   '@typescript-eslint/visitor-keys': [ '6.21.0' ],
1771 silly audit   debug: [ '4.4.3' ],
1771 silly audit   graphemer: [ '1.4.0' ],
1771 silly audit   ignore: [ '5.3.2' ],
1771 silly audit   'natural-compare': [ '1.4.0' ],
1771 silly audit   semver: [ '7.7.4', '6.3.1' ],
1771 silly audit   'ts-api-utils': [ '1.4.3' ],
1771 silly audit   '@typescript-eslint/types': [ '6.21.0' ],
1771 silly audit   '@typescript-eslint/typescript-estree': [ '6.21.0' ],
1771 silly audit   globby: [ '11.1.0' ],
1771 silly audit   'is-glob': [ '4.0.3' ],
1771 silly audit   minimatch: [ '9.0.3', '3.1.5' ],
1771 silly audit   '@eslint-community/eslint-utils': [ '4.9.1' ],
1771 silly audit   '@types/json-schema': [ '7.0.15' ],
1771 silly audit   '@types/semver': [ '7.7.1' ],
1771 silly audit   'eslint-visitor-keys': [ '3.4.3' ],
1771 silly audit   '@babel/core': [ '7.29.0' ],
1771 silly audit   '@babel/plugin-transform-react-jsx-self': [ '7.27.1' ],
1771 silly audit   '@babel/plugin-transform-react-jsx-source': [ '7.27.1' ],
1771 silly audit   '@rolldown/pluginutils': [ '1.0.0-beta.27' ],
1771 silly audit   '@types/babel__core': [ '7.20.5' ],
1771 silly audit   'react-refresh': [ '0.17.0' ],
1771 silly audit   '@babel/code-frame': [ '7.29.0' ],
1771 silly audit   '@babel/generator': [ '7.29.1' ],
1771 silly audit   '@babel/helper-compilation-targets': [ '7.28.6' ],
1771 silly audit   '@babel/helper-module-transforms': [ '7.28.6' ],
1771 silly audit   '@babel/helpers': [ '7.29.2' ],
1771 silly audit   '@babel/parser': [ '7.29.2' ],
1771 silly audit   '@babel/template': [ '7.28.6' ],
1771 silly audit   '@babel/traverse': [ '7.29.0' ],
1771 silly audit   '@babel/types': [ '7.29.0' ],
1771 silly audit   '@jridgewell/remapping': [ '2.3.5' ],
1771 silly audit   'convert-source-map': [ '2.0.0' ],
1771 silly audit   gensync: [ '1.0.0-beta.2' ],
1771 silly audit   json5: [ '2.2.3' ],
1771 silly audit   '@babel/helper-validator-identifier': [ '7.28.5' ],
1771 silly audit   'js-tokens': [ '4.0.0' ],
1771 silly audit   picocolors: [ '1.1.1' ],
1771 silly audit   '@jridgewell/gen-mapping': [ '0.3.13' ],
1771 silly audit   '@jridgewell/trace-mapping': [ '0.3.31' ],
1771 silly audit   jsesc: [ '3.1.0' ],
1771 silly audit   '@babel/compat-data': [ '7.29.0' ],
1771 silly audit   '@babel/helper-validator-option': [ '7.27.1' ],
1771 silly audit   browserslist: [ '4.28.2' ],
1771 silly audit   'lru-cache': [ '5.1.1' ],
1771 silly audit   '@babel/helper-module-imports': [ '7.28.6' ],
1771 silly audit   '@babel/helper-plugin-utils': [ '7.28.6' ],
1771 silly audit   '@babel/helper-globals': [ '7.28.0' ],
1771 silly audit   '@babel/helper-string-parser': [ '7.27.1' ],
1771 silly audit   '@jridgewell/sourcemap-codec': [ '1.5.5' ],
1771 silly audit   '@jridgewell/resolve-uri': [ '3.1.2' ],
1771 silly audit   '@types/babel__generator': [ '7.27.0' ],
1771 silly audit   '@types/babel__template': [ '7.4.4' ],
1771 silly audit   '@types/babel__traverse': [ '7.28.0' ],
1771 silly audit   'caniuse-lite': [ '1.0.30001791' ],
1771 silly audit   'fraction.js': [ '5.3.4' ],
1771 silly audit   'postcss-value-parser': [ '4.2.0' ],
1771 silly audit   'baseline-browser-mapping': [ '2.10.24' ],
1771 silly audit   'electron-to-chromium': [ '1.5.345' ],
1771 silly audit   'node-releases': [ '2.0.38' ],
1771 silly audit   'update-browserslist-db': [ '1.2.3' ],
1771 silly audit   ms: [ '2.1.3' ],
1771 silly audit   '@eslint/eslintrc': [ '2.1.4' ],
1771 silly audit   '@eslint/js': [ '8.57.1' ],
1771 silly audit   '@humanwhocodes/config-array': [ '0.13.0' ],
1771 silly audit   '@humanwhocodes/module-importer': [ '1.0.1' ],
1771 silly audit   '@nodelib/fs.walk': [ '1.2.8' ],
1771 silly audit   '@ungap/structured-clone': [ '1.3.0' ],
1771 silly audit   ajv: [ '6.15.0' ],
1771 silly audit   chalk: [ '4.1.2' ],
1771 silly audit   'cross-spawn': [ '7.0.6' ],
1771 silly audit   doctrine: [ '3.0.0' ],
1771 silly audit   'escape-string-regexp': [ '4.0.0' ],
1771 silly audit   'eslint-scope': [ '7.2.2' ],
1771 silly audit   espree: [ '9.6.1' ],
1771 silly audit   esquery: [ '1.7.0' ],
1771 silly audit   esutils: [ '2.0.3' ],
1771 silly audit   'fast-deep-equal': [ '3.1.3' ],
1771 silly audit   'file-entry-cache': [ '6.0.1' ],
1771 silly audit   'find-up': [ '5.0.0' ],
1771 silly audit   'glob-parent': [ '6.0.2', '5.1.2' ],
1771 silly audit   globals: [ '13.24.0' ],
1771 silly audit   imurmurhash: [ '0.1.4' ],
1771 silly audit   'is-path-inside': [ '3.0.3' ],
1771 silly audit   'js-yaml': [ '4.1.1' ],
1771 silly audit   'json-stable-stringify-without-jsonify': [ '1.0.1' ],
1771 silly audit   levn: [ '0.4.1' ],
1771 silly audit   'lodash.merge': [ '4.6.2' ],
1771 silly audit   optionator: [ '0.9.4' ],
1771 silly audit   'strip-ansi': [ '6.0.1' ],
1771 silly audit   'text-table': [ '0.2.0' ],
1771 silly audit   'import-fresh': [ '3.3.1' ],
1771 silly audit   'strip-json-comments': [ '3.1.1' ],
1771 silly audit   '@humanwhocodes/object-schema': [ '2.0.3' ],
1771 silly audit   '@nodelib/fs.scandir': [ '2.1.5' ],
1771 silly audit   fastq: [ '1.20.1' ],
1771 silly audit   '@nodelib/fs.stat': [ '2.0.5' ],
1771 silly audit   'run-parallel': [ '1.2.0' ],
1771 silly audit   'fast-json-stable-stringify': [ '2.1.0' ],
1771 silly audit   'json-schema-traverse': [ '0.4.1' ],
1771 silly audit   'uri-js': [ '4.4.1' ],
1771 silly audit   'ansi-styles': [ '4.3.0' ],
1771 silly audit   'supports-color': [ '7.2.0' ],
1771 silly audit   'color-convert': [ '2.0.1' ],
1771 silly audit   'color-name': [ '1.1.4' ],
1771 silly audit   'path-key': [ '3.1.1' ],
1771 silly audit   'shebang-command': [ '2.0.0' ],
1771 silly audit   which: [ '2.0.2' ],
1771 silly audit   esrecurse: [ '4.3.0' ],
1771 silly audit   estraverse: [ '5.3.0' ],
1771 silly audit   acorn: [ '8.16.0' ],
1771 silly audit   'acorn-jsx': [ '5.3.2' ],
1771 silly audit   reusify: [ '1.1.0' ],
1771 silly audit   'flat-cache': [ '3.2.0' ],
1771 silly audit   'locate-path': [ '6.0.0' ],
1771 silly audit   'path-exists': [ '4.0.0' ],
1771 silly audit   flatted: [ '3.4.2' ],
1771 silly audit   keyv: [ '4.5.4' ],
1771 silly audit   rimraf: [ '3.0.2' ],
1771 silly audit   '@emotion/is-prop-valid': [ '0.8.8' ],
1771 silly audit   '@emotion/memoize': [ '0.7.4' ],
1771 silly audit   'type-fest': [ '0.20.2' ],
1771 silly audit   'array-union': [ '2.1.0' ],
1771 silly audit   'dir-glob': [ '3.0.1' ],
1771 silly audit   'fast-glob': [ '3.3.3' ],
1771 silly audit   merge2: [ '1.4.1' ],
1771 silly audit   slash: [ '3.0.0' ],
1771 silly audit   'path-type': [ '4.0.0' ],
1771 silly audit   micromatch: [ '4.0.8' ],
1771 silly audit   'parent-module': [ '1.0.1' ],
1771 silly audit   'resolve-from': [ '4.0.0' ],
1771 silly audit   'is-extglob': [ '2.1.1' ],
1771 silly audit   argparse: [ '2.0.1' ],
1771 silly audit   'json-buffer': [ '3.0.1' ],
1771 silly audit   'prelude-ls': [ '1.2.1' ],
1771 silly audit   'type-check': [ '0.4.0' ],
1771 silly audit   'p-locate': [ '5.0.0' ],
1771 silly audit   yallist: [ '3.1.1' ],
1771 silly audit   braces: [ '3.0.3' ],
1771 silly audit   picomatch: [ '2.3.2', '4.0.4' ],
1771 silly audit   'fill-range': [ '7.1.1' ],
1771 silly audit   'to-regex-range': [ '5.0.1' ],
1771 silly audit   'brace-expansion': [ '2.1.0', '1.1.14' ],
1771 silly audit   'balanced-match': [ '1.0.2' ],
1771 silly audit   'deep-is': [ '0.1.4' ],
1771 silly audit   'fast-levenshtein': [ '2.0.6' ],
1771 silly audit   'word-wrap': [ '1.2.5' ],
1771 silly audit   'p-limit': [ '3.1.0' ],
1771 silly audit   'yocto-queue': [ '0.1.0' ],
1771 silly audit   callsites: [ '3.1.0' ],
1771 silly audit   nanoid: [ '3.3.11' ],
1771 silly audit   'source-map-js': [ '1.2.1' ],
1771 silly audit   'loose-envify': [ '1.4.0' ],
1771 silly audit   scheduler: [ '0.23.2' ],
1771 silly audit   glob: [ '7.2.3' ],
1771 silly audit   'fs.realpath': [ '1.0.0' ],
1771 silly audit   inflight: [ '1.0.6' ],
1771 silly audit   inherits: [ '2.0.4' ],
1771 silly audit   once: [ '1.4.0' ],
1771 silly audit   'path-is-absolute': [ '1.0.1' ],
1771 silly audit   wrappy: [ '1.0.2' ],
1771 silly audit   'queue-microtask': [ '1.2.3' ],
1771 silly audit   'shebang-regex': [ '3.0.0' ],
1771 silly audit   'ansi-regex': [ '5.0.1' ],
1771 silly audit   'has-flag': [ '4.0.0' ],
1771 silly audit   '@alloc/quick-lru': [ '5.2.0' ],
1771 silly audit   arg: [ '5.0.2' ],
1771 silly audit   chokidar: [ '3.6.0' ],
1771 silly audit   didyoumean: [ '1.2.2' ],
1771 silly audit   dlv: [ '1.1.3' ],
1771 silly audit   jiti: [ '1.21.7' ],
1771 silly audit   lilconfig: [ '3.1.3' ],
1771 silly audit   'normalize-path': [ '3.0.0' ],
1771 silly audit   'object-hash': [ '3.0.0' ],
1771 silly audit   'postcss-import': [ '15.1.0' ],
1771 silly audit   'postcss-js': [ '4.1.0' ],
1771 silly audit   'postcss-load-config': [ '6.0.1' ],
1771 silly audit   'postcss-nested': [ '6.2.0' ],
1771 silly audit   'postcss-selector-parser': [ '6.1.2' ],
1771 silly audit   resolve: [ '1.22.12' ],
1771 silly audit   sucrase: [ '3.35.1' ],
1771 silly audit   anymatch: [ '3.1.3' ],
1771 silly audit   fsevents: [ '2.3.3' ],
1771 silly audit   'is-binary-path': [ '2.1.0' ],
1771 silly audit   readdirp: [ '3.6.0' ],
1771 silly audit   'binary-extensions': [ '2.3.0' ],
1771 silly audit   'read-cache': [ '1.0.0' ],
1771 silly audit   'camelcase-css': [ '2.0.1' ],
1771 silly audit   cssesc: [ '3.0.0' ],
1771 silly audit   'util-deprecate': [ '1.0.2' ],
1771 silly audit   pify: [ '2.3.0' ],
1771 silly audit   'es-errors': [ '1.3.0' ],
1771 silly audit   'is-core-module': [ '2.16.1' ],
1771 silly audit   'path-parse': [ '1.0.7' ],
1771 silly audit   'supports-preserve-symlinks-flag': [ '1.0.0' ],
1771 silly audit   hasown: [ '2.0.3' ],
1771 silly audit   'function-bind': [ '1.1.2' ],
1771 silly audit   commander: [ '4.1.1' ],
1771 silly audit   'lines-and-columns': [ '1.2.4' ],
1771 silly audit   mz: [ '2.7.0' ],
1771 silly audit   pirates: [ '4.0.7' ],
1771 silly audit   tinyglobby: [ '0.2.16' ],
1771 silly audit   'ts-interface-checker': [ '0.1.13' ],
1771 silly audit   'any-promise': [ '1.3.0' ],
1771 silly audit   'object-assign': [ '4.1.1' ],
1771 silly audit   'thenify-all': [ '1.6.0' ],
1771 silly audit   thenify: [ '3.3.1' ],
1771 silly audit   fdir: [ '6.5.0' ],
1771 silly audit   'is-number': [ '7.0.0' ],
1771 silly audit   escalade: [ '3.2.0' ],
1771 silly audit   punycode: [ '2.3.1' ],
1771 silly audit   esbuild: [ '0.21.5' ],
1771 silly audit   rollup: [ '4.60.2' ],
1771 silly audit   '@esbuild/aix-ppc64': [ '0.21.5' ],
1771 silly audit   '@esbuild/android-arm': [ '0.21.5' ],
1771 silly audit   '@esbuild/android-arm64': [ '0.21.5' ],
1771 silly audit   '@esbuild/android-x64': [ '0.21.5' ],
1771 silly audit   '@esbuild/darwin-arm64': [ '0.21.5' ],
1771 silly audit   '@esbuild/darwin-x64': [ '0.21.5' ],
1771 silly audit   '@esbuild/freebsd-arm64': [ '0.21.5' ],
1771 silly audit   '@esbuild/freebsd-x64': [ '0.21.5' ],
1771 silly audit   '@esbuild/linux-arm': [ '0.21.5' ],
1771 silly audit   '@esbuild/linux-arm64': [ '0.21.5' ],
1771 silly audit   '@esbuild/linux-ia32': [ '0.21.5' ],
1771 silly audit   '@esbuild/linux-loong64': [ '0.21.5' ],
1771 silly audit   '@esbuild/linux-mips64el': [ '0.21.5' ],
1771 silly audit   '@esbuild/linux-ppc64': [ '0.21.5' ],
1771 silly audit   '@esbuild/linux-riscv64': [ '0.21.5' ],
1771 silly audit   '@esbuild/linux-s390x': [ '0.21.5' ],
1771 silly audit   '@esbuild/linux-x64': [ '0.21.5' ],
1771 silly audit   '@esbuild/netbsd-x64': [ '0.21.5' ],
1771 silly audit   '@esbuild/openbsd-x64': [ '0.21.5' ],
1771 silly audit   '@esbuild/sunos-x64': [ '0.21.5' ],
1771 silly audit   '@esbuild/win32-arm64': [ '0.21.5' ],
1771 silly audit   '@esbuild/win32-ia32': [ '0.21.5' ],
1771 silly audit   '@esbuild/win32-x64': [ '0.21.5' ],
1771 silly audit   '@rollup/rollup-android-arm-eabi': [ '4.60.2' ],
1771 silly audit   '@rollup/rollup-android-arm64': [ '4.60.2' ],
1771 silly audit   '@rollup/rollup-darwin-arm64': [ '4.60.2' ],
1771 silly audit   '@rollup/rollup-darwin-x64': [ '4.60.2' ],
1771 silly audit   '@rollup/rollup-freebsd-arm64': [ '4.60.2' ],
1771 silly audit   '@rollup/rollup-freebsd-x64': [ '4.60.2' ],
1771 silly audit   '@rollup/rollup-linux-arm-gnueabihf': [ '4.60.2' ],
1771 silly audit   '@rollup/rollup-linux-arm-musleabihf': [ '4.60.2' ],
1771 silly audit   '@rollup/rollup-linux-arm64-gnu': [ '4.60.2' ],
1771 silly audit   '@rollup/rollup-linux-arm64-musl': [ '4.60.2' ],
1771 silly audit   '@rollup/rollup-linux-loong64-gnu': [ '4.60.2' ],
1771 silly audit   '@rollup/rollup-linux-loong64-musl': [ '4.60.2' ],
1771 silly audit   '@rollup/rollup-linux-ppc64-gnu': [ '4.60.2' ],
1771 silly audit   '@rollup/rollup-linux-ppc64-musl': [ '4.60.2' ],
1771 silly audit   '@rollup/rollup-linux-riscv64-gnu': [ '4.60.2' ],
1771 silly audit   '@rollup/rollup-linux-riscv64-musl': [ '4.60.2' ],
1771 silly audit   '@rollup/rollup-linux-s390x-gnu': [ '4.60.2' ],
1771 silly audit   '@rollup/rollup-linux-x64-gnu': [ '4.60.2' ],
1771 silly audit   '@rollup/rollup-linux-x64-musl': [ '4.60.2' ],
1771 silly audit   '@rollup/rollup-openbsd-x64': [ '4.60.2' ],
1771 silly audit   '@rollup/rollup-openharmony-arm64': [ '4.60.2' ],
1771 silly audit   '@rollup/rollup-win32-arm64-msvc': [ '4.60.2' ],
1771 silly audit   '@rollup/rollup-win32-ia32-msvc': [ '4.60.2' ],
1771 silly audit   '@rollup/rollup-win32-x64-gnu': [ '4.60.2' ],
1771 silly audit   '@rollup/rollup-win32-x64-msvc': [ '4.60.2' ],
1771 silly audit   '@types/estree': [ '1.0.8' ],
1771 silly audit   isexe: [ '2.0.0' ],
1771 silly audit   'concat-map': [ '0.0.1' ]
1771 silly audit }
1772 http cache concat-map@https://registry.npmjs.org/concat-map/-/concat-map-0.0.1.tgz 0ms (cache hit)
1773 http cache @types/estree@https://registry.npmjs.org/@types/estree/-/estree-1.0.8.tgz 0ms (cache hit)
1774 http cache isexe@https://registry.npmjs.org/isexe/-/isexe-2.0.0.tgz 0ms (cache hit)
1775 http cache @esbuild/darwin-arm64@https://registry.npmjs.org/@esbuild/darwin-arm64/-/darwin-arm64-0.21.5.tgz 0ms (cache hit)
1776 http cache @rollup/rollup-darwin-arm64@https://registry.npmjs.org/@rollup/rollup-darwin-arm64/-/rollup-darwin-arm64-4.60.2.tgz 0ms (cache hit)
1777 http cache rollup@https://registry.npmjs.org/rollup/-/rollup-4.60.2.tgz 0ms (cache hit)
1778 http cache escalade@https://registry.npmjs.org/escalade/-/escalade-3.2.0.tgz 0ms (cache hit)
1779 http cache punycode@https://registry.npmjs.org/punycode/-/punycode-2.3.1.tgz 0ms (cache hit)
1780 http cache esbuild@https://registry.npmjs.org/esbuild/-/esbuild-0.21.5.tgz 0ms (cache hit)
1781 http cache is-number@https://registry.npmjs.org/is-number/-/is-number-7.0.0.tgz 0ms (cache hit)
1782 http cache thenify@https://registry.npmjs.org/thenify/-/thenify-3.3.1.tgz 0ms (cache hit)
1783 http cache object-assign@https://registry.npmjs.org/object-assign/-/object-assign-4.1.1.tgz 0ms (cache hit)
1784 http cache any-promise@https://registry.npmjs.org/any-promise/-/any-promise-1.3.0.tgz 0ms (cache hit)
1785 http cache ts-interface-checker@https://registry.npmjs.org/ts-interface-checker/-/ts-interface-checker-0.1.13.tgz 0ms (cache hit)
1786 http cache thenify-all@https://registry.npmjs.org/thenify-all/-/thenify-all-1.6.0.tgz 0ms (cache hit)
1787 http cache pirates@https://registry.npmjs.org/pirates/-/pirates-4.0.7.tgz 0ms (cache hit)
1788 http cache tinyglobby@https://registry.npmjs.org/tinyglobby/-/tinyglobby-0.2.16.tgz 0ms (cache hit)
1789 http cache mz@https://registry.npmjs.org/mz/-/mz-2.7.0.tgz 0ms (cache hit)
1790 http cache lines-and-columns@https://registry.npmjs.org/lines-and-columns/-/lines-and-columns-1.2.4.tgz 0ms (cache hit)
1791 http cache commander@https://registry.npmjs.org/commander/-/commander-4.1.1.tgz 0ms (cache hit)
1792 http cache function-bind@https://registry.npmjs.org/function-bind/-/function-bind-1.1.2.tgz 0ms (cache hit)
1793 http cache hasown@https://registry.npmjs.org/hasown/-/hasown-2.0.3.tgz 0ms (cache hit)
1794 http cache path-parse@https://registry.npmjs.org/path-parse/-/path-parse-1.0.7.tgz 0ms (cache hit)
1795 http cache supports-preserve-symlinks-flag@https://registry.npmjs.org/supports-preserve-symlinks-flag/-/supports-preserve-symlinks-flag-1.0.0.tgz 0ms (cache hit)
1796 http cache is-core-module@https://registry.npmjs.org/is-core-module/-/is-core-module-2.16.1.tgz 0ms (cache hit)
1797 http cache es-errors@https://registry.npmjs.org/es-errors/-/es-errors-1.3.0.tgz 0ms (cache hit)
1798 http cache pify@https://registry.npmjs.org/pify/-/pify-2.3.0.tgz 0ms (cache hit)
1799 http cache util-deprecate@https://registry.npmjs.org/util-deprecate/-/util-deprecate-1.0.2.tgz 0ms (cache hit)
1800 http cache cssesc@https://registry.npmjs.org/cssesc/-/cssesc-3.0.0.tgz 0ms (cache hit)
1801 http cache read-cache@https://registry.npmjs.org/read-cache/-/read-cache-1.0.0.tgz 0ms (cache hit)
1802 http cache camelcase-css@https://registry.npmjs.org/camelcase-css/-/camelcase-css-2.0.1.tgz 0ms (cache hit)
1803 http cache binary-extensions@https://registry.npmjs.org/binary-extensions/-/binary-extensions-2.3.0.tgz 0ms (cache hit)
1804 http cache is-binary-path@https://registry.npmjs.org/is-binary-path/-/is-binary-path-2.1.0.tgz 0ms (cache hit)
1805 http cache readdirp@https://registry.npmjs.org/readdirp/-/readdirp-3.6.0.tgz 0ms (cache hit)
1806 http cache fsevents@https://registry.npmjs.org/fsevents/-/fsevents-2.3.3.tgz 0ms (cache hit)
1807 http cache anymatch@https://registry.npmjs.org/anymatch/-/anymatch-3.1.3.tgz 0ms (cache hit)
1808 http cache sucrase@https://registry.npmjs.org/sucrase/-/sucrase-3.35.1.tgz 0ms (cache hit)
1809 http cache postcss-selector-parser@https://registry.npmjs.org/postcss-selector-parser/-/postcss-selector-parser-6.1.2.tgz 0ms (cache hit)
1810 http cache postcss-nested@https://registry.npmjs.org/postcss-nested/-/postcss-nested-6.2.0.tgz 0ms (cache hit)
1811 http cache postcss-load-config@https://registry.npmjs.org/postcss-load-config/-/postcss-load-config-6.0.1.tgz 0ms (cache hit)
1812 http cache postcss-js@https://registry.npmjs.org/postcss-js/-/postcss-js-4.1.0.tgz 0ms (cache hit)
1813 http cache postcss-import@https://registry.npmjs.org/postcss-import/-/postcss-import-15.1.0.tgz 0ms (cache hit)
1814 http cache normalize-path@https://registry.npmjs.org/normalize-path/-/normalize-path-3.0.0.tgz 0ms (cache hit)
1815 http cache object-hash@https://registry.npmjs.org/object-hash/-/object-hash-3.0.0.tgz 0ms (cache hit)
1816 http cache lilconfig@https://registry.npmjs.org/lilconfig/-/lilconfig-3.1.3.tgz 0ms (cache hit)
1817 http cache jiti@https://registry.npmjs.org/jiti/-/jiti-1.21.7.tgz 0ms (cache hit)
1818 http cache dlv@https://registry.npmjs.org/dlv/-/dlv-1.1.3.tgz 0ms (cache hit)
1819 http cache didyoumean@https://registry.npmjs.org/didyoumean/-/didyoumean-1.2.2.tgz 0ms (cache hit)
1820 http cache chokidar@https://registry.npmjs.org/chokidar/-/chokidar-3.6.0.tgz 0ms (cache hit)
1821 http cache arg@https://registry.npmjs.org/arg/-/arg-5.0.2.tgz 0ms (cache hit)
1822 http cache @alloc/quick-lru@https://registry.npmjs.org/@alloc/quick-lru/-/quick-lru-5.2.0.tgz 0ms (cache hit)
1823 http cache ansi-regex@https://registry.npmjs.org/ansi-regex/-/ansi-regex-5.0.1.tgz 0ms (cache hit)
1824 http cache resolve@https://registry.npmjs.org/resolve/-/resolve-1.22.12.tgz 0ms (cache hit)
1825 http cache has-flag@https://registry.npmjs.org/has-flag/-/has-flag-4.0.0.tgz 0ms (cache hit)
1826 http cache shebang-regex@https://registry.npmjs.org/shebang-regex/-/shebang-regex-3.0.0.tgz 0ms (cache hit)
1827 http cache wrappy@https://registry.npmjs.org/wrappy/-/wrappy-1.0.2.tgz 1ms (cache hit)
1828 http cache queue-microtask@https://registry.npmjs.org/queue-microtask/-/queue-microtask-1.2.3.tgz 0ms (cache hit)
1829 http cache path-is-absolute@https://registry.npmjs.org/path-is-absolute/-/path-is-absolute-1.0.1.tgz 0ms (cache hit)
1830 http cache once@https://registry.npmjs.org/once/-/once-1.4.0.tgz 0ms (cache hit)
1831 http cache inherits@https://registry.npmjs.org/inherits/-/inherits-2.0.4.tgz 0ms (cache hit)
1832 http cache inflight@https://registry.npmjs.org/inflight/-/inflight-1.0.6.tgz 0ms (cache hit)
1833 http cache glob@https://registry.npmjs.org/glob/-/glob-7.2.3.tgz 0ms (cache hit)
1834 http cache scheduler@https://registry.npmjs.org/scheduler/-/scheduler-0.23.2.tgz 0ms (cache hit)
1835 http cache fs.realpath@https://registry.npmjs.org/fs.realpath/-/fs.realpath-1.0.0.tgz 0ms (cache hit)
1836 http cache loose-envify@https://registry.npmjs.org/loose-envify/-/loose-envify-1.4.0.tgz 0ms (cache hit)
1837 http cache nanoid@https://registry.npmjs.org/nanoid/-/nanoid-3.3.11.tgz 0ms (cache hit)
1838 http cache yocto-queue@https://registry.npmjs.org/yocto-queue/-/yocto-queue-0.1.0.tgz 0ms (cache hit)
1839 http cache p-limit@https://registry.npmjs.org/p-limit/-/p-limit-3.1.0.tgz 0ms (cache hit)
1840 http cache word-wrap@https://registry.npmjs.org/word-wrap/-/word-wrap-1.2.5.tgz 0ms (cache hit)
1841 http cache callsites@https://registry.npmjs.org/callsites/-/callsites-3.1.0.tgz 0ms (cache hit)
1842 http cache fast-levenshtein@https://registry.npmjs.org/fast-levenshtein/-/fast-levenshtein-2.0.6.tgz 0ms (cache hit)
1843 http cache deep-is@https://registry.npmjs.org/deep-is/-/deep-is-0.1.4.tgz 0ms (cache hit)
1844 http cache balanced-match@https://registry.npmjs.org/balanced-match/-/balanced-match-1.0.2.tgz 0ms (cache hit)
1845 http cache brace-expansion@https://registry.npmjs.org/brace-expansion/-/brace-expansion-2.1.0.tgz 0ms (cache hit)
1846 http cache to-regex-range@https://registry.npmjs.org/to-regex-range/-/to-regex-range-5.0.1.tgz 0ms (cache hit)
1847 http cache fill-range@https://registry.npmjs.org/fill-range/-/fill-range-7.1.1.tgz 0ms (cache hit)
1848 http cache picomatch@https://registry.npmjs.org/picomatch/-/picomatch-2.3.2.tgz 0ms (cache hit)
1849 http cache yallist@https://registry.npmjs.org/yallist/-/yallist-3.1.1.tgz 0ms (cache hit)
1850 http cache braces@https://registry.npmjs.org/braces/-/braces-3.0.3.tgz 0ms (cache hit)
1851 http cache p-locate@https://registry.npmjs.org/p-locate/-/p-locate-5.0.0.tgz 0ms (cache hit)
1852 http cache type-check@https://registry.npmjs.org/type-check/-/type-check-0.4.0.tgz 0ms (cache hit)
1853 http cache json-buffer@https://registry.npmjs.org/json-buffer/-/json-buffer-3.0.1.tgz 0ms (cache hit)
1854 http cache argparse@https://registry.npmjs.org/argparse/-/argparse-2.0.1.tgz 0ms (cache hit)
1855 http cache source-map-js@https://registry.npmjs.org/source-map-js/-/source-map-js-1.2.1.tgz 0ms (cache hit)
1856 http cache prelude-ls@https://registry.npmjs.org/prelude-ls/-/prelude-ls-1.2.1.tgz 0ms (cache hit)
1857 http cache resolve-from@https://registry.npmjs.org/resolve-from/-/resolve-from-4.0.0.tgz 0ms (cache hit)
1858 http cache parent-module@https://registry.npmjs.org/parent-module/-/parent-module-1.0.1.tgz 0ms (cache hit)
1859 http cache micromatch@https://registry.npmjs.org/micromatch/-/micromatch-4.0.8.tgz 0ms (cache hit)
1860 http cache path-type@https://registry.npmjs.org/path-type/-/path-type-4.0.0.tgz 0ms (cache hit)
1861 http cache slash@https://registry.npmjs.org/slash/-/slash-3.0.0.tgz 0ms (cache hit)
1862 http cache merge2@https://registry.npmjs.org/merge2/-/merge2-1.4.1.tgz 0ms (cache hit)
1863 http cache fast-glob@https://registry.npmjs.org/fast-glob/-/fast-glob-3.3.3.tgz 0ms (cache hit)
1864 http cache dir-glob@https://registry.npmjs.org/dir-glob/-/dir-glob-3.0.1.tgz 0ms (cache hit)
1865 http cache array-union@https://registry.npmjs.org/array-union/-/array-union-2.1.0.tgz 0ms (cache hit)
1866 http cache type-fest@https://registry.npmjs.org/type-fest/-/type-fest-0.20.2.tgz 0ms (cache hit)
1867 http cache @emotion/memoize@https://registry.npmjs.org/@emotion/memoize/-/memoize-0.7.4.tgz 0ms (cache hit)
1868 http cache @emotion/is-prop-valid@https://registry.npmjs.org/@emotion/is-prop-valid/-/is-prop-valid-0.8.8.tgz 0ms (cache hit)
1869 http cache rimraf@https://registry.npmjs.org/rimraf/-/rimraf-3.0.2.tgz 0ms (cache hit)
1870 http cache keyv@https://registry.npmjs.org/keyv/-/keyv-4.5.4.tgz 0ms (cache hit)
1871 http cache flatted@https://registry.npmjs.org/flatted/-/flatted-3.4.2.tgz 0ms (cache hit)
1872 http cache path-exists@https://registry.npmjs.org/path-exists/-/path-exists-4.0.0.tgz 0ms (cache hit)
1873 http cache locate-path@https://registry.npmjs.org/locate-path/-/locate-path-6.0.0.tgz 0ms (cache hit)
1874 http cache flat-cache@https://registry.npmjs.org/flat-cache/-/flat-cache-3.2.0.tgz 0ms (cache hit)
1875 http cache reusify@https://registry.npmjs.org/reusify/-/reusify-1.1.0.tgz 0ms (cache hit)
1876 http cache acorn-jsx@https://registry.npmjs.org/acorn-jsx/-/acorn-jsx-5.3.2.tgz 0ms (cache hit)
1877 http cache acorn@https://registry.npmjs.org/acorn/-/acorn-8.16.0.tgz 0ms (cache hit)
1878 http cache is-extglob@https://registry.npmjs.org/is-extglob/-/is-extglob-2.1.1.tgz 0ms (cache hit)
1879 http cache estraverse@https://registry.npmjs.org/estraverse/-/estraverse-5.3.0.tgz 0ms (cache hit)
1880 http cache esrecurse@https://registry.npmjs.org/esrecurse/-/esrecurse-4.3.0.tgz 0ms (cache hit)
1881 http cache which@https://registry.npmjs.org/which/-/which-2.0.2.tgz 0ms (cache hit)
1882 http cache shebang-command@https://registry.npmjs.org/shebang-command/-/shebang-command-2.0.0.tgz 0ms (cache hit)
1883 http cache path-key@https://registry.npmjs.org/path-key/-/path-key-3.1.1.tgz 0ms (cache hit)
1884 http cache color-name@https://registry.npmjs.org/color-name/-/color-name-1.1.4.tgz 0ms (cache hit)
1885 http cache color-convert@https://registry.npmjs.org/color-convert/-/color-convert-2.0.1.tgz 0ms (cache hit)
1886 http cache supports-color@https://registry.npmjs.org/supports-color/-/supports-color-7.2.0.tgz 0ms (cache hit)
1887 http cache uri-js@https://registry.npmjs.org/uri-js/-/uri-js-4.4.1.tgz 0ms (cache hit)
1888 http cache ansi-styles@https://registry.npmjs.org/ansi-styles/-/ansi-styles-4.3.0.tgz 0ms (cache hit)
1889 http cache json-schema-traverse@https://registry.npmjs.org/json-schema-traverse/-/json-schema-traverse-0.4.1.tgz 0ms (cache hit)
1890 http cache fast-json-stable-stringify@https://registry.npmjs.org/fast-json-stable-stringify/-/fast-json-stable-stringify-2.1.0.tgz 0ms (cache hit)
1891 http cache @nodelib/fs.stat@https://registry.npmjs.org/@nodelib/fs.stat/-/fs.stat-2.0.5.tgz 0ms (cache hit)
1892 http cache run-parallel@https://registry.npmjs.org/run-parallel/-/run-parallel-1.2.0.tgz 0ms (cache hit)
1893 http cache fastq@https://registry.npmjs.org/fastq/-/fastq-1.20.1.tgz 0ms (cache hit)
1894 http cache @nodelib/fs.scandir@https://registry.npmjs.org/@nodelib/fs.scandir/-/fs.scandir-2.1.5.tgz 0ms (cache hit)
1895 http cache strip-json-comments@https://registry.npmjs.org/strip-json-comments/-/strip-json-comments-3.1.1.tgz 0ms (cache hit)
1896 http cache text-table@https://registry.npmjs.org/text-table/-/text-table-0.2.0.tgz 0ms (cache hit)
1897 http cache strip-ansi@https://registry.npmjs.org/strip-ansi/-/strip-ansi-6.0.1.tgz 0ms (cache hit)
1898 http cache @humanwhocodes/object-schema@https://registry.npmjs.org/@humanwhocodes/object-schema/-/object-schema-2.0.3.tgz 0ms (cache hit)
1899 http cache optionator@https://registry.npmjs.org/optionator/-/optionator-0.9.4.tgz 0ms (cache hit)
1900 http cache lodash.merge@https://registry.npmjs.org/lodash.merge/-/lodash.merge-4.6.2.tgz 0ms (cache hit)
1901 http cache levn@https://registry.npmjs.org/levn/-/levn-0.4.1.tgz 0ms (cache hit)
1902 http cache json-stable-stringify-without-jsonify@https://registry.npmjs.org/json-stable-stringify-without-jsonify/-/json-stable-stringify-without-jsonify-1.0.1.tgz 0ms (cache hit)
1903 http cache js-yaml@https://registry.npmjs.org/js-yaml/-/js-yaml-4.1.1.tgz 0ms (cache hit)
1904 http cache is-path-inside@https://registry.npmjs.org/is-path-inside/-/is-path-inside-3.0.3.tgz 0ms (cache hit)
1905 http cache imurmurhash@https://registry.npmjs.org/imurmurhash/-/imurmurhash-0.1.4.tgz 0ms (cache hit)
1906 http cache globals@https://registry.npmjs.org/globals/-/globals-13.24.0.tgz 0ms (cache hit)
1907 http cache glob-parent@https://registry.npmjs.org/glob-parent/-/glob-parent-6.0.2.tgz 0ms (cache hit)
1908 http cache find-up@https://registry.npmjs.org/find-up/-/find-up-5.0.0.tgz 0ms (cache hit)
1909 http cache file-entry-cache@https://registry.npmjs.org/file-entry-cache/-/file-entry-cache-6.0.1.tgz 0ms (cache hit)
1910 http cache fast-deep-equal@https://registry.npmjs.org/fast-deep-equal/-/fast-deep-equal-3.1.3.tgz 0ms (cache hit)
1911 http cache esutils@https://registry.npmjs.org/esutils/-/esutils-2.0.3.tgz 0ms (cache hit)
1912 http cache esquery@https://registry.npmjs.org/esquery/-/esquery-1.7.0.tgz 0ms (cache hit)
1913 http cache eslint-scope@https://registry.npmjs.org/eslint-scope/-/eslint-scope-7.2.2.tgz 0ms (cache hit)
1914 http cache escape-string-regexp@https://registry.npmjs.org/escape-string-regexp/-/escape-string-regexp-4.0.0.tgz 0ms (cache hit)
1915 http cache espree@https://registry.npmjs.org/espree/-/espree-9.6.1.tgz 0ms (cache hit)
1916 http cache doctrine@https://registry.npmjs.org/doctrine/-/doctrine-3.0.0.tgz 0ms (cache hit)
1917 http cache cross-spawn@https://registry.npmjs.org/cross-spawn/-/cross-spawn-7.0.6.tgz 0ms (cache hit)
1918 http cache chalk@https://registry.npmjs.org/chalk/-/chalk-4.1.2.tgz 0ms (cache hit)
1919 http cache ajv@https://registry.npmjs.org/ajv/-/ajv-6.15.0.tgz 0ms (cache hit)
1920 http cache @ungap/structured-clone@https://registry.npmjs.org/@ungap/structured-clone/-/structured-clone-1.3.0.tgz 0ms (cache hit)
1921 http cache @nodelib/fs.walk@https://registry.npmjs.org/@nodelib/fs.walk/-/fs.walk-1.2.8.tgz 0ms (cache hit)
1922 http cache @humanwhocodes/module-importer@https://registry.npmjs.org/@humanwhocodes/module-importer/-/module-importer-1.0.1.tgz 0ms (cache hit)
1923 http cache @humanwhocodes/config-array@https://registry.npmjs.org/@humanwhocodes/config-array/-/config-array-0.13.0.tgz 0ms (cache hit)
1924 http cache @eslint/js@https://registry.npmjs.org/@eslint/js/-/js-8.57.1.tgz 0ms (cache hit)
1925 http cache @eslint/eslintrc@https://registry.npmjs.org/@eslint/eslintrc/-/eslintrc-2.1.4.tgz 0ms (cache hit)
1926 http cache update-browserslist-db@https://registry.npmjs.org/update-browserslist-db/-/update-browserslist-db-1.2.3.tgz 0ms (cache hit)
1927 http cache node-releases@https://registry.npmjs.org/node-releases/-/node-releases-2.0.38.tgz 0ms (cache hit)
1928 http cache ms@https://registry.npmjs.org/ms/-/ms-2.1.3.tgz 0ms (cache hit)
1929 http cache electron-to-chromium@https://registry.npmjs.org/electron-to-chromium/-/electron-to-chromium-1.5.345.tgz 0ms (cache hit)
1930 http cache postcss-value-parser@https://registry.npmjs.org/postcss-value-parser/-/postcss-value-parser-4.2.0.tgz 0ms (cache hit)
1931 http cache fraction.js@https://registry.npmjs.org/fraction.js/-/fraction.js-5.3.4.tgz 0ms (cache hit)
1932 http cache caniuse-lite@https://registry.npmjs.org/caniuse-lite/-/caniuse-lite-1.0.30001791.tgz 0ms (cache hit)
1933 http cache @types/babel__traverse@https://registry.npmjs.org/@types/babel__traverse/-/babel__traverse-7.28.0.tgz 0ms (cache hit)
1934 http cache @types/babel__template@https://registry.npmjs.org/@types/babel__template/-/babel__template-7.4.4.tgz 0ms (cache hit)
1935 http cache @types/babel__generator@https://registry.npmjs.org/@types/babel__generator/-/babel__generator-7.27.0.tgz 0ms (cache hit)
1936 http cache import-fresh@https://registry.npmjs.org/import-fresh/-/import-fresh-3.3.1.tgz 0ms (cache hit)
1937 http cache @jridgewell/resolve-uri@https://registry.npmjs.org/@jridgewell/resolve-uri/-/resolve-uri-3.1.2.tgz 0ms (cache hit)
1938 http cache @jridgewell/sourcemap-codec@https://registry.npmjs.org/@jridgewell/sourcemap-codec/-/sourcemap-codec-1.5.5.tgz 0ms (cache hit)
1939 http cache @babel/helper-globals@https://registry.npmjs.org/@babel/helper-globals/-/helper-globals-7.28.0.tgz 0ms (cache hit)
1940 http cache @babel/helper-string-parser@https://registry.npmjs.org/@babel/helper-string-parser/-/helper-string-parser-7.27.1.tgz 0ms (cache hit)
1941 http cache lru-cache@https://registry.npmjs.org/lru-cache/-/lru-cache-5.1.1.tgz 0ms (cache hit)
1942 http cache baseline-browser-mapping@https://registry.npmjs.org/baseline-browser-mapping/-/baseline-browser-mapping-2.10.24.tgz 0ms (cache hit)
1943 http cache @babel/helper-plugin-utils@https://registry.npmjs.org/@babel/helper-plugin-utils/-/helper-plugin-utils-7.28.6.tgz 0ms (cache hit)
1944 http cache browserslist@https://registry.npmjs.org/browserslist/-/browserslist-4.28.2.tgz 0ms (cache hit)
1945 http cache @babel/helper-module-imports@https://registry.npmjs.org/@babel/helper-module-imports/-/helper-module-imports-7.28.6.tgz 0ms (cache hit)
1946 http cache @babel/compat-data@https://registry.npmjs.org/@babel/compat-data/-/compat-data-7.29.0.tgz 0ms (cache hit)
1947 http cache @babel/helper-validator-option@https://registry.npmjs.org/@babel/helper-validator-option/-/helper-validator-option-7.27.1.tgz 0ms (cache hit)
1948 http cache jsesc@https://registry.npmjs.org/jsesc/-/jsesc-3.1.0.tgz 0ms (cache hit)
1949 http cache @jridgewell/trace-mapping@https://registry.npmjs.org/@jridgewell/trace-mapping/-/trace-mapping-0.3.31.tgz 0ms (cache hit)
1950 http cache @jridgewell/gen-mapping@https://registry.npmjs.org/@jridgewell/gen-mapping/-/gen-mapping-0.3.13.tgz 0ms (cache hit)
1951 http cache picocolors@https://registry.npmjs.org/picocolors/-/picocolors-1.1.1.tgz 0ms (cache hit)
1952 http cache js-tokens@https://registry.npmjs.org/js-tokens/-/js-tokens-4.0.0.tgz 0ms (cache hit)
1953 http cache @babel/helper-validator-identifier@https://registry.npmjs.org/@babel/helper-validator-identifier/-/helper-validator-identifier-7.28.5.tgz 0ms (cache hit)
1954 http cache json5@https://registry.npmjs.org/json5/-/json5-2.2.3.tgz 0ms (cache hit)
1955 http cache gensync@https://registry.npmjs.org/gensync/-/gensync-1.0.0-beta.2.tgz 0ms (cache hit)
1956 http cache convert-source-map@https://registry.npmjs.org/convert-source-map/-/convert-source-map-2.0.0.tgz 0ms (cache hit)
1957 http cache @jridgewell/remapping@https://registry.npmjs.org/@jridgewell/remapping/-/remapping-2.3.5.tgz 0ms (cache hit)
1958 http cache @babel/types@https://registry.npmjs.org/@babel/types/-/types-7.29.0.tgz 0ms (cache hit)
1959 http cache @babel/traverse@https://registry.npmjs.org/@babel/traverse/-/traverse-7.29.0.tgz 0ms (cache hit)
1960 http cache @babel/template@https://registry.npmjs.org/@babel/template/-/template-7.28.6.tgz 0ms (cache hit)
1961 http cache @babel/parser@https://registry.npmjs.org/@babel/parser/-/parser-7.29.2.tgz 0ms (cache hit)
1962 http cache @babel/helpers@https://registry.npmjs.org/@babel/helpers/-/helpers-7.29.2.tgz 0ms (cache hit)
1963 http cache @babel/helper-module-transforms@https://registry.npmjs.org/@babel/helper-module-transforms/-/helper-module-transforms-7.28.6.tgz 0ms (cache hit)
1964 http cache @babel/helper-compilation-targets@https://registry.npmjs.org/@babel/helper-compilation-targets/-/helper-compilation-targets-7.28.6.tgz 0ms (cache hit)
1965 http cache @babel/generator@https://registry.npmjs.org/@babel/generator/-/generator-7.29.1.tgz 0ms (cache hit)
1966 http cache @babel/code-frame@https://registry.npmjs.org/@babel/code-frame/-/code-frame-7.29.0.tgz 0ms (cache hit)
1967 http cache @types/babel__core@https://registry.npmjs.org/@types/babel__core/-/babel__core-7.20.5.tgz 0ms (cache hit)
1968 http cache react-refresh@https://registry.npmjs.org/react-refresh/-/react-refresh-0.17.0.tgz 0ms (cache hit)
1969 http cache @rolldown/pluginutils@https://registry.npmjs.org/@rolldown/pluginutils/-/pluginutils-1.0.0-beta.27.tgz 0ms (cache hit)
1970 http cache @babel/plugin-transform-react-jsx-source@https://registry.npmjs.org/@babel/plugin-transform-react-jsx-source/-/plugin-transform-react-jsx-source-7.27.1.tgz 0ms (cache hit)
1971 http cache @babel/plugin-transform-react-jsx-self@https://registry.npmjs.org/@babel/plugin-transform-react-jsx-self/-/plugin-transform-react-jsx-self-7.27.1.tgz 0ms (cache hit)
1972 http cache @babel/core@https://registry.npmjs.org/@babel/core/-/core-7.29.0.tgz 0ms (cache hit)
1973 http cache eslint-visitor-keys@https://registry.npmjs.org/eslint-visitor-keys/-/eslint-visitor-keys-3.4.3.tgz 0ms (cache hit)
1974 http cache @types/semver@https://registry.npmjs.org/@types/semver/-/semver-7.7.1.tgz 0ms (cache hit)
1975 http cache @types/json-schema@https://registry.npmjs.org/@types/json-schema/-/json-schema-7.0.15.tgz 0ms (cache hit)
1976 http cache @eslint-community/eslint-utils@https://registry.npmjs.org/@eslint-community/eslint-utils/-/eslint-utils-4.9.1.tgz 0ms (cache hit)
1977 http cache minimatch@https://registry.npmjs.org/minimatch/-/minimatch-9.0.3.tgz 0ms (cache hit)
1978 http cache is-glob@https://registry.npmjs.org/is-glob/-/is-glob-4.0.3.tgz 0ms (cache hit)
1979 http cache globby@https://registry.npmjs.org/globby/-/globby-11.1.0.tgz 0ms (cache hit)
1980 http cache @typescript-eslint/typescript-estree@https://registry.npmjs.org/@typescript-eslint/typescript-estree/-/typescript-estree-6.21.0.tgz 0ms (cache hit)
1981 http cache @typescript-eslint/types@https://registry.npmjs.org/@typescript-eslint/types/-/types-6.21.0.tgz 0ms (cache hit)
1982 http cache ts-api-utils@https://registry.npmjs.org/ts-api-utils/-/ts-api-utils-1.4.3.tgz 0ms (cache hit)
1983 http cache semver@https://registry.npmjs.org/semver/-/semver-7.7.4.tgz 0ms (cache hit)
1984 http cache natural-compare@https://registry.npmjs.org/natural-compare/-/natural-compare-1.4.0.tgz 0ms (cache hit)
1985 http cache ignore@https://registry.npmjs.org/ignore/-/ignore-5.3.2.tgz 0ms (cache hit)
1986 http cache graphemer@https://registry.npmjs.org/graphemer/-/graphemer-1.4.0.tgz 0ms (cache hit)
1987 http cache debug@https://registry.npmjs.org/debug/-/debug-4.4.3.tgz 0ms (cache hit)
1988 http cache @typescript-eslint/visitor-keys@https://registry.npmjs.org/@typescript-eslint/visitor-keys/-/visitor-keys-6.21.0.tgz 0ms (cache hit)
1989 http cache @typescript-eslint/utils@https://registry.npmjs.org/@typescript-eslint/utils/-/utils-6.21.0.tgz 0ms (cache hit)
1990 http cache @typescript-eslint/type-utils@https://registry.npmjs.org/@typescript-eslint/type-utils/-/type-utils-6.21.0.tgz 0ms (cache hit)
1991 http cache @typescript-eslint/scope-manager@https://registry.npmjs.org/@typescript-eslint/scope-manager/-/scope-manager-6.21.0.tgz 0ms (cache hit)
1992 http cache @eslint-community/regexpp@https://registry.npmjs.org/@eslint-community/regexpp/-/regexpp-4.12.2.tgz 0ms (cache hit)
1993 http cache undici-types@https://registry.npmjs.org/undici-types/-/undici-types-7.19.2.tgz 0ms (cache hit)
1994 http cache @types/node@https://registry.npmjs.org/@types/node/-/node-25.6.0.tgz 0ms (cache hit)
1995 http cache csstype@https://registry.npmjs.org/csstype/-/csstype-3.2.3.tgz 0ms (cache hit)
1996 http cache @types/prop-types@https://registry.npmjs.org/@types/prop-types/-/prop-types-15.7.15.tgz 0ms (cache hit)
1997 http cache iceberg-js@https://registry.npmjs.org/iceberg-js/-/iceberg-js-0.8.1.tgz 0ms (cache hit)
1998 http cache ws@https://registry.npmjs.org/ws/-/ws-8.20.0.tgz 0ms (cache hit)
1999 http cache @types/ws@https://registry.npmjs.org/@types/ws/-/ws-8.18.1.tgz 0ms (cache hit)
2000 http cache @supabase/phoenix@https://registry.npmjs.org/@supabase/phoenix/-/phoenix-0.4.1.tgz 0ms (cache hit)
2001 http cache tslib@https://registry.npmjs.org/tslib/-/tslib-2.8.1.tgz 0ms (cache hit)
2002 http cache @supabase/storage-js@https://registry.npmjs.org/@supabase/storage-js/-/storage-js-2.105.1.tgz 0ms (cache hit)
2003 http cache @supabase/realtime-js@https://registry.npmjs.org/@supabase/realtime-js/-/realtime-js-2.105.1.tgz 0ms (cache hit)
2004 http cache @supabase/postgrest-js@https://registry.npmjs.org/@supabase/postgrest-js/-/postgrest-js-2.105.1.tgz 0ms (cache hit)
2005 http cache @supabase/functions-js@https://registry.npmjs.org/@supabase/functions-js/-/functions-js-2.105.1.tgz 0ms (cache hit)
2006 http cache @supabase/auth-js@https://registry.npmjs.org/@supabase/auth-js/-/auth-js-2.105.1.tgz 0ms (cache hit)
2007 http cache typescript@https://registry.npmjs.org/typescript/-/typescript-5.9.3.tgz 0ms (cache hit)
2008 http cache tailwindcss@https://registry.npmjs.org/tailwindcss/-/tailwindcss-3.4.19.tgz 0ms (cache hit)
2009 http cache react-dom@https://registry.npmjs.org/react-dom/-/react-dom-18.3.1.tgz 0ms (cache hit)
2010 http cache react@https://registry.npmjs.org/react/-/react-18.3.1.tgz 0ms (cache hit)
2011 http cache lucide-react@https://registry.npmjs.org/lucide-react/-/lucide-react-0.300.0.tgz 0ms (cache hit)
2012 http cache framer-motion@https://registry.npmjs.org/framer-motion/-/framer-motion-10.18.0.tgz 0ms (cache hit)
2013 http cache eslint-plugin-react-refresh@https://registry.npmjs.org/eslint-plugin-react-refresh/-/eslint-plugin-react-refresh-0.4.26.tgz 0ms (cache hit)
2014 http cache eslint-plugin-react-hooks@https://registry.npmjs.org/eslint-plugin-react-hooks/-/eslint-plugin-react-hooks-4.6.2.tgz 0ms (cache hit)
2015 http cache postcss@https://registry.npmjs.org/postcss/-/postcss-8.5.12.tgz 0ms (cache hit)
2016 http cache autoprefixer@https://registry.npmjs.org/autoprefixer/-/autoprefixer-10.5.0.tgz 0ms (cache hit)
2017 http cache vite@https://registry.npmjs.org/vite/-/vite-5.4.21.tgz 0ms (cache hit)
2018 http cache @vitejs/plugin-react@https://registry.npmjs.org/@vitejs/plugin-react/-/plugin-react-4.7.0.tgz 0ms (cache hit)
2019 http cache @typescript-eslint/parser@https://registry.npmjs.org/@typescript-eslint/parser/-/parser-6.21.0.tgz 0ms (cache hit)
2020 http cache eslint@https://registry.npmjs.org/eslint/-/eslint-8.57.1.tgz 0ms (cache hit)
2021 http cache @typescript-eslint/eslint-plugin@https://registry.npmjs.org/@typescript-eslint/eslint-plugin/-/eslint-plugin-6.21.0.tgz 0ms (cache hit)
2022 http cache @types/react-dom@https://registry.npmjs.org/@types/react-dom/-/react-dom-18.3.7.tgz 0ms (cache hit)
2023 http cache @types/react@https://registry.npmjs.org/@types/react/-/react-18.3.28.tgz 0ms (cache hit)
2024 http cache @supabase/supabase-js@https://registry.npmjs.org/@supabase/supabase-js/-/supabase-js-2.105.1.tgz 0ms (cache hit)
2025 http cache picomatch@https://registry.npmjs.org/picomatch/-/picomatch-4.0.4.tgz 0ms (cache hit)
2026 http cache fdir@https://registry.npmjs.org/fdir/-/fdir-6.5.0.tgz 0ms (cache hit)
2027 http cache glob-parent@https://registry.npmjs.org/glob-parent/-/glob-parent-5.1.2.tgz 0ms (cache hit)
2028 http cache brace-expansion@https://registry.npmjs.org/brace-expansion/-/brace-expansion-1.1.14.tgz 0ms (cache hit)
2029 http cache minimatch@https://registry.npmjs.org/minimatch/-/minimatch-3.1.5.tgz 0ms (cache hit)
2030 http cache glob-parent@https://registry.npmjs.org/glob-parent/-/glob-parent-5.1.2.tgz 0ms (cache hit)
2031 http cache brace-expansion@https://registry.npmjs.org/brace-expansion/-/brace-expansion-1.1.14.tgz 0ms (cache hit)
2032 http cache minimatch@https://registry.npmjs.org/minimatch/-/minimatch-3.1.5.tgz 0ms (cache hit)
2033 http cache brace-expansion@https://registry.npmjs.org/brace-expansion/-/brace-expansion-1.1.14.tgz 0ms (cache hit)
2034 http cache minimatch@https://registry.npmjs.org/minimatch/-/minimatch-3.1.5.tgz 0ms (cache hit)
2035 http cache semver@https://registry.npmjs.org/semver/-/semver-6.3.1.tgz 0ms (cache hit)
2036 http cache semver@https://registry.npmjs.org/semver/-/semver-6.3.1.tgz 0ms (cache hit)
2037 http cache brace-expansion@https://registry.npmjs.org/brace-expansion/-/brace-expansion-1.1.14.tgz 0ms (cache hit)
2038 http cache minimatch@https://registry.npmjs.org/minimatch/-/minimatch-3.1.5.tgz 0ms (cache hit)
2039 silly tarball no local data for concat-map@https://registry.npmjs.org/concat-map/-/concat-map-0.0.1.tgz. Extracting by manifest.
2040 silly tarball no local data for @types/estree@https://registry.npmjs.org/@types/estree/-/estree-1.0.8.tgz. Extracting by manifest.
2041 silly tarball no local data for isexe@https://registry.npmjs.org/isexe/-/isexe-2.0.0.tgz. Extracting by manifest.
2042 silly tarball no local data for @esbuild/darwin-arm64@https://registry.npmjs.org/@esbuild/darwin-arm64/-/darwin-arm64-0.21.5.tgz. Extracting by manifest.
2043 silly tarball no local data for @rollup/rollup-darwin-arm64@https://registry.npmjs.org/@rollup/rollup-darwin-arm64/-/rollup-darwin-arm64-4.60.2.tgz. Extracting by manifest.
2044 silly tarball no local data for rollup@https://registry.npmjs.org/rollup/-/rollup-4.60.2.tgz. Extracting by manifest.
2045 silly tarball no local data for escalade@https://registry.npmjs.org/escalade/-/escalade-3.2.0.tgz. Extracting by manifest.
2046 silly tarball no local data for punycode@https://registry.npmjs.org/punycode/-/punycode-2.3.1.tgz. Extracting by manifest.
2047 silly tarball no local data for esbuild@https://registry.npmjs.org/esbuild/-/esbuild-0.21.5.tgz. Extracting by manifest.
2048 silly tarball no local data for is-number@https://registry.npmjs.org/is-number/-/is-number-7.0.0.tgz. Extracting by manifest.
2049 silly tarball no local data for thenify@https://registry.npmjs.org/thenify/-/thenify-3.3.1.tgz. Extracting by manifest.
2050 silly tarball no local data for object-assign@https://registry.npmjs.org/object-assign/-/object-assign-4.1.1.tgz. Extracting by manifest.
2051 silly tarball no local data for any-promise@https://registry.npmjs.org/any-promise/-/any-promise-1.3.0.tgz. Extracting by manifest.
2052 silly tarball no local data for ts-interface-checker@https://registry.npmjs.org/ts-interface-checker/-/ts-interface-checker-0.1.13.tgz. Extracting by manifest.
2053 silly tarball no local data for thenify-all@https://registry.npmjs.org/thenify-all/-/thenify-all-1.6.0.tgz. Extracting by manifest.
2054 silly tarball no local data for pirates@https://registry.npmjs.org/pirates/-/pirates-4.0.7.tgz. Extracting by manifest.
2055 silly tarball no local data for tinyglobby@https://registry.npmjs.org/tinyglobby/-/tinyglobby-0.2.16.tgz. Extracting by manifest.
2056 silly tarball no local data for mz@https://registry.npmjs.org/mz/-/mz-2.7.0.tgz. Extracting by manifest.
2057 silly tarball no local data for lines-and-columns@https://registry.npmjs.org/lines-and-columns/-/lines-and-columns-1.2.4.tgz. Extracting by manifest.
2058 silly tarball no local data for commander@https://registry.npmjs.org/commander/-/commander-4.1.1.tgz. Extracting by manifest.
2059 silly tarball no local data for function-bind@https://registry.npmjs.org/function-bind/-/function-bind-1.1.2.tgz. Extracting by manifest.
2060 silly tarball no local data for hasown@https://registry.npmjs.org/hasown/-/hasown-2.0.3.tgz. Extracting by manifest.
2061 silly tarball no local data for path-parse@https://registry.npmjs.org/path-parse/-/path-parse-1.0.7.tgz. Extracting by manifest.
2062 silly tarball no local data for supports-preserve-symlinks-flag@https://registry.npmjs.org/supports-preserve-symlinks-flag/-/supports-preserve-symlinks-flag-1.0.0.tgz. Extracting by manifest.
2063 silly tarball no local data for is-core-module@https://registry.npmjs.org/is-core-module/-/is-core-module-2.16.1.tgz. Extracting by manifest.
2064 silly tarball no local data for es-errors@https://registry.npmjs.org/es-errors/-/es-errors-1.3.0.tgz. Extracting by manifest.
2065 silly tarball no local data for pify@https://registry.npmjs.org/pify/-/pify-2.3.0.tgz. Extracting by manifest.
2066 silly tarball no local data for util-deprecate@https://registry.npmjs.org/util-deprecate/-/util-deprecate-1.0.2.tgz. Extracting by manifest.
2067 silly tarball no local data for cssesc@https://registry.npmjs.org/cssesc/-/cssesc-3.0.0.tgz. Extracting by manifest.
2068 silly tarball no local data for read-cache@https://registry.npmjs.org/read-cache/-/read-cache-1.0.0.tgz. Extracting by manifest.
2069 silly tarball no local data for camelcase-css@https://registry.npmjs.org/camelcase-css/-/camelcase-css-2.0.1.tgz. Extracting by manifest.
2070 silly tarball no local data for binary-extensions@https://registry.npmjs.org/binary-extensions/-/binary-extensions-2.3.0.tgz. Extracting by manifest.
2071 silly tarball no local data for is-binary-path@https://registry.npmjs.org/is-binary-path/-/is-binary-path-2.1.0.tgz. Extracting by manifest.
2072 silly tarball no local data for readdirp@https://registry.npmjs.org/readdirp/-/readdirp-3.6.0.tgz. Extracting by manifest.
2073 silly tarball no local data for fsevents@https://registry.npmjs.org/fsevents/-/fsevents-2.3.3.tgz. Extracting by manifest.
2074 silly tarball no local data for anymatch@https://registry.npmjs.org/anymatch/-/anymatch-3.1.3.tgz. Extracting by manifest.
2075 silly tarball no local data for sucrase@https://registry.npmjs.org/sucrase/-/sucrase-3.35.1.tgz. Extracting by manifest.
2076 silly tarball no local data for postcss-selector-parser@https://registry.npmjs.org/postcss-selector-parser/-/postcss-selector-parser-6.1.2.tgz. Extracting by manifest.
2077 silly tarball no local data for postcss-nested@https://registry.npmjs.org/postcss-nested/-/postcss-nested-6.2.0.tgz. Extracting by manifest.
2078 silly tarball no local data for postcss-load-config@https://registry.npmjs.org/postcss-load-config/-/postcss-load-config-6.0.1.tgz. Extracting by manifest.
2079 silly tarball no local data for postcss-js@https://registry.npmjs.org/postcss-js/-/postcss-js-4.1.0.tgz. Extracting by manifest.
2080 silly tarball no local data for postcss-import@https://registry.npmjs.org/postcss-import/-/postcss-import-15.1.0.tgz. Extracting by manifest.
2081 silly tarball no local data for normalize-path@https://registry.npmjs.org/normalize-path/-/normalize-path-3.0.0.tgz. Extracting by manifest.
2082 silly tarball no local data for object-hash@https://registry.npmjs.org/object-hash/-/object-hash-3.0.0.tgz. Extracting by manifest.
2083 silly tarball no local data for lilconfig@https://registry.npmjs.org/lilconfig/-/lilconfig-3.1.3.tgz. Extracting by manifest.
2084 silly tarball no local data for jiti@https://registry.npmjs.org/jiti/-/jiti-1.21.7.tgz. Extracting by manifest.
2085 silly tarball no local data for dlv@https://registry.npmjs.org/dlv/-/dlv-1.1.3.tgz. Extracting by manifest.
2086 silly tarball no local data for didyoumean@https://registry.npmjs.org/didyoumean/-/didyoumean-1.2.2.tgz. Extracting by manifest.
2087 silly tarball no local data for chokidar@https://registry.npmjs.org/chokidar/-/chokidar-3.6.0.tgz. Extracting by manifest.
2088 silly tarball no local data for arg@https://registry.npmjs.org/arg/-/arg-5.0.2.tgz. Extracting by manifest.
2089 silly tarball no local data for @alloc/quick-lru@https://registry.npmjs.org/@alloc/quick-lru/-/quick-lru-5.2.0.tgz. Extracting by manifest.
2090 silly tarball no local data for ansi-regex@https://registry.npmjs.org/ansi-regex/-/ansi-regex-5.0.1.tgz. Extracting by manifest.
2091 silly tarball no local data for resolve@https://registry.npmjs.org/resolve/-/resolve-1.22.12.tgz. Extracting by manifest.
2092 silly tarball no local data for has-flag@https://registry.npmjs.org/has-flag/-/has-flag-4.0.0.tgz. Extracting by manifest.
2093 silly tarball no local data for shebang-regex@https://registry.npmjs.org/shebang-regex/-/shebang-regex-3.0.0.tgz. Extracting by manifest.
2094 silly tarball no local data for wrappy@https://registry.npmjs.org/wrappy/-/wrappy-1.0.2.tgz. Extracting by manifest.
2095 silly tarball no local data for queue-microtask@https://registry.npmjs.org/queue-microtask/-/queue-microtask-1.2.3.tgz. Extracting by manifest.
2096 silly tarball no local data for path-is-absolute@https://registry.npmjs.org/path-is-absolute/-/path-is-absolute-1.0.1.tgz. Extracting by manifest.
2097 silly tarball no local data for once@https://registry.npmjs.org/once/-/once-1.4.0.tgz. Extracting by manifest.
2098 silly tarball no local data for inherits@https://registry.npmjs.org/inherits/-/inherits-2.0.4.tgz. Extracting by manifest.
2099 silly tarball no local data for inflight@https://registry.npmjs.org/inflight/-/inflight-1.0.6.tgz. Extracting by manifest.
2100 silly tarball no local data for glob@https://registry.npmjs.org/glob/-/glob-7.2.3.tgz. Extracting by manifest.
2101 silly tarball no local data for scheduler@https://registry.npmjs.org/scheduler/-/scheduler-0.23.2.tgz. Extracting by manifest.
2102 silly tarball no local data for fs.realpath@https://registry.npmjs.org/fs.realpath/-/fs.realpath-1.0.0.tgz. Extracting by manifest.
2103 silly tarball no local data for loose-envify@https://registry.npmjs.org/loose-envify/-/loose-envify-1.4.0.tgz. Extracting by manifest.
2104 silly tarball no local data for nanoid@https://registry.npmjs.org/nanoid/-/nanoid-3.3.11.tgz. Extracting by manifest.
2105 silly tarball no local data for yocto-queue@https://registry.npmjs.org/yocto-queue/-/yocto-queue-0.1.0.tgz. Extracting by manifest.
2106 silly tarball no local data for p-limit@https://registry.npmjs.org/p-limit/-/p-limit-3.1.0.tgz. Extracting by manifest.
2107 silly tarball no local data for word-wrap@https://registry.npmjs.org/word-wrap/-/word-wrap-1.2.5.tgz. Extracting by manifest.
2108 silly tarball no local data for callsites@https://registry.npmjs.org/callsites/-/callsites-3.1.0.tgz. Extracting by manifest.
2109 silly tarball no local data for fast-levenshtein@https://registry.npmjs.org/fast-levenshtein/-/fast-levenshtein-2.0.6.tgz. Extracting by manifest.
2110 silly tarball no local data for deep-is@https://registry.npmjs.org/deep-is/-/deep-is-0.1.4.tgz. Extracting by manifest.
2111 silly tarball no local data for balanced-match@https://registry.npmjs.org/balanced-match/-/balanced-match-1.0.2.tgz. Extracting by manifest.
2112 silly tarball no local data for brace-expansion@https://registry.npmjs.org/brace-expansion/-/brace-expansion-2.1.0.tgz. Extracting by manifest.
2113 silly tarball no local data for to-regex-range@https://registry.npmjs.org/to-regex-range/-/to-regex-range-5.0.1.tgz. Extracting by manifest.
2114 silly tarball no local data for fill-range@https://registry.npmjs.org/fill-range/-/fill-range-7.1.1.tgz. Extracting by manifest.
2115 silly tarball no local data for picomatch@https://registry.npmjs.org/picomatch/-/picomatch-2.3.2.tgz. Extracting by manifest.
2116 silly tarball no local data for yallist@https://registry.npmjs.org/yallist/-/yallist-3.1.1.tgz. Extracting by manifest.
2117 silly tarball no local data for braces@https://registry.npmjs.org/braces/-/braces-3.0.3.tgz. Extracting by manifest.
2118 silly tarball no local data for p-locate@https://registry.npmjs.org/p-locate/-/p-locate-5.0.0.tgz. Extracting by manifest.
2119 silly tarball no local data for type-check@https://registry.npmjs.org/type-check/-/type-check-0.4.0.tgz. Extracting by manifest.
2120 silly tarball no local data for json-buffer@https://registry.npmjs.org/json-buffer/-/json-buffer-3.0.1.tgz. Extracting by manifest.
2121 silly tarball no local data for argparse@https://registry.npmjs.org/argparse/-/argparse-2.0.1.tgz. Extracting by manifest.
2122 silly tarball no local data for source-map-js@https://registry.npmjs.org/source-map-js/-/source-map-js-1.2.1.tgz. Extracting by manifest.
2123 silly tarball no local data for prelude-ls@https://registry.npmjs.org/prelude-ls/-/prelude-ls-1.2.1.tgz. Extracting by manifest.
2124 silly tarball no local data for resolve-from@https://registry.npmjs.org/resolve-from/-/resolve-from-4.0.0.tgz. Extracting by manifest.
2125 silly tarball no local data for parent-module@https://registry.npmjs.org/parent-module/-/parent-module-1.0.1.tgz. Extracting by manifest.
2126 silly tarball no local data for micromatch@https://registry.npmjs.org/micromatch/-/micromatch-4.0.8.tgz. Extracting by manifest.
2127 silly tarball no local data for path-type@https://registry.npmjs.org/path-type/-/path-type-4.0.0.tgz. Extracting by manifest.
2128 silly tarball no local data for slash@https://registry.npmjs.org/slash/-/slash-3.0.0.tgz. Extracting by manifest.
2129 silly tarball no local data for merge2@https://registry.npmjs.org/merge2/-/merge2-1.4.1.tgz. Extracting by manifest.
2130 silly tarball no local data for fast-glob@https://registry.npmjs.org/fast-glob/-/fast-glob-3.3.3.tgz. Extracting by manifest.
2131 silly tarball no local data for dir-glob@https://registry.npmjs.org/dir-glob/-/dir-glob-3.0.1.tgz. Extracting by manifest.
2132 silly tarball no local data for array-union@https://registry.npmjs.org/array-union/-/array-union-2.1.0.tgz. Extracting by manifest.
2133 silly tarball no local data for type-fest@https://registry.npmjs.org/type-fest/-/type-fest-0.20.2.tgz. Extracting by manifest.
2134 silly tarball no local data for @emotion/memoize@https://registry.npmjs.org/@emotion/memoize/-/memoize-0.7.4.tgz. Extracting by manifest.
2135 silly tarball no local data for @emotion/is-prop-valid@https://registry.npmjs.org/@emotion/is-prop-valid/-/is-prop-valid-0.8.8.tgz. Extracting by manifest.
2136 silly tarball no local data for rimraf@https://registry.npmjs.org/rimraf/-/rimraf-3.0.2.tgz. Extracting by manifest.
2137 silly tarball no local data for keyv@https://registry.npmjs.org/keyv/-/keyv-4.5.4.tgz. Extracting by manifest.
2138 silly tarball no local data for flatted@https://registry.npmjs.org/flatted/-/flatted-3.4.2.tgz. Extracting by manifest.
2139 silly tarball no local data for path-exists@https://registry.npmjs.org/path-exists/-/path-exists-4.0.0.tgz. Extracting by manifest.
2140 silly tarball no local data for locate-path@https://registry.npmjs.org/locate-path/-/locate-path-6.0.0.tgz. Extracting by manifest.
2141 silly tarball no local data for flat-cache@https://registry.npmjs.org/flat-cache/-/flat-cache-3.2.0.tgz. Extracting by manifest.
2142 silly tarball no local data for reusify@https://registry.npmjs.org/reusify/-/reusify-1.1.0.tgz. Extracting by manifest.
2143 silly tarball no local data for acorn-jsx@https://registry.npmjs.org/acorn-jsx/-/acorn-jsx-5.3.2.tgz. Extracting by manifest.
2144 silly tarball no local data for acorn@https://registry.npmjs.org/acorn/-/acorn-8.16.0.tgz. Extracting by manifest.
2145 silly tarball no local data for is-extglob@https://registry.npmjs.org/is-extglob/-/is-extglob-2.1.1.tgz. Extracting by manifest.
2146 silly tarball no local data for estraverse@https://registry.npmjs.org/estraverse/-/estraverse-5.3.0.tgz. Extracting by manifest.
2147 silly tarball no local data for esrecurse@https://registry.npmjs.org/esrecurse/-/esrecurse-4.3.0.tgz. Extracting by manifest.
2148 silly tarball no local data for which@https://registry.npmjs.org/which/-/which-2.0.2.tgz. Extracting by manifest.
2149 silly tarball no local data for shebang-command@https://registry.npmjs.org/shebang-command/-/shebang-command-2.0.0.tgz. Extracting by manifest.
2150 silly tarball no local data for path-key@https://registry.npmjs.org/path-key/-/path-key-3.1.1.tgz. Extracting by manifest.
2151 silly tarball no local data for color-name@https://registry.npmjs.org/color-name/-/color-name-1.1.4.tgz. Extracting by manifest.
2152 silly tarball no local data for color-convert@https://registry.npmjs.org/color-convert/-/color-convert-2.0.1.tgz. Extracting by manifest.
2153 silly tarball no local data for supports-color@https://registry.npmjs.org/supports-color/-/supports-color-7.2.0.tgz. Extracting by manifest.
2154 silly tarball no local data for uri-js@https://registry.npmjs.org/uri-js/-/uri-js-4.4.1.tgz. Extracting by manifest.
2155 silly tarball no local data for ansi-styles@https://registry.npmjs.org/ansi-styles/-/ansi-styles-4.3.0.tgz. Extracting by manifest.
2156 silly tarball no local data for json-schema-traverse@https://registry.npmjs.org/json-schema-traverse/-/json-schema-traverse-0.4.1.tgz. Extracting by manifest.
2157 silly tarball no local data for fast-json-stable-stringify@https://registry.npmjs.org/fast-json-stable-stringify/-/fast-json-stable-stringify-2.1.0.tgz. Extracting by manifest.
2158 silly tarball no local data for @nodelib/fs.stat@https://registry.npmjs.org/@nodelib/fs.stat/-/fs.stat-2.0.5.tgz. Extracting by manifest.
2159 silly tarball no local data for run-parallel@https://registry.npmjs.org/run-parallel/-/run-parallel-1.2.0.tgz. Extracting by manifest.
2160 silly tarball no local data for fastq@https://registry.npmjs.org/fastq/-/fastq-1.20.1.tgz. Extracting by manifest.
2161 silly tarball no local data for @nodelib/fs.scandir@https://registry.npmjs.org/@nodelib/fs.scandir/-/fs.scandir-2.1.5.tgz. Extracting by manifest.
2162 silly tarball no local data for strip-json-comments@https://registry.npmjs.org/strip-json-comments/-/strip-json-comments-3.1.1.tgz. Extracting by manifest.
2163 silly tarball no local data for text-table@https://registry.npmjs.org/text-table/-/text-table-0.2.0.tgz. Extracting by manifest.
2164 silly tarball no local data for strip-ansi@https://registry.npmjs.org/strip-ansi/-/strip-ansi-6.0.1.tgz. Extracting by manifest.
2165 silly tarball no local data for @humanwhocodes/object-schema@https://registry.npmjs.org/@humanwhocodes/object-schema/-/object-schema-2.0.3.tgz. Extracting by manifest.
2166 silly tarball no local data for optionator@https://registry.npmjs.org/optionator/-/optionator-0.9.4.tgz. Extracting by manifest.
2167 silly tarball no local data for lodash.merge@https://registry.npmjs.org/lodash.merge/-/lodash.merge-4.6.2.tgz. Extracting by manifest.
2168 silly tarball no local data for levn@https://registry.npmjs.org/levn/-/levn-0.4.1.tgz. Extracting by manifest.
2169 silly tarball no local data for json-stable-stringify-without-jsonify@https://registry.npmjs.org/json-stable-stringify-without-jsonify/-/json-stable-stringify-without-jsonify-1.0.1.tgz. Extracting by manifest.
2170 silly tarball no local data for js-yaml@https://registry.npmjs.org/js-yaml/-/js-yaml-4.1.1.tgz. Extracting by manifest.
2171 silly tarball no local data for is-path-inside@https://registry.npmjs.org/is-path-inside/-/is-path-inside-3.0.3.tgz. Extracting by manifest.
2172 silly tarball no local data for imurmurhash@https://registry.npmjs.org/imurmurhash/-/imurmurhash-0.1.4.tgz. Extracting by manifest.
2173 silly tarball no local data for globals@https://registry.npmjs.org/globals/-/globals-13.24.0.tgz. Extracting by manifest.
2174 silly tarball no local data for glob-parent@https://registry.npmjs.org/glob-parent/-/glob-parent-6.0.2.tgz. Extracting by manifest.
2175 silly tarball no local data for find-up@https://registry.npmjs.org/find-up/-/find-up-5.0.0.tgz. Extracting by manifest.
2176 silly tarball no local data for file-entry-cache@https://registry.npmjs.org/file-entry-cache/-/file-entry-cache-6.0.1.tgz. Extracting by manifest.
2177 silly tarball no local data for fast-deep-equal@https://registry.npmjs.org/fast-deep-equal/-/fast-deep-equal-3.1.3.tgz. Extracting by manifest.
2178 silly tarball no local data for esutils@https://registry.npmjs.org/esutils/-/esutils-2.0.3.tgz. Extracting by manifest.
2179 silly tarball no local data for esquery@https://registry.npmjs.org/esquery/-/esquery-1.7.0.tgz. Extracting by manifest.
2180 silly tarball no local data for eslint-scope@https://registry.npmjs.org/eslint-scope/-/eslint-scope-7.2.2.tgz. Extracting by manifest.
2181 silly tarball no local data for escape-string-regexp@https://registry.npmjs.org/escape-string-regexp/-/escape-string-regexp-4.0.0.tgz. Extracting by manifest.
2182 silly tarball no local data for espree@https://registry.npmjs.org/espree/-/espree-9.6.1.tgz. Extracting by manifest.
2183 silly tarball no local data for doctrine@https://registry.npmjs.org/doctrine/-/doctrine-3.0.0.tgz. Extracting by manifest.
2184 silly tarball no local data for cross-spawn@https://registry.npmjs.org/cross-spawn/-/cross-spawn-7.0.6.tgz. Extracting by manifest.
2185 silly tarball no local data for chalk@https://registry.npmjs.org/chalk/-/chalk-4.1.2.tgz. Extracting by manifest.
2186 silly tarball no local data for ajv@https://registry.npmjs.org/ajv/-/ajv-6.15.0.tgz. Extracting by manifest.
2187 silly tarball no local data for @ungap/structured-clone@https://registry.npmjs.org/@ungap/structured-clone/-/structured-clone-1.3.0.tgz. Extracting by manifest.
2188 silly tarball no local data for @nodelib/fs.walk@https://registry.npmjs.org/@nodelib/fs.walk/-/fs.walk-1.2.8.tgz. Extracting by manifest.
2189 silly tarball no local data for @humanwhocodes/module-importer@https://registry.npmjs.org/@humanwhocodes/module-importer/-/module-importer-1.0.1.tgz. Extracting by manifest.
2190 silly tarball no local data for @humanwhocodes/config-array@https://registry.npmjs.org/@humanwhocodes/config-array/-/config-array-0.13.0.tgz. Extracting by manifest.
2191 silly tarball no local data for @eslint/js@https://registry.npmjs.org/@eslint/js/-/js-8.57.1.tgz. Extracting by manifest.
2192 silly tarball no local data for @eslint/eslintrc@https://registry.npmjs.org/@eslint/eslintrc/-/eslintrc-2.1.4.tgz. Extracting by manifest.
2193 silly tarball no local data for update-browserslist-db@https://registry.npmjs.org/update-browserslist-db/-/update-browserslist-db-1.2.3.tgz. Extracting by manifest.
2194 silly tarball no local data for node-releases@https://registry.npmjs.org/node-releases/-/node-releases-2.0.38.tgz. Extracting by manifest.
2195 silly tarball no local data for ms@https://registry.npmjs.org/ms/-/ms-2.1.3.tgz. Extracting by manifest.
2196 silly tarball no local data for electron-to-chromium@https://registry.npmjs.org/electron-to-chromium/-/electron-to-chromium-1.5.345.tgz. Extracting by manifest.
2197 silly tarball no local data for postcss-value-parser@https://registry.npmjs.org/postcss-value-parser/-/postcss-value-parser-4.2.0.tgz. Extracting by manifest.
2198 silly tarball no local data for fraction.js@https://registry.npmjs.org/fraction.js/-/fraction.js-5.3.4.tgz. Extracting by manifest.
2199 silly tarball no local data for caniuse-lite@https://registry.npmjs.org/caniuse-lite/-/caniuse-lite-1.0.30001791.tgz. Extracting by manifest.
2200 silly tarball no local data for @types/babel__traverse@https://registry.npmjs.org/@types/babel__traverse/-/babel__traverse-7.28.0.tgz. Extracting by manifest.
2201 silly tarball no local data for @types/babel__template@https://registry.npmjs.org/@types/babel__template/-/babel__template-7.4.4.tgz. Extracting by manifest.
2202 silly tarball no local data for @types/babel__generator@https://registry.npmjs.org/@types/babel__generator/-/babel__generator-7.27.0.tgz. Extracting by manifest.
2203 silly tarball no local data for import-fresh@https://registry.npmjs.org/import-fresh/-/import-fresh-3.3.1.tgz. Extracting by manifest.
2204 silly tarball no local data for @jridgewell/resolve-uri@https://registry.npmjs.org/@jridgewell/resolve-uri/-/resolve-uri-3.1.2.tgz. Extracting by manifest.
2205 silly tarball no local data for @jridgewell/sourcemap-codec@https://registry.npmjs.org/@jridgewell/sourcemap-codec/-/sourcemap-codec-1.5.5.tgz. Extracting by manifest.
2206 silly tarball no local data for @babel/helper-globals@https://registry.npmjs.org/@babel/helper-globals/-/helper-globals-7.28.0.tgz. Extracting by manifest.
2207 silly tarball no local data for @babel/helper-string-parser@https://registry.npmjs.org/@babel/helper-string-parser/-/helper-string-parser-7.27.1.tgz. Extracting by manifest.
2208 silly tarball no local data for lru-cache@https://registry.npmjs.org/lru-cache/-/lru-cache-5.1.1.tgz. Extracting by manifest.
2209 silly tarball no local data for baseline-browser-mapping@https://registry.npmjs.org/baseline-browser-mapping/-/baseline-browser-mapping-2.10.24.tgz. Extracting by manifest.
2210 silly tarball no local data for @babel/helper-plugin-utils@https://registry.npmjs.org/@babel/helper-plugin-utils/-/helper-plugin-utils-7.28.6.tgz. Extracting by manifest.
2211 silly tarball no local data for browserslist@https://registry.npmjs.org/browserslist/-/browserslist-4.28.2.tgz. Extracting by manifest.
2212 silly tarball no local data for @babel/helper-module-imports@https://registry.npmjs.org/@babel/helper-module-imports/-/helper-module-imports-7.28.6.tgz. Extracting by manifest.
2213 silly tarball no local data for @babel/compat-data@https://registry.npmjs.org/@babel/compat-data/-/compat-data-7.29.0.tgz. Extracting by manifest.
2214 silly tarball no local data for @babel/helper-validator-option@https://registry.npmjs.org/@babel/helper-validator-option/-/helper-validator-option-7.27.1.tgz. Extracting by manifest.
2215 silly tarball no local data for jsesc@https://registry.npmjs.org/jsesc/-/jsesc-3.1.0.tgz. Extracting by manifest.
2216 silly tarball no local data for @jridgewell/trace-mapping@https://registry.npmjs.org/@jridgewell/trace-mapping/-/trace-mapping-0.3.31.tgz. Extracting by manifest.
2217 silly tarball no local data for @jridgewell/gen-mapping@https://registry.npmjs.org/@jridgewell/gen-mapping/-/gen-mapping-0.3.13.tgz. Extracting by manifest.
2218 silly tarball no local data for picocolors@https://registry.npmjs.org/picocolors/-/picocolors-1.1.1.tgz. Extracting by manifest.
2219 silly tarball no local data for js-tokens@https://registry.npmjs.org/js-tokens/-/js-tokens-4.0.0.tgz. Extracting by manifest.
2220 silly tarball no local data for @babel/helper-validator-identifier@https://registry.npmjs.org/@babel/helper-validator-identifier/-/helper-validator-identifier-7.28.5.tgz. Extracting by manifest.
2221 silly tarball no local data for json5@https://registry.npmjs.org/json5/-/json5-2.2.3.tgz. Extracting by manifest.
2222 silly tarball no local data for gensync@https://registry.npmjs.org/gensync/-/gensync-1.0.0-beta.2.tgz. Extracting by manifest.
2223 silly tarball no local data for convert-source-map@https://registry.npmjs.org/convert-source-map/-/convert-source-map-2.0.0.tgz. Extracting by manifest.
2224 silly tarball no local data for @jridgewell/remapping@https://registry.npmjs.org/@jridgewell/remapping/-/remapping-2.3.5.tgz. Extracting by manifest.
2225 silly tarball no local data for @babel/types@https://registry.npmjs.org/@babel/types/-/types-7.29.0.tgz. Extracting by manifest.
2226 silly tarball no local data for @babel/traverse@https://registry.npmjs.org/@babel/traverse/-/traverse-7.29.0.tgz. Extracting by manifest.
2227 silly tarball no local data for @babel/template@https://registry.npmjs.org/@babel/template/-/template-7.28.6.tgz. Extracting by manifest.
2228 silly tarball no local data for @babel/parser@https://registry.npmjs.org/@babel/parser/-/parser-7.29.2.tgz. Extracting by manifest.
2229 silly tarball no local data for @babel/helpers@https://registry.npmjs.org/@babel/helpers/-/helpers-7.29.2.tgz. Extracting by manifest.
2230 silly tarball no local data for @babel/helper-module-transforms@https://registry.npmjs.org/@babel/helper-module-transforms/-/helper-module-transforms-7.28.6.tgz. Extracting by manifest.
2231 silly tarball no local data for @babel/helper-compilation-targets@https://registry.npmjs.org/@babel/helper-compilation-targets/-/helper-compilation-targets-7.28.6.tgz. Extracting by manifest.
2232 silly tarball no local data for @babel/generator@https://registry.npmjs.org/@babel/generator/-/generator-7.29.1.tgz. Extracting by manifest.
2233 silly tarball no local data for @babel/code-frame@https://registry.npmjs.org/@babel/code-frame/-/code-frame-7.29.0.tgz. Extracting by manifest.
2234 silly tarball no local data for @types/babel__core@https://registry.npmjs.org/@types/babel__core/-/babel__core-7.20.5.tgz. Extracting by manifest.
2235 silly tarball no local data for react-refresh@https://registry.npmjs.org/react-refresh/-/react-refresh-0.17.0.tgz. Extracting by manifest.
2236 silly tarball no local data for @rolldown/pluginutils@https://registry.npmjs.org/@rolldown/pluginutils/-/pluginutils-1.0.0-beta.27.tgz. Extracting by manifest.
2237 silly tarball no local data for @babel/plugin-transform-react-jsx-source@https://registry.npmjs.org/@babel/plugin-transform-react-jsx-source/-/plugin-transform-react-jsx-source-7.27.1.tgz. Extracting by manifest.
2238 silly tarball no local data for @babel/plugin-transform-react-jsx-self@https://registry.npmjs.org/@babel/plugin-transform-react-jsx-self/-/plugin-transform-react-jsx-self-7.27.1.tgz. Extracting by manifest.
2239 silly tarball no local data for @babel/core@https://registry.npmjs.org/@babel/core/-/core-7.29.0.tgz. Extracting by manifest.
2240 silly tarball no local data for eslint-visitor-keys@https://registry.npmjs.org/eslint-visitor-keys/-/eslint-visitor-keys-3.4.3.tgz. Extracting by manifest.
2241 silly tarball no local data for @types/semver@https://registry.npmjs.org/@types/semver/-/semver-7.7.1.tgz. Extracting by manifest.
2242 silly tarball no local data for @types/json-schema@https://registry.npmjs.org/@types/json-schema/-/json-schema-7.0.15.tgz. Extracting by manifest.
2243 silly tarball no local data for @eslint-community/eslint-utils@https://registry.npmjs.org/@eslint-community/eslint-utils/-/eslint-utils-4.9.1.tgz. Extracting by manifest.
2244 silly tarball no local data for minimatch@https://registry.npmjs.org/minimatch/-/minimatch-9.0.3.tgz. Extracting by manifest.
2245 silly tarball no local data for is-glob@https://registry.npmjs.org/is-glob/-/is-glob-4.0.3.tgz. Extracting by manifest.
2246 silly tarball no local data for globby@https://registry.npmjs.org/globby/-/globby-11.1.0.tgz. Extracting by manifest.
2247 silly tarball no local data for @typescript-eslint/typescript-estree@https://registry.npmjs.org/@typescript-eslint/typescript-estree/-/typescript-estree-6.21.0.tgz. Extracting by manifest.
2248 silly tarball no local data for @typescript-eslint/types@https://registry.npmjs.org/@typescript-eslint/types/-/types-6.21.0.tgz. Extracting by manifest.
2249 silly tarball no local data for ts-api-utils@https://registry.npmjs.org/ts-api-utils/-/ts-api-utils-1.4.3.tgz. Extracting by manifest.
2250 silly tarball no local data for semver@https://registry.npmjs.org/semver/-/semver-7.7.4.tgz. Extracting by manifest.
2251 silly tarball no local data for natural-compare@https://registry.npmjs.org/natural-compare/-/natural-compare-1.4.0.tgz. Extracting by manifest.
2252 silly tarball no local data for ignore@https://registry.npmjs.org/ignore/-/ignore-5.3.2.tgz. Extracting by manifest.
2253 silly tarball no local data for graphemer@https://registry.npmjs.org/graphemer/-/graphemer-1.4.0.tgz. Extracting by manifest.
2254 silly tarball no local data for debug@https://registry.npmjs.org/debug/-/debug-4.4.3.tgz. Extracting by manifest.
2255 silly tarball no local data for @typescript-eslint/visitor-keys@https://registry.npmjs.org/@typescript-eslint/visitor-keys/-/visitor-keys-6.21.0.tgz. Extracting by manifest.
2256 silly tarball no local data for @typescript-eslint/utils@https://registry.npmjs.org/@typescript-eslint/utils/-/utils-6.21.0.tgz. Extracting by manifest.
2257 silly tarball no local data for @typescript-eslint/type-utils@https://registry.npmjs.org/@typescript-eslint/type-utils/-/type-utils-6.21.0.tgz. Extracting by manifest.
2258 silly tarball no local data for @typescript-eslint/scope-manager@https://registry.npmjs.org/@typescript-eslint/scope-manager/-/scope-manager-6.21.0.tgz. Extracting by manifest.
2259 silly tarball no local data for @eslint-community/regexpp@https://registry.npmjs.org/@eslint-community/regexpp/-/regexpp-4.12.2.tgz. Extracting by manifest.
2260 silly tarball no local data for undici-types@https://registry.npmjs.org/undici-types/-/undici-types-7.19.2.tgz. Extracting by manifest.
2261 silly tarball no local data for @types/node@https://registry.npmjs.org/@types/node/-/node-25.6.0.tgz. Extracting by manifest.
2262 silly tarball no local data for csstype@https://registry.npmjs.org/csstype/-/csstype-3.2.3.tgz. Extracting by manifest.
2263 silly tarball no local data for @types/prop-types@https://registry.npmjs.org/@types/prop-types/-/prop-types-15.7.15.tgz. Extracting by manifest.
2264 silly tarball no local data for iceberg-js@https://registry.npmjs.org/iceberg-js/-/iceberg-js-0.8.1.tgz. Extracting by manifest.
2265 silly tarball no local data for ws@https://registry.npmjs.org/ws/-/ws-8.20.0.tgz. Extracting by manifest.
2266 silly tarball no local data for @types/ws@https://registry.npmjs.org/@types/ws/-/ws-8.18.1.tgz. Extracting by manifest.
2267 silly tarball no local data for @supabase/phoenix@https://registry.npmjs.org/@supabase/phoenix/-/phoenix-0.4.1.tgz. Extracting by manifest.
2268 silly tarball no local data for tslib@https://registry.npmjs.org/tslib/-/tslib-2.8.1.tgz. Extracting by manifest.
2269 silly tarball no local data for @supabase/storage-js@https://registry.npmjs.org/@supabase/storage-js/-/storage-js-2.105.1.tgz. Extracting by manifest.
2270 silly tarball no local data for @supabase/realtime-js@https://registry.npmjs.org/@supabase/realtime-js/-/realtime-js-2.105.1.tgz. Extracting by manifest.
2271 silly tarball no local data for @supabase/postgrest-js@https://registry.npmjs.org/@supabase/postgrest-js/-/postgrest-js-2.105.1.tgz. Extracting by manifest.
2272 silly tarball no local data for @supabase/functions-js@https://registry.npmjs.org/@supabase/functions-js/-/functions-js-2.105.1.tgz. Extracting by manifest.
2273 silly tarball no local data for @supabase/auth-js@https://registry.npmjs.org/@supabase/auth-js/-/auth-js-2.105.1.tgz. Extracting by manifest.
2274 silly tarball no local data for typescript@https://registry.npmjs.org/typescript/-/typescript-5.9.3.tgz. Extracting by manifest.
2275 silly tarball no local data for tailwindcss@https://registry.npmjs.org/tailwindcss/-/tailwindcss-3.4.19.tgz. Extracting by manifest.
2276 silly tarball no local data for react-dom@https://registry.npmjs.org/react-dom/-/react-dom-18.3.1.tgz. Extracting by manifest.
2277 silly tarball no local data for react@https://registry.npmjs.org/react/-/react-18.3.1.tgz. Extracting by manifest.
2278 silly tarball no local data for lucide-react@https://registry.npmjs.org/lucide-react/-/lucide-react-0.300.0.tgz. Extracting by manifest.
2279 silly tarball no local data for framer-motion@https://registry.npmjs.org/framer-motion/-/framer-motion-10.18.0.tgz. Extracting by manifest.
2280 silly tarball no local data for eslint-plugin-react-refresh@https://registry.npmjs.org/eslint-plugin-react-refresh/-/eslint-plugin-react-refresh-0.4.26.tgz. Extracting by manifest.
2281 silly tarball no local data for eslint-plugin-react-hooks@https://registry.npmjs.org/eslint-plugin-react-hooks/-/eslint-plugin-react-hooks-4.6.2.tgz. Extracting by manifest.
2282 silly tarball no local data for postcss@https://registry.npmjs.org/postcss/-/postcss-8.5.12.tgz. Extracting by manifest.
2283 silly tarball no local data for autoprefixer@https://registry.npmjs.org/autoprefixer/-/autoprefixer-10.5.0.tgz. Extracting by manifest.
2284 silly tarball no local data for vite@https://registry.npmjs.org/vite/-/vite-5.4.21.tgz. Extracting by manifest.
2285 silly tarball no local data for @vitejs/plugin-react@https://registry.npmjs.org/@vitejs/plugin-react/-/plugin-react-4.7.0.tgz. Extracting by manifest.
2286 silly tarball no local data for @typescript-eslint/parser@https://registry.npmjs.org/@typescript-eslint/parser/-/parser-6.21.0.tgz. Extracting by manifest.
2287 silly tarball no local data for eslint@https://registry.npmjs.org/eslint/-/eslint-8.57.1.tgz. Extracting by manifest.
2288 silly tarball no local data for @typescript-eslint/eslint-plugin@https://registry.npmjs.org/@typescript-eslint/eslint-plugin/-/eslint-plugin-6.21.0.tgz. Extracting by manifest.
2289 silly tarball no local data for @types/react-dom@https://registry.npmjs.org/@types/react-dom/-/react-dom-18.3.7.tgz. Extracting by manifest.
2290 silly tarball no local data for @types/react@https://registry.npmjs.org/@types/react/-/react-18.3.28.tgz. Extracting by manifest.
2291 silly tarball no local data for @supabase/supabase-js@https://registry.npmjs.org/@supabase/supabase-js/-/supabase-js-2.105.1.tgz. Extracting by manifest.
2292 silly tarball no local data for picomatch@https://registry.npmjs.org/picomatch/-/picomatch-4.0.4.tgz. Extracting by manifest.
2293 silly tarball no local data for fdir@https://registry.npmjs.org/fdir/-/fdir-6.5.0.tgz. Extracting by manifest.
2294 silly tarball no local data for glob-parent@https://registry.npmjs.org/glob-parent/-/glob-parent-5.1.2.tgz. Extracting by manifest.
2295 silly tarball no local data for brace-expansion@https://registry.npmjs.org/brace-expansion/-/brace-expansion-1.1.14.tgz. Extracting by manifest.
2296 silly tarball no local data for minimatch@https://registry.npmjs.org/minimatch/-/minimatch-3.1.5.tgz. Extracting by manifest.
2297 silly tarball no local data for glob-parent@https://registry.npmjs.org/glob-parent/-/glob-parent-5.1.2.tgz. Extracting by manifest.
2298 silly tarball no local data for brace-expansion@https://registry.npmjs.org/brace-expansion/-/brace-expansion-1.1.14.tgz. Extracting by manifest.
2299 silly tarball no local data for minimatch@https://registry.npmjs.org/minimatch/-/minimatch-3.1.5.tgz. Extracting by manifest.
2300 silly tarball no local data for brace-expansion@https://registry.npmjs.org/brace-expansion/-/brace-expansion-1.1.14.tgz. Extracting by manifest.
2301 silly tarball no local data for minimatch@https://registry.npmjs.org/minimatch/-/minimatch-3.1.5.tgz. Extracting by manifest.
2302 silly tarball no local data for semver@https://registry.npmjs.org/semver/-/semver-6.3.1.tgz. Extracting by manifest.
2303 silly tarball no local data for semver@https://registry.npmjs.org/semver/-/semver-6.3.1.tgz. Extracting by manifest.
2304 silly tarball no local data for brace-expansion@https://registry.npmjs.org/brace-expansion/-/brace-expansion-1.1.14.tgz. Extracting by manifest.
2305 silly tarball no local data for minimatch@https://registry.npmjs.org/minimatch/-/minimatch-3.1.5.tgz. Extracting by manifest.
2306 http fetch GET 200 https://registry.npmjs.org/isexe/-/isexe-2.0.0.tgz 88ms (cache miss)
2307 http fetch GET 200 https://registry.npmjs.org/concat-map/-/concat-map-0.0.1.tgz 90ms (cache miss)
2308 http fetch GET 200 https://registry.npmjs.org/@types/estree/-/estree-1.0.8.tgz 92ms (cache miss)
2309 http fetch GET 200 https://registry.npmjs.org/thenify-all/-/thenify-all-1.6.0.tgz 216ms (cache miss)
2310 http fetch GET 200 https://registry.npmjs.org/pirates/-/pirates-4.0.7.tgz 217ms (cache miss)
2311 http fetch GET 200 https://registry.npmjs.org/tinyglobby/-/tinyglobby-0.2.16.tgz 218ms (cache miss)
2312 http fetch GET 200 https://registry.npmjs.org/object-assign/-/object-assign-4.1.1.tgz 242ms (cache miss)
2313 http fetch GET 200 https://registry.npmjs.org/punycode/-/punycode-2.3.1.tgz 244ms (cache miss)
2314 http fetch GET 200 https://registry.npmjs.org/thenify/-/thenify-3.3.1.tgz 243ms (cache miss)
2315 http fetch GET 200 https://registry.npmjs.org/lines-and-columns/-/lines-and-columns-1.2.4.tgz 245ms (cache miss)
2316 http fetch GET 200 https://registry.npmjs.org/escalade/-/escalade-3.2.0.tgz 247ms (cache miss)
2317 http fetch GET 200 https://registry.npmjs.org/esbuild/-/esbuild-0.21.5.tgz 247ms (cache miss)
2318 http fetch GET 200 https://registry.npmjs.org/mz/-/mz-2.7.0.tgz 249ms (cache miss)
2319 http fetch GET 200 https://registry.npmjs.org/ts-interface-checker/-/ts-interface-checker-0.1.13.tgz 250ms (cache miss)
2320 http fetch POST 200 https://registry.npmjs.org/-/npm/v1/security/advisories/bulk 281ms
2321 silly audit report {
2321 silly audit report   vite: [
2321 silly audit report     {
2321 silly audit report       id: 1116229,
2321 silly audit report       url: 'https://github.com/advisories/GHSA-4w7w-66w2-5vf9',
2321 silly audit report       title: 'Vite Vulnerable to Path Traversal in Optimized Deps `.map` Handling',
2321 silly audit report       severity: 'moderate',
2321 silly audit report       vulnerable_versions: '<=6.4.1',
2321 silly audit report       cwe: [Array],
2321 silly audit report       cvss: [Object]
2321 silly audit report     }
2321 silly audit report   ],
2321 silly audit report   minimatch: [
2321 silly audit report     {
2321 silly audit report       id: 1113465,
2321 silly audit report       url: 'https://github.com/advisories/GHSA-3ppc-4f35-3m26',
2321 silly audit report       title: 'minimatch has a ReDoS via repeated wildcards with non-matching literal in pattern',
2321 silly audit report       severity: 'high',
2321 silly audit report       vulnerable_versions: '>=9.0.0 <9.0.6',
2321 silly audit report       cwe: [Array],
2321 silly audit report       cvss: [Object]
2321 silly audit report     },
2321 silly audit report     {
2321 silly audit report       id: 1113544,
2321 silly audit report       url: 'https://github.com/advisories/GHSA-7r86-cg39-jmmj',
2321 silly audit report       title: 'minimatch has ReDoS: matchOne() combinatorial backtracking via multiple non-adjacent GLOBSTAR segments',
2321 silly audit report       severity: 'high',
2321 silly audit report       vulnerable_versions: '>=9.0.0 <9.0.7',
2321 silly audit report       cwe: [Array],
2321 silly audit report       cvss: [Object]
2321 silly audit report     },
2321 silly audit report     {
2321 silly audit report       id: 1113552,
2321 silly audit report       url: 'https://github.com/advisories/GHSA-23c5-xmqv-rm74',
2321 silly audit report       title: 'minimatch ReDoS: nested *() extglobs generate catastrophically backtracking regular expressions',
2321 silly audit report       severity: 'high',
2321 silly audit report       vulnerable_versions: '>=9.0.0 <9.0.7',
2321 silly audit report       cwe: [Array],
2321 silly audit report       cvss: [Object]
2321 silly audit report     }
2321 silly audit report   ],
2321 silly audit report   esbuild: [
2321 silly audit report     {
2321 silly audit report       id: 1102341,
2321 silly audit report       url: 'https://github.com/advisories/GHSA-67mh-4wv8-2f99',
2321 silly audit report       title: 'esbuild enables any website to send any requests to the development server and read the response',
2321 silly audit report       severity: 'moderate',
2321 silly audit report       vulnerable_versions: '<=0.24.2',
2321 silly audit report       cwe: [Array],
2321 silly audit report       cvss: [Object]
2321 silly audit report     }
2321 silly audit report   ]
2321 silly audit report }
2322 silly packumentCache corgi:https://registry.npmjs.org/vite cache-miss
2323 silly packumentCache corgi:https://registry.npmjs.org/minimatch cache-miss
2324 silly packumentCache corgi:https://registry.npmjs.org/esbuild cache-miss
2325 http fetch GET 200 https://registry.npmjs.org/is-number/-/is-number-7.0.0.tgz 262ms (cache miss)
2326 http fetch GET 200 https://registry.npmjs.org/commander/-/commander-4.1.1.tgz 264ms (cache miss)
2327 http fetch GET 200 https://registry.npmjs.org/any-promise/-/any-promise-1.3.0.tgz 267ms (cache miss)
2328 http fetch GET 200 https://registry.npmjs.org/hasown/-/hasown-2.0.3.tgz 273ms (cache miss)
2329 http fetch GET 200 https://registry.npmjs.org/function-bind/-/function-bind-1.1.2.tgz 274ms (cache miss)
2330 http fetch GET 200 https://registry.npmjs.org/path-parse/-/path-parse-1.0.7.tgz 279ms (cache miss)
2331 http fetch GET 200 https://registry.npmjs.org/es-errors/-/es-errors-1.3.0.tgz 279ms (cache miss)
2332 http fetch GET 200 https://registry.npmjs.org/supports-preserve-symlinks-flag/-/supports-preserve-symlinks-flag-1.0.0.tgz 287ms (cache miss)
2333 http fetch GET 200 https://registry.npmjs.org/pify/-/pify-2.3.0.tgz 346ms (cache miss)
2334 http fetch GET 200 https://registry.npmjs.org/cssesc/-/cssesc-3.0.0.tgz 367ms (cache miss)
2335 http fetch GET 200 https://registry.npmjs.org/anymatch/-/anymatch-3.1.3.tgz 367ms (cache miss)
2336 http fetch GET 200 https://registry.npmjs.org/camelcase-css/-/camelcase-css-2.0.1.tgz 368ms (cache miss)
2337 http fetch GET 200 https://registry.npmjs.org/read-cache/-/read-cache-1.0.0.tgz 368ms (cache miss)
2338 http fetch GET 200 https://registry.npmjs.org/util-deprecate/-/util-deprecate-1.0.2.tgz 369ms (cache miss)
2339 http fetch GET 200 https://registry.npmjs.org/is-core-module/-/is-core-module-2.16.1.tgz 370ms (cache miss)
2340 http fetch GET 200 https://registry.npmjs.org/binary-extensions/-/binary-extensions-2.3.0.tgz 369ms (cache miss)
2341 http fetch GET 200 https://registry.npmjs.org/is-binary-path/-/is-binary-path-2.1.0.tgz 369ms (cache miss)
2342 http fetch GET 200 https://registry.npmjs.org/postcss-nested/-/postcss-nested-6.2.0.tgz 368ms (cache miss)
2343 http fetch GET 200 https://registry.npmjs.org/readdirp/-/readdirp-3.6.0.tgz 370ms (cache miss)
2344 http fetch GET 200 https://registry.npmjs.org/postcss-import/-/postcss-import-15.1.0.tgz 369ms (cache miss)
2345 http fetch GET 200 https://registry.npmjs.org/normalize-path/-/normalize-path-3.0.0.tgz 369ms (cache miss)
2346 http fetch GET 200 https://registry.npmjs.org/postcss-js/-/postcss-js-4.1.0.tgz 371ms (cache miss)
2347 http fetch GET 200 https://registry.npmjs.org/postcss-load-config/-/postcss-load-config-6.0.1.tgz 371ms (cache miss)
2348 http fetch GET 200 https://registry.npmjs.org/rollup/-/rollup-4.60.2.tgz 379ms (cache miss)
2349 http fetch GET 200 https://registry.npmjs.org/fsevents/-/fsevents-2.3.3.tgz 376ms (cache miss)
2350 http fetch GET 200 https://registry.npmjs.org/arg/-/arg-5.0.2.tgz 379ms (cache miss)
2351 http fetch GET 200 https://registry.npmjs.org/didyoumean/-/didyoumean-1.2.2.tgz 380ms (cache miss)
2352 http fetch GET 200 https://registry.npmjs.org/lilconfig/-/lilconfig-3.1.3.tgz 382ms (cache miss)
2353 http fetch GET 200 https://registry.npmjs.org/object-hash/-/object-hash-3.0.0.tgz 389ms (cache miss)
2354 http fetch GET 200 https://registry.npmjs.org/dlv/-/dlv-1.1.3.tgz 390ms (cache miss)
2355 http fetch GET 200 https://registry.npmjs.org/chokidar/-/chokidar-3.6.0.tgz 390ms (cache miss)
2356 http fetch GET 200 https://registry.npmjs.org/@alloc/quick-lru/-/quick-lru-5.2.0.tgz 393ms (cache miss)
2357 http fetch GET 200 https://registry.npmjs.org/postcss-selector-parser/-/postcss-selector-parser-6.1.2.tgz 398ms (cache miss)
2358 http fetch GET 200 https://registry.npmjs.org/ansi-regex/-/ansi-regex-5.0.1.tgz 397ms (cache miss)
2359 http fetch GET 200 https://registry.npmjs.org/shebang-regex/-/shebang-regex-3.0.0.tgz 400ms (cache miss)
2360 http fetch GET 200 https://registry.npmjs.org/has-flag/-/has-flag-4.0.0.tgz 405ms (cache miss)
2361 http fetch GET 200 https://registry.npmjs.org/path-is-absolute/-/path-is-absolute-1.0.1.tgz 410ms (cache miss)
2362 http fetch GET 200 https://registry.npmjs.org/queue-microtask/-/queue-microtask-1.2.3.tgz 411ms (cache miss)
2363 http fetch GET 200 https://registry.npmjs.org/once/-/once-1.4.0.tgz 413ms (cache miss)
2364 http fetch GET 200 https://registry.npmjs.org/wrappy/-/wrappy-1.0.2.tgz 420ms (cache miss)
2365 http fetch GET 200 https://registry.npmjs.org/inherits/-/inherits-2.0.4.tgz 419ms (cache miss)
2366 http fetch GET 200 https://registry.npmjs.org/inflight/-/inflight-1.0.6.tgz 420ms (cache miss)
2367 warn deprecated inflight@1.0.6: This module is not supported, and leaks memory. Do not use it. Check out lru-cache if you want a good and tested way to coalesce async requests by a key value, which is much more comprehensive and powerful.
2368 http fetch GET 200 https://registry.npmjs.org/scheduler/-/scheduler-0.23.2.tgz 432ms (cache miss)
2369 http fetch GET 200 https://registry.npmjs.org/loose-envify/-/loose-envify-1.4.0.tgz 439ms (cache miss)
2370 http fetch GET 200 https://registry.npmjs.org/jiti/-/jiti-1.21.7.tgz 442ms (cache miss)
2371 http fetch GET 200 https://registry.npmjs.org/resolve/-/resolve-1.22.12.tgz 442ms (cache miss)
2372 http fetch GET 200 https://registry.npmjs.org/yocto-queue/-/yocto-queue-0.1.0.tgz 446ms (cache miss)
2373 http fetch GET 200 https://registry.npmjs.org/fs.realpath/-/fs.realpath-1.0.0.tgz 446ms (cache miss)
2374 http fetch GET 200 https://registry.npmjs.org/p-limit/-/p-limit-3.1.0.tgz 451ms (cache miss)
2375 http fetch GET 200 https://registry.npmjs.org/word-wrap/-/word-wrap-1.2.5.tgz 451ms (cache miss)
2376 http fetch GET 200 https://registry.npmjs.org/callsites/-/callsites-3.1.0.tgz 457ms (cache miss)
2377 http fetch GET 200 https://registry.npmjs.org/fast-levenshtein/-/fast-levenshtein-2.0.6.tgz 457ms (cache miss)
2378 http fetch GET 200 https://registry.npmjs.org/balanced-match/-/balanced-match-1.0.2.tgz 457ms (cache miss)
2379 http fetch GET 200 https://registry.npmjs.org/sucrase/-/sucrase-3.35.1.tgz 465ms (cache miss)
2380 http fetch GET 200 https://registry.npmjs.org/deep-is/-/deep-is-0.1.4.tgz 466ms (cache miss)
2381 http fetch GET 200 https://registry.npmjs.org/brace-expansion/-/brace-expansion-2.1.0.tgz 466ms (cache miss)
2382 http fetch GET 200 https://registry.npmjs.org/to-regex-range/-/to-regex-range-5.0.1.tgz 471ms (cache miss)
2383 http fetch GET 200 https://registry.npmjs.org/fill-range/-/fill-range-7.1.1.tgz 478ms (cache miss)
2384 http fetch GET 200 https://registry.npmjs.org/p-locate/-/p-locate-5.0.0.tgz 487ms (cache miss)
2385 http fetch GET 200 https://registry.npmjs.org/braces/-/braces-3.0.3.tgz 487ms (cache miss)
2386 http fetch GET 200 https://registry.npmjs.org/yallist/-/yallist-3.1.1.tgz 487ms (cache miss)
2387 http fetch GET 200 https://registry.npmjs.org/json-buffer/-/json-buffer-3.0.1.tgz 493ms (cache miss)
2388 http fetch GET 200 https://registry.npmjs.org/picomatch/-/picomatch-2.3.2.tgz 497ms (cache miss)
2389 http fetch GET 200 https://registry.npmjs.org/type-check/-/type-check-0.4.0.tgz 498ms (cache miss)
2390 http fetch GET 200 https://registry.npmjs.org/nanoid/-/nanoid-3.3.11.tgz 501ms (cache miss)
2391 http fetch GET 200 https://registry.npmjs.org/argparse/-/argparse-2.0.1.tgz 503ms (cache miss)
2392 http fetch GET 200 https://registry.npmjs.org/prelude-ls/-/prelude-ls-1.2.1.tgz 503ms (cache miss)
2393 http fetch GET 200 https://registry.npmjs.org/resolve-from/-/resolve-from-4.0.0.tgz 510ms (cache miss)
2394 http fetch GET 200 https://registry.npmjs.org/glob/-/glob-7.2.3.tgz 514ms (cache miss)
2395 warn deprecated glob@7.2.3: Old versions of glob are not supported, and contain widely publicized security vulnerabilities, which have been fixed in the current version. Please update. Support for old versions may be purchased (at exorbitant rates) by contacting i@izs.me
2396 http fetch GET 200 https://registry.npmjs.org/source-map-js/-/source-map-js-1.2.1.tgz 512ms (cache miss)
2397 http fetch GET 200 https://registry.npmjs.org/parent-module/-/parent-module-1.0.1.tgz 516ms (cache miss)
2398 http fetch GET 200 https://registry.npmjs.org/path-type/-/path-type-4.0.0.tgz 522ms (cache miss)
2399 http fetch GET 200 https://registry.npmjs.org/slash/-/slash-3.0.0.tgz 546ms (cache miss)
2400 http fetch GET 200 https://registry.npmjs.org/merge2/-/merge2-1.4.1.tgz 547ms (cache miss)
2401 http fetch GET 200 https://registry.npmjs.org/array-union/-/array-union-2.1.0.tgz 546ms (cache miss)
2402 http fetch GET 200 https://registry.npmjs.org/micromatch/-/micromatch-4.0.8.tgz 547ms (cache miss)
2403 http fetch GET 200 https://registry.npmjs.org/dir-glob/-/dir-glob-3.0.1.tgz 546ms (cache miss)
2404 http fetch GET 200 https://registry.npmjs.org/rimraf/-/rimraf-3.0.2.tgz 547ms (cache miss)
2405 warn deprecated rimraf@3.0.2: Rimraf versions prior to v4 are no longer supported
2406 http fetch GET 200 https://registry.npmjs.org/@emotion/memoize/-/memoize-0.7.4.tgz 549ms (cache miss)
2407 http fetch GET 200 https://registry.npmjs.org/type-fest/-/type-fest-0.20.2.tgz 552ms (cache miss)
2408 http fetch GET 200 https://registry.npmjs.org/path-exists/-/path-exists-4.0.0.tgz 556ms (cache miss)
2409 http fetch GET 200 https://registry.npmjs.org/flatted/-/flatted-3.4.2.tgz 557ms (cache miss)
2410 http fetch GET 200 https://registry.npmjs.org/fast-glob/-/fast-glob-3.3.3.tgz 565ms (cache miss)
2411 http fetch GET 200 https://registry.npmjs.org/is-extglob/-/is-extglob-2.1.1.tgz 579ms (cache miss)
2412 http fetch GET 200 https://registry.npmjs.org/locate-path/-/locate-path-6.0.0.tgz 579ms (cache miss)
2413 http fetch GET 200 https://registry.npmjs.org/reusify/-/reusify-1.1.0.tgz 579ms (cache miss)
2414 http fetch GET 200 https://registry.npmjs.org/flat-cache/-/flat-cache-3.2.0.tgz 583ms (cache miss)
2415 http fetch GET 200 https://registry.npmjs.org/acorn-jsx/-/acorn-jsx-5.3.2.tgz 583ms (cache miss)
2416 http fetch GET 200 https://registry.npmjs.org/estraverse/-/estraverse-5.3.0.tgz 586ms (cache miss)
2417 http fetch GET 200 https://registry.npmjs.org/keyv/-/keyv-4.5.4.tgz 588ms (cache miss)
2418 http fetch GET 200 https://registry.npmjs.org/which/-/which-2.0.2.tgz 586ms (cache miss)
2419 http fetch GET 200 https://registry.npmjs.org/esrecurse/-/esrecurse-4.3.0.tgz 595ms (cache miss)
2420 http fetch GET 200 https://registry.npmjs.org/shebang-command/-/shebang-command-2.0.0.tgz 595ms (cache miss)
2421 http fetch GET 200 https://registry.npmjs.org/path-key/-/path-key-3.1.1.tgz 606ms (cache miss)
2422 http fetch GET 200 https://registry.npmjs.org/color-convert/-/color-convert-2.0.1.tgz 612ms (cache miss)
2423 http fetch GET 200 https://registry.npmjs.org/color-name/-/color-name-1.1.4.tgz 612ms (cache miss)
2424 http fetch GET 200 https://registry.npmjs.org/acorn/-/acorn-8.16.0.tgz 618ms (cache miss)
2425 http fetch GET 200 https://registry.npmjs.org/supports-color/-/supports-color-7.2.0.tgz 617ms (cache miss)
2426 http fetch GET 200 https://registry.npmjs.org/json-schema-traverse/-/json-schema-traverse-0.4.1.tgz 727ms (cache miss)
2427 http fetch GET 200 https://registry.npmjs.org/ansi-styles/-/ansi-styles-4.3.0.tgz 729ms (cache miss)
2428 http fetch GET 200 https://registry.npmjs.org/run-parallel/-/run-parallel-1.2.0.tgz 730ms (cache miss)
2429 http fetch GET 200 https://registry.npmjs.org/strip-json-comments/-/strip-json-comments-3.1.1.tgz 730ms (cache miss)
2430 http fetch GET 200 https://registry.npmjs.org/@nodelib/fs.stat/-/fs.stat-2.0.5.tgz 732ms (cache miss)
2431 http fetch GET 200 https://registry.npmjs.org/fast-json-stable-stringify/-/fast-json-stable-stringify-2.1.0.tgz 732ms (cache miss)
2432 http fetch GET 200 https://registry.npmjs.org/fastq/-/fastq-1.20.1.tgz 737ms (cache miss)
2433 http fetch GET 200 https://registry.npmjs.org/text-table/-/text-table-0.2.0.tgz 739ms (cache miss)
2434 http fetch GET 200 https://registry.npmjs.org/strip-ansi/-/strip-ansi-6.0.1.tgz 764ms (cache miss)
2435 http fetch GET 200 https://registry.npmjs.org/imurmurhash/-/imurmurhash-0.1.4.tgz 766ms (cache miss)
2436 http fetch GET 200 https://registry.npmjs.org/levn/-/levn-0.4.1.tgz 768ms (cache miss)
2437 http fetch GET 200 https://registry.npmjs.org/is-path-inside/-/is-path-inside-3.0.3.tgz 767ms (cache miss)
2438 http fetch GET 200 https://registry.npmjs.org/@emotion/is-prop-valid/-/is-prop-valid-0.8.8.tgz 772ms (cache miss)
2439 http fetch GET 200 https://registry.npmjs.org/glob-parent/-/glob-parent-6.0.2.tgz 768ms (cache miss)
2440 http fetch GET 200 https://registry.npmjs.org/optionator/-/optionator-0.9.4.tgz 769ms (cache miss)
2441 http fetch GET 200 https://registry.npmjs.org/globals/-/globals-13.24.0.tgz 768ms (cache miss)
2442 http fetch GET 200 https://registry.npmjs.org/lodash.merge/-/lodash.merge-4.6.2.tgz 769ms (cache miss)
2443 http fetch GET 200 https://registry.npmjs.org/find-up/-/find-up-5.0.0.tgz 769ms (cache miss)
2444 http fetch GET 200 https://registry.npmjs.org/json-stable-stringify-without-jsonify/-/json-stable-stringify-without-jsonify-1.0.1.tgz 771ms (cache miss)
2445 http fetch GET 200 https://registry.npmjs.org/@nodelib/fs.scandir/-/fs.scandir-2.1.5.tgz 775ms (cache miss)
2446 http fetch GET 200 https://registry.npmjs.org/js-yaml/-/js-yaml-4.1.1.tgz 784ms (cache miss)
2447 http fetch GET 200 https://registry.npmjs.org/uri-js/-/uri-js-4.4.1.tgz 786ms (cache miss)
2448 http fetch GET 200 https://registry.npmjs.org/file-entry-cache/-/file-entry-cache-6.0.1.tgz 792ms (cache miss)
2449 http fetch GET 200 https://registry.npmjs.org/fast-deep-equal/-/fast-deep-equal-3.1.3.tgz 791ms (cache miss)
2450 http fetch GET 200 https://registry.npmjs.org/@humanwhocodes/object-schema/-/object-schema-2.0.3.tgz 794ms (cache miss)
2451 warn deprecated @humanwhocodes/object-schema@2.0.3: Use @eslint/object-schema instead
2452 http fetch GET 200 https://registry.npmjs.org/esutils/-/esutils-2.0.3.tgz 794ms (cache miss)
2453 http fetch GET 200 https://registry.npmjs.org/escape-string-regexp/-/escape-string-regexp-4.0.0.tgz 794ms (cache miss)
2454 http fetch GET 200 https://registry.npmjs.org/eslint-scope/-/eslint-scope-7.2.2.tgz 796ms (cache miss)
2455 http fetch GET 200 https://registry.npmjs.org/chalk/-/chalk-4.1.2.tgz 796ms (cache miss)
2456 http fetch GET 200 https://registry.npmjs.org/cross-spawn/-/cross-spawn-7.0.6.tgz 804ms (cache miss)
2457 http fetch GET 200 https://registry.npmjs.org/doctrine/-/doctrine-3.0.0.tgz 806ms (cache miss)
2458 http fetch GET 200 https://registry.npmjs.org/espree/-/espree-9.6.1.tgz 807ms (cache miss)
2459 http fetch GET 200 https://registry.npmjs.org/esquery/-/esquery-1.7.0.tgz 810ms (cache miss)
2460 http fetch GET 200 https://registry.npmjs.org/@ungap/structured-clone/-/structured-clone-1.3.0.tgz 822ms (cache miss)
2461 http fetch GET 200 https://registry.npmjs.org/update-browserslist-db/-/update-browserslist-db-1.2.3.tgz 825ms (cache miss)
2462 http fetch GET 200 https://registry.npmjs.org/@eslint/js/-/js-8.57.1.tgz 832ms (cache miss)
2463 http fetch GET 200 https://registry.npmjs.org/node-releases/-/node-releases-2.0.38.tgz 832ms (cache miss)
2464 http fetch GET 200 https://registry.npmjs.org/@nodelib/fs.walk/-/fs.walk-1.2.8.tgz 836ms (cache miss)
2465 http fetch GET 200 https://registry.npmjs.org/@humanwhocodes/config-array/-/config-array-0.13.0.tgz 836ms (cache miss)
2466 warn deprecated @humanwhocodes/config-array@0.13.0: Use @eslint/config-array instead
2467 http fetch GET 200 https://registry.npmjs.org/@humanwhocodes/module-importer/-/module-importer-1.0.1.tgz 842ms (cache miss)
2468 http fetch GET 200 https://registry.npmjs.org/postcss-value-parser/-/postcss-value-parser-4.2.0.tgz 845ms (cache miss)
2469 http fetch GET 200 https://registry.npmjs.org/ms/-/ms-2.1.3.tgz 845ms (cache miss)
2470 http fetch GET 200 https://registry.npmjs.org/electron-to-chromium/-/electron-to-chromium-1.5.345.tgz 846ms (cache miss)
2471 http fetch GET 200 https://registry.npmjs.org/fraction.js/-/fraction.js-5.3.4.tgz 850ms (cache miss)
2472 http fetch GET 200 https://registry.npmjs.org/@types/babel__generator/-/babel__generator-7.27.0.tgz 882ms (cache miss)
2473 http fetch GET 200 https://registry.npmjs.org/@babel/helper-plugin-utils/-/helper-plugin-utils-7.28.6.tgz 931ms (cache miss)
2474 http fetch GET 200 https://registry.npmjs.org/lru-cache/-/lru-cache-5.1.1.tgz 931ms (cache miss)
2475 http fetch GET 200 https://registry.npmjs.org/@babel/helper-string-parser/-/helper-string-parser-7.27.1.tgz 957ms (cache miss)
2476 http fetch GET 200 https://registry.npmjs.org/@eslint/eslintrc/-/eslintrc-2.1.4.tgz 963ms (cache miss)
2477 http fetch GET 200 https://registry.npmjs.org/baseline-browser-mapping/-/baseline-browser-mapping-2.10.24.tgz 964ms (cache miss)
2478 http fetch GET 200 https://registry.npmjs.org/@jridgewell/sourcemap-codec/-/sourcemap-codec-1.5.5.tgz 970ms (cache miss)
2479 http fetch GET 200 https://registry.npmjs.org/browserslist/-/browserslist-4.28.2.tgz 972ms (cache miss)
2480 http fetch GET 200 https://registry.npmjs.org/caniuse-lite/-/caniuse-lite-1.0.30001791.tgz 1008ms (cache miss)
2481 http fetch GET 200 https://registry.npmjs.org/@babel/helper-validator-option/-/helper-validator-option-7.27.1.tgz 1004ms (cache miss)
2482 http fetch GET 200 https://registry.npmjs.org/jsesc/-/jsesc-3.1.0.tgz 1004ms (cache miss)
2483 http fetch GET 200 https://registry.npmjs.org/picocolors/-/picocolors-1.1.1.tgz 1009ms (cache miss)
2484 http fetch GET 200 https://registry.npmjs.org/@babel/compat-data/-/compat-data-7.29.0.tgz 1016ms (cache miss)
2485 http fetch GET 200 https://registry.npmjs.org/@jridgewell/trace-mapping/-/trace-mapping-0.3.31.tgz 1017ms (cache miss)
2486 http fetch GET 200 https://registry.npmjs.org/@jridgewell/gen-mapping/-/gen-mapping-0.3.13.tgz 1019ms (cache miss)
2487 http fetch GET 200 https://registry.npmjs.org/js-tokens/-/js-tokens-4.0.0.tgz 1043ms (cache miss)
2488 http fetch GET 200 https://registry.npmjs.org/gensync/-/gensync-1.0.0-beta.2.tgz 1044ms (cache miss)
2489 http fetch GET 200 https://registry.npmjs.org/json5/-/json5-2.2.3.tgz 1054ms (cache miss)
2490 http fetch GET 200 https://registry.npmjs.org/convert-source-map/-/convert-source-map-2.0.0.tgz 1054ms (cache miss)
2491 http fetch GET 200 https://registry.npmjs.org/@babel/helper-validator-identifier/-/helper-validator-identifier-7.28.5.tgz 1058ms (cache miss)
2492 http fetch GET 200 https://registry.npmjs.org/@jridgewell/remapping/-/remapping-2.3.5.tgz 1067ms (cache miss)
2493 http fetch GET 200 https://registry.npmjs.org/@babel/helper-globals/-/helper-globals-7.28.0.tgz 1100ms (cache miss)
2494 http fetch GET 200 https://registry.npmjs.org/@babel/template/-/template-7.28.6.tgz 1098ms (cache miss)
2495 http fetch GET 200 https://registry.npmjs.org/@babel/traverse/-/traverse-7.29.0.tgz 1104ms (cache miss)
2496 http fetch GET 200 https://registry.npmjs.org/@jridgewell/resolve-uri/-/resolve-uri-3.1.2.tgz 1122ms (cache miss)
2497 http fetch GET 200 https://registry.npmjs.org/import-fresh/-/import-fresh-3.3.1.tgz 1225ms (cache miss)
2498 http fetch GET 200 https://registry.npmjs.org/@types/babel__traverse/-/babel__traverse-7.28.0.tgz 1278ms (cache miss)
2499 http fetch GET 200 https://registry.npmjs.org/@rollup/rollup-darwin-arm64/-/rollup-darwin-arm64-4.60.2.tgz 1300ms (cache miss)
2500 http fetch GET 200 https://registry.npmjs.org/@babel/generator/-/generator-7.29.1.tgz 1272ms (cache miss)
2501 http fetch GET 200 https://registry.npmjs.org/@babel/code-frame/-/code-frame-7.29.0.tgz 1292ms (cache miss)
2502 http fetch GET 200 https://registry.npmjs.org/@babel/helper-module-imports/-/helper-module-imports-7.28.6.tgz 1314ms (cache miss)
2503 http fetch GET 200 https://registry.npmjs.org/@babel/helpers/-/helpers-7.29.2.tgz 1318ms (cache miss)
2504 http fetch GET 200 https://registry.npmjs.org/eslint-visitor-keys/-/eslint-visitor-keys-3.4.3.tgz 1332ms (cache miss)
2505 http fetch GET 200 https://registry.npmjs.org/@types/babel__core/-/babel__core-7.20.5.tgz 1335ms (cache miss)
2506 http fetch GET 200 https://registry.npmjs.org/@babel/plugin-transform-react-jsx-source/-/plugin-transform-react-jsx-source-7.27.1.tgz 1365ms (cache miss)
2507 http fetch GET 200 https://registry.npmjs.org/@babel/parser/-/parser-7.29.2.tgz 1366ms (cache miss)
2508 http fetch GET 200 https://registry.npmjs.org/@babel/helper-module-transforms/-/helper-module-transforms-7.28.6.tgz 1369ms (cache miss)
2509 http fetch GET 200 https://registry.npmjs.org/@babel/types/-/types-7.29.0.tgz 1372ms (cache miss)
2510 http fetch GET 200 https://registry.npmjs.org/@types/json-schema/-/json-schema-7.0.15.tgz 1381ms (cache miss)
2511 http fetch GET 200 https://registry.npmjs.org/@babel/core/-/core-7.29.0.tgz 1386ms (cache miss)
2512 http fetch GET 200 https://registry.npmjs.org/@types/babel__template/-/babel__template-7.4.4.tgz 1410ms (cache miss)
2513 http fetch GET 200 https://registry.npmjs.org/is-glob/-/is-glob-4.0.3.tgz 1413ms (cache miss)
2514 http fetch GET 200 https://registry.npmjs.org/@types/semver/-/semver-7.7.1.tgz 1419ms (cache miss)
2515 http fetch GET 200 https://registry.npmjs.org/ts-api-utils/-/ts-api-utils-1.4.3.tgz 1424ms (cache miss)
2516 http fetch GET 200 https://registry.npmjs.org/@typescript-eslint/types/-/types-6.21.0.tgz 1428ms (cache miss)
2517 http fetch GET 200 https://registry.npmjs.org/minimatch/-/minimatch-9.0.3.tgz 1443ms (cache miss)
2518 http fetch GET 200 https://registry.npmjs.org/semver/-/semver-7.7.4.tgz 1445ms (cache miss)
2519 http fetch GET 200 https://registry.npmjs.org/natural-compare/-/natural-compare-1.4.0.tgz 1459ms (cache miss)
2520 http fetch GET 200 https://registry.npmjs.org/debug/-/debug-4.4.3.tgz 1460ms (cache miss)
2521 http fetch GET 200 https://registry.npmjs.org/graphemer/-/graphemer-1.4.0.tgz 1464ms (cache miss)
2522 http fetch GET 200 https://registry.npmjs.org/@babel/plugin-transform-react-jsx-self/-/plugin-transform-react-jsx-self-7.27.1.tgz 1469ms (cache miss)
2523 http fetch GET 200 https://registry.npmjs.org/@babel/helper-compilation-targets/-/helper-compilation-targets-7.28.6.tgz 1477ms (cache miss)
2524 http fetch GET 200 https://registry.npmjs.org/@eslint-community/regexpp/-/regexpp-4.12.2.tgz 1512ms (cache miss)
2525 http fetch GET 200 https://registry.npmjs.org/@typescript-eslint/utils/-/utils-6.21.0.tgz 1514ms (cache miss)
2526 http fetch GET 200 https://registry.npmjs.org/undici-types/-/undici-types-7.19.2.tgz 1521ms (cache miss)
2527 http fetch GET 200 https://registry.npmjs.org/@typescript-eslint/type-utils/-/type-utils-6.21.0.tgz 1546ms (cache miss)
2528 http fetch GET 200 https://registry.npmjs.org/iceberg-js/-/iceberg-js-0.8.1.tgz 1548ms (cache miss)
2529 http fetch GET 200 https://registry.npmjs.org/csstype/-/csstype-3.2.3.tgz 1555ms (cache miss)
2530 http fetch GET 200 https://registry.npmjs.org/@types/prop-types/-/prop-types-15.7.15.tgz 1555ms (cache miss)
2531 http fetch GET 200 https://registry.npmjs.org/ignore/-/ignore-5.3.2.tgz 1579ms (cache miss)
2532 http fetch GET 200 https://registry.npmjs.org/ws/-/ws-8.20.0.tgz 1578ms (cache miss)
2533 http fetch GET 200 https://registry.npmjs.org/tslib/-/tslib-2.8.1.tgz 1589ms (cache miss)
2534 http fetch GET 200 https://registry.npmjs.org/@types/ws/-/ws-8.18.1.tgz 1594ms (cache miss)
2535 http fetch GET 200 https://registry.npmjs.org/@supabase/phoenix/-/phoenix-0.4.1.tgz 1608ms (cache miss)
2536 http fetch GET 200 https://registry.npmjs.org/globby/-/globby-11.1.0.tgz 1613ms (cache miss)
2537 http fetch GET 200 https://registry.npmjs.org/@typescript-eslint/scope-manager/-/scope-manager-6.21.0.tgz 1617ms (cache miss)
2538 http fetch GET 200 https://registry.npmjs.org/@supabase/storage-js/-/storage-js-2.105.1.tgz 1784ms (cache miss)
2539 http fetch GET 200 https://registry.npmjs.org/@supabase/functions-js/-/functions-js-2.105.1.tgz 1960ms (cache miss)
2540 http fetch GET 200 https://registry.npmjs.org/@esbuild/darwin-arm64/-/darwin-arm64-0.21.5.tgz 2108ms (cache miss)
2541 http fetch GET 200 https://registry.npmjs.org/@supabase/postgrest-js/-/postgrest-js-2.105.1.tgz 2084ms (cache miss)
2542 http fetch GET 200 https://registry.npmjs.org/@typescript-eslint/visitor-keys/-/visitor-keys-6.21.0.tgz 2117ms (cache miss)
2543 http fetch GET 200 https://registry.npmjs.org/@typescript-eslint/typescript-estree/-/typescript-estree-6.21.0.tgz 2146ms (cache miss)
2544 http fetch GET 200 https://registry.npmjs.org/tailwindcss/-/tailwindcss-3.4.19.tgz 2177ms (cache miss)
2545 http fetch GET 200 https://registry.npmjs.org/eslint-plugin-react-refresh/-/eslint-plugin-react-refresh-0.4.26.tgz 2270ms (cache miss)
2546 http fetch GET 200 https://registry.npmjs.org/eslint-plugin-react-hooks/-/eslint-plugin-react-hooks-4.6.2.tgz 2270ms (cache miss)
2547 http fetch GET 200 https://registry.npmjs.org/@eslint-community/eslint-utils/-/eslint-utils-4.9.1.tgz 2276ms (cache miss)
2548 http fetch GET 200 https://registry.npmjs.org/react/-/react-18.3.1.tgz 2276ms (cache miss)
2549 http fetch GET 200 https://registry.npmjs.org/react-dom/-/react-dom-18.3.1.tgz 2279ms (cache miss)
2550 http fetch GET 200 https://registry.npmjs.org/@supabase/auth-js/-/auth-js-2.105.1.tgz 2328ms (cache miss)
2551 http fetch GET 200 https://registry.npmjs.org/postcss/-/postcss-8.5.12.tgz 2327ms (cache miss)
2552 http fetch GET 200 https://registry.npmjs.org/@rolldown/pluginutils/-/pluginutils-1.0.0-beta.27.tgz 2360ms (cache miss)
2553 http fetch GET 200 https://registry.npmjs.org/@types/react-dom/-/react-dom-18.3.7.tgz 2391ms (cache miss)
2554 http fetch GET 200 https://registry.npmjs.org/framer-motion/-/framer-motion-10.18.0.tgz 2395ms (cache miss)
2555 http fetch GET 200 https://registry.npmjs.org/@types/react/-/react-18.3.28.tgz 2418ms (cache miss)
2556 http fetch GET 200 https://registry.npmjs.org/@supabase/supabase-js/-/supabase-js-2.105.1.tgz 2420ms (cache miss)
2557 http fetch GET 200 https://registry.npmjs.org/@supabase/realtime-js/-/realtime-js-2.105.1.tgz 2437ms (cache miss)
2558 http fetch GET 200 https://registry.npmjs.org/picomatch/-/picomatch-4.0.4.tgz 2446ms (cache miss)
2559 http fetch GET 200 https://registry.npmjs.org/fdir/-/fdir-6.5.0.tgz 2452ms (cache miss)
2560 http fetch GET 200 https://registry.npmjs.org/glob-parent/-/glob-parent-5.1.2.tgz 2461ms (cache miss)
2561 http fetch GET 200 https://registry.npmjs.org/brace-expansion/-/brace-expansion-1.1.14.tgz 2481ms (cache miss)
2562 http fetch GET 200 https://registry.npmjs.org/glob-parent/-/glob-parent-5.1.2.tgz 2487ms (cache miss)
2563 http fetch GET 200 https://registry.npmjs.org/minimatch/-/minimatch-3.1.5.tgz 2509ms (cache miss)
2564 http fetch GET 200 https://registry.npmjs.org/brace-expansion/-/brace-expansion-1.1.14.tgz 2509ms (cache miss)
2565 http fetch GET 200 https://registry.npmjs.org/brace-expansion/-/brace-expansion-1.1.14.tgz 2523ms (cache miss)
2566 http fetch GET 200 https://registry.npmjs.org/@typescript-eslint/eslint-plugin/-/eslint-plugin-6.21.0.tgz 2533ms (cache miss)
2567 http fetch GET 200 https://registry.npmjs.org/@typescript-eslint/parser/-/parser-6.21.0.tgz 2535ms (cache miss)
2568 http fetch GET 200 https://registry.npmjs.org/autoprefixer/-/autoprefixer-10.5.0.tgz 2536ms (cache miss)
2569 http fetch GET 200 https://registry.npmjs.org/react-refresh/-/react-refresh-0.17.0.tgz 2543ms (cache miss)
2570 http fetch GET 200 https://registry.npmjs.org/minimatch/-/minimatch-3.1.5.tgz 2547ms (cache miss)
2571 http fetch GET 200 https://registry.npmjs.org/semver/-/semver-6.3.1.tgz 2554ms (cache miss)
2572 http fetch GET 200 https://registry.npmjs.org/brace-expansion/-/brace-expansion-1.1.14.tgz 2558ms (cache miss)
2573 http fetch GET 200 https://registry.npmjs.org/semver/-/semver-6.3.1.tgz 2558ms (cache miss)
2574 http fetch GET 200 https://registry.npmjs.org/minimatch/-/minimatch-3.1.5.tgz 2572ms (cache miss)
2575 http fetch GET 200 https://registry.npmjs.org/minimatch/-/minimatch-3.1.5.tgz 2576ms (cache miss)
2576 http fetch GET 200 https://registry.npmjs.org/@vitejs/plugin-react/-/plugin-react-4.7.0.tgz 2579ms (cache miss)
2577 http fetch GET 200 https://registry.npmjs.org/ajv/-/ajv-6.15.0.tgz 2635ms (cache miss)
2578 http fetch GET 200 https://registry.npmjs.org/eslint/-/eslint-8.57.1.tgz 2863ms (cache miss)
2579 warn deprecated eslint@8.57.1: This version is no longer supported. Please see https://eslint.org/version-support for other options.
2580 http fetch GET 200 https://registry.npmjs.org/vite/-/vite-5.4.21.tgz 2903ms (cache miss)
2581 http fetch GET 200 https://registry.npmjs.org/vite 2785ms (cache miss)
2582 silly packumentCache corgi:https://registry.npmjs.org/vite set size:undefined disposed:false
2583 http fetch GET 200 https://registry.npmjs.org/minimatch 2944ms (cache miss)
2584 silly packumentCache corgi:https://registry.npmjs.org/minimatch set size:undefined disposed:false
2585 http fetch GET 200 https://registry.npmjs.org/esbuild 3268ms (cache miss)
2586 silly packumentCache corgi:https://registry.npmjs.org/esbuild set size:undefined disposed:false
2587 silly packumentCache corgi:https://registry.npmjs.org/@vitejs%2fplugin-react cache-miss
2588 http fetch GET 200 https://registry.npmjs.org/@types/node/-/node-25.6.0.tgz 3524ms (cache miss)
2589 http fetch GET 200 https://registry.npmjs.org/@vitejs%2fplugin-react 69ms (cache miss)
2590 silly packumentCache corgi:https://registry.npmjs.org/@vitejs%2fplugin-react set size:undefined disposed:false
2591 silly packumentCache corgi:https://registry.npmjs.org/@typescript-eslint%2ftypescript-estree cache-miss
2592 http fetch GET 200 https://registry.npmjs.org/lucide-react/-/lucide-react-0.300.0.tgz 3853ms (cache miss)
2593 http fetch GET 200 https://registry.npmjs.org/typescript/-/typescript-5.9.3.tgz 3860ms (cache miss)
2594 info run fsevents@2.3.3 install node_modules/fsevents node-gyp rebuild
2595 http fetch GET 200 https://registry.npmjs.org/@typescript-eslint%2ftypescript-estree 842ms (cache miss)
2596 silly packumentCache corgi:https://registry.npmjs.org/@typescript-eslint%2ftypescript-estree set size:undefined disposed:false
2597 silly packumentCache corgi:https://registry.npmjs.org/@typescript-eslint%2fparser cache-miss
2598 silly packumentCache corgi:https://registry.npmjs.org/@typescript-eslint%2ftype-utils cache-miss
2599 silly packumentCache corgi:https://registry.npmjs.org/@typescript-eslint%2futils cache-miss
2600 http fetch GET 200 https://registry.npmjs.org/@typescript-eslint%2fparser 636ms (cache miss)
2601 silly packumentCache corgi:https://registry.npmjs.org/@typescript-eslint%2fparser set size:undefined disposed:false
2602 info run fsevents@2.3.3 install { code: 1, signal: null }
2603 verbose reify failed optional dependency /Users/Personal/Documents/Github/VowLink/node_modules/fsevents
2604 silly reify mark deleted [ '/Users/Personal/Documents/Github/VowLink/node_modules/fsevents' ]
2605 info run esbuild@0.21.5 postinstall node_modules/esbuild node install.js
2606 http fetch GET 200 https://registry.npmjs.org/@typescript-eslint%2ftype-utils 18869ms (cache miss)
2607 silly packumentCache corgi:https://registry.npmjs.org/@typescript-eslint%2ftype-utils set size:undefined disposed:false
2608 http fetch GET 200 https://registry.npmjs.org/@typescript-eslint%2futils 19108ms (cache miss)
2609 silly packumentCache corgi:https://registry.npmjs.org/@typescript-eslint%2futils set size:undefined disposed:false
2610 silly packumentCache corgi:https://registry.npmjs.org/@typescript-eslint%2feslint-plugin cache-miss
2611 http fetch GET 200 https://registry.npmjs.org/@typescript-eslint%2feslint-plugin 535ms (cache miss)
2612 silly packumentCache corgi:https://registry.npmjs.org/@typescript-eslint%2feslint-plugin set size:undefined disposed:false
2613 info run esbuild@0.21.5 postinstall { code: 0, signal: null }
2614 silly ADD node_modules/concat-map
2615 silly ADD node_modules/isexe
2616 silly ADD node_modules/@types/estree
2617 silly ADD node_modules/@rollup/rollup-darwin-arm64
2618 silly ADD node_modules/@esbuild/darwin-arm64
2619 silly ADD node_modules/rollup
2620 silly ADD node_modules/esbuild
2621 silly ADD node_modules/punycode
2622 silly ADD node_modules/escalade
2623 silly ADD node_modules/is-number
2624 silly ADD node_modules/thenify
2625 silly ADD node_modules/thenify-all
2626 silly ADD node_modules/object-assign
2627 silly ADD node_modules/any-promise
2628 silly ADD node_modules/ts-interface-checker
2629 silly ADD node_modules/tinyglobby
2630 silly ADD node_modules/tinyglobby/node_modules/picomatch
2631 silly ADD node_modules/tinyglobby/node_modules/fdir
2632 silly ADD node_modules/pirates
2633 silly ADD node_modules/mz
2634 silly ADD node_modules/lines-and-columns
2635 silly ADD node_modules/commander
2636 silly ADD node_modules/function-bind
2637 silly ADD node_modules/hasown
2638 silly ADD node_modules/supports-preserve-symlinks-flag
2639 silly ADD node_modules/path-parse
2640 silly ADD node_modules/is-core-module
2641 silly ADD node_modules/es-errors
2642 silly ADD node_modules/pify
2643 silly ADD node_modules/util-deprecate
2644 silly ADD node_modules/cssesc
2645 silly ADD node_modules/camelcase-css
2646 silly ADD node_modules/read-cache
2647 silly ADD node_modules/binary-extensions
2648 silly ADD node_modules/readdirp
2649 silly ADD node_modules/is-binary-path
2650 silly ADD
2651 silly ADD node_modules/anymatch
2652 silly ADD node_modules/sucrase
2653 silly ADD node_modules/resolve
2654 silly ADD node_modules/postcss-selector-parser
2655 silly ADD node_modules/postcss-nested
2656 silly ADD node_modules/postcss-load-config
2657 silly ADD node_modules/postcss-js
2658 silly ADD node_modules/postcss-import
2659 silly ADD node_modules/object-hash
2660 silly ADD node_modules/normalize-path
2661 silly ADD node_modules/lilconfig
2662 silly ADD node_modules/jiti
2663 silly ADD node_modules/dlv
2664 silly ADD node_modules/didyoumean
2665 silly ADD node_modules/chokidar
2666 silly ADD node_modules/chokidar/node_modules/glob-parent
2667 silly ADD node_modules/arg
2668 silly ADD node_modules/@alloc/quick-lru
2669 silly ADD node_modules/has-flag
2670 silly ADD node_modules/ansi-regex
2671 silly ADD node_modules/shebang-regex
2672 silly ADD node_modules/queue-microtask
2673 silly ADD node_modules/wrappy
2674 silly ADD node_modules/path-is-absolute
2675 silly ADD node_modules/once
2676 silly ADD node_modules/inherits
2677 silly ADD node_modules/inflight
2678 silly ADD node_modules/fs.realpath
2679 silly ADD node_modules/glob
2680 silly ADD node_modules/glob/node_modules/brace-expansion
2681 silly ADD node_modules/glob/node_modules/minimatch
2682 silly ADD node_modules/scheduler
2683 silly ADD node_modules/loose-envify
2684 silly ADD node_modules/source-map-js
2685 silly ADD node_modules/nanoid
2686 silly ADD node_modules/callsites
2687 silly ADD node_modules/yocto-queue
2688 silly ADD node_modules/p-limit
2689 silly ADD node_modules/word-wrap
2690 silly ADD node_modules/fast-levenshtein
2691 silly ADD node_modules/deep-is
2692 silly ADD node_modules/balanced-match
2693 silly ADD node_modules/brace-expansion
2694 silly ADD node_modules/to-regex-range
2695 silly ADD node_modules/fill-range
2696 silly ADD node_modules/picomatch
2697 silly ADD node_modules/braces
2698 silly ADD node_modules/yallist
2699 silly ADD node_modules/p-locate
2700 silly ADD node_modules/type-check
2701 silly ADD node_modules/prelude-ls
2702 silly ADD node_modules/json-buffer
2703 silly ADD node_modules/argparse
2704 silly ADD node_modules/is-extglob
2705 silly ADD node_modules/resolve-from
2706 silly ADD node_modules/parent-module
2707 silly ADD node_modules/micromatch
2708 silly ADD node_modules/path-type
2709 silly ADD node_modules/slash
2710 silly ADD node_modules/merge2
2711 silly ADD node_modules/fast-glob
2712 silly ADD node_modules/fast-glob/node_modules/glob-parent
2713 silly ADD node_modules/dir-glob
2714 silly ADD node_modules/array-union
2715 silly ADD node_modules/type-fest
2716 silly ADD node_modules/@emotion/memoize
2717 silly ADD node_modules/@emotion/is-prop-valid
2718 silly ADD node_modules/rimraf
2719 silly ADD node_modules/keyv
2720 silly ADD node_modules/flatted
2721 silly ADD node_modules/path-exists
2722 silly ADD node_modules/locate-path
2723 silly ADD node_modules/flat-cache
2724 silly ADD node_modules/reusify
2725 silly ADD node_modules/acorn-jsx
2726 silly ADD node_modules/acorn
2727 silly ADD node_modules/estraverse
2728 silly ADD node_modules/esrecurse
2729 silly ADD node_modules/which
2730 silly ADD node_modules/shebang-command
2731 silly ADD node_modules/path-key
2732 silly ADD node_modules/color-name
2733 silly ADD node_modules/color-convert
2734 silly ADD node_modules/supports-color
2735 silly ADD node_modules/ansi-styles
2736 silly ADD node_modules/uri-js
2737 silly ADD node_modules/json-schema-traverse
2738 silly ADD node_modules/fast-json-stable-stringify
2739 silly ADD node_modules/run-parallel
2740 silly ADD node_modules/@nodelib/fs.stat
2741 silly ADD node_modules/fastq
2742 silly ADD node_modules/@nodelib/fs.scandir
2743 silly ADD node_modules/@humanwhocodes/object-schema
2744 silly ADD node_modules/strip-json-comments
2745 silly ADD node_modules/import-fresh
2746 silly ADD node_modules/text-table
2747 silly ADD node_modules/strip-ansi
2748 silly ADD node_modules/optionator
2749 silly ADD node_modules/lodash.merge
2750 silly ADD node_modules/levn
2751 silly ADD node_modules/json-stable-stringify-without-jsonify
2752 silly ADD node_modules/js-yaml
2753 silly ADD node_modules/is-path-inside
2754 silly ADD node_modules/imurmurhash
2755 silly ADD node_modules/globals
2756 silly ADD node_modules/glob-parent
2757 silly ADD node_modules/find-up
2758 silly ADD node_modules/file-entry-cache
2759 silly ADD node_modules/fast-deep-equal
2760 silly ADD node_modules/esutils
2761 silly ADD node_modules/esquery
2762 silly ADD node_modules/espree
2763 silly ADD node_modules/eslint-scope
2764 silly ADD node_modules/escape-string-regexp
2765 silly ADD node_modules/doctrine
2766 silly ADD node_modules/cross-spawn
2767 silly ADD node_modules/chalk
2768 silly ADD node_modules/ajv
2769 silly ADD node_modules/@ungap/structured-clone
2770 silly ADD node_modules/@nodelib/fs.walk
2771 silly ADD node_modules/@humanwhocodes/module-importer
2772 silly ADD node_modules/@humanwhocodes/config-array
2773 silly ADD node_modules/@humanwhocodes/config-array/node_modules/brace-expansion
2774 silly ADD node_modules/@humanwhocodes/config-array/node_modules/minimatch
2775 silly ADD node_modules/@eslint/js
2776 silly ADD node_modules/@eslint/eslintrc
2777 silly ADD node_modules/@eslint/eslintrc/node_modules/brace-expansion
2778 silly ADD node_modules/@eslint/eslintrc/node_modules/minimatch
2779 silly ADD node_modules/ms
2780 silly ADD node_modules/update-browserslist-db
2781 silly ADD node_modules/node-releases
2782 silly ADD node_modules/electron-to-chromium
2783 silly ADD node_modules/baseline-browser-mapping
2784 silly ADD node_modules/postcss-value-parser
2785 silly ADD node_modules/fraction.js
2786 silly ADD node_modules/caniuse-lite
2787 silly ADD node_modules/@types/babel__traverse
2788 silly ADD node_modules/@types/babel__template
2789 silly ADD node_modules/@types/babel__generator
2790 silly ADD node_modules/@jridgewell/resolve-uri
2791 silly ADD node_modules/@jridgewell/sourcemap-codec
2792 silly ADD node_modules/@babel/helper-string-parser
2793 silly ADD node_modules/@babel/helper-globals
2794 silly ADD node_modules/@babel/helper-plugin-utils
2795 silly ADD node_modules/@babel/helper-module-imports
2796 silly ADD node_modules/lru-cache
2797 silly ADD node_modules/browserslist
2798 silly ADD node_modules/@babel/helper-validator-option
2799 silly ADD node_modules/@babel/compat-data
2800 silly ADD node_modules/jsesc
2801 silly ADD node_modules/@jridgewell/trace-mapping
2802 silly ADD node_modules/@jridgewell/gen-mapping
2803 silly ADD node_modules/picocolors
2804 silly ADD node_modules/js-tokens
2805 silly ADD node_modules/@babel/helper-validator-identifier
2806 silly ADD node_modules/json5
2807 silly ADD node_modules/gensync
2808 silly ADD node_modules/convert-source-map
2809 silly ADD node_modules/@jridgewell/remapping
2810 silly ADD node_modules/@babel/types
2811 silly ADD node_modules/@babel/traverse
2812 silly ADD node_modules/@babel/template
2813 silly ADD node_modules/@babel/parser
2814 silly ADD node_modules/@babel/helpers
2815 silly ADD node_modules/@babel/helper-module-transforms
2816 silly ADD node_modules/@babel/helper-compilation-targets
2817 silly ADD node_modules/@babel/helper-compilation-targets/node_modules/semver
2818 silly ADD node_modules/@babel/generator
2819 silly ADD node_modules/@babel/code-frame
2820 silly ADD node_modules/react-refresh
2821 silly ADD node_modules/@types/babel__core
2822 silly ADD node_modules/@rolldown/pluginutils
2823 silly ADD node_modules/@babel/plugin-transform-react-jsx-source
2824 silly ADD node_modules/@babel/plugin-transform-react-jsx-self
2825 silly ADD node_modules/@babel/core
2826 silly ADD node_modules/@babel/core/node_modules/semver
2827 silly ADD node_modules/eslint-visitor-keys
2828 silly ADD node_modules/@types/semver
2829 silly ADD node_modules/@types/json-schema
2830 silly ADD node_modules/@eslint-community/eslint-utils
2831 silly ADD node_modules/minimatch
2832 silly ADD node_modules/is-glob
2833 silly ADD node_modules/globby
2834 silly ADD node_modules/@typescript-eslint/typescript-estree
2835 silly ADD node_modules/@typescript-eslint/types
2836 silly ADD node_modules/ts-api-utils
2837 silly ADD node_modules/semver
2838 silly ADD node_modules/natural-compare
2839 silly ADD node_modules/ignore
2840 silly ADD node_modules/graphemer
2841 silly ADD node_modules/debug
2842 silly ADD node_modules/@typescript-eslint/visitor-keys
2843 silly ADD node_modules/@typescript-eslint/utils
2844 silly ADD node_modules/@typescript-eslint/type-utils
2845 silly ADD node_modules/@typescript-eslint/scope-manager
2846 silly ADD node_modules/@eslint-community/regexpp
2847 silly ADD node_modules/undici-types
2848 silly ADD node_modules/@types/node
2849 silly ADD node_modules/csstype
2850 silly ADD node_modules/@types/prop-types
2851 silly ADD node_modules/iceberg-js
2852 silly ADD node_modules/ws
2853 silly ADD node_modules/@types/ws
2854 silly ADD node_modules/@supabase/phoenix
2855 silly ADD node_modules/tslib
2856 silly ADD node_modules/@supabase/storage-js
2857 silly ADD node_modules/@supabase/realtime-js
2858 silly ADD node_modules/@supabase/postgrest-js
2859 silly ADD node_modules/@supabase/functions-js
2860 silly ADD node_modules/@supabase/auth-js
2861 silly ADD node_modules/typescript
2862 silly ADD node_modules/tailwindcss
2863 silly ADD node_modules/react-dom
2864 silly ADD node_modules/react
2865 silly ADD node_modules/lucide-react
2866 silly ADD node_modules/framer-motion
2867 silly ADD node_modules/eslint-plugin-react-refresh
2868 silly ADD node_modules/eslint-plugin-react-hooks
2869 silly ADD node_modules/postcss
2870 silly ADD node_modules/autoprefixer
2871 silly ADD node_modules/vite
2872 silly ADD node_modules/@vitejs/plugin-react
2873 silly ADD node_modules/@typescript-eslint/parser
2874 silly ADD node_modules/eslint
2875 silly ADD node_modules/eslint/node_modules/brace-expansion
2876 silly ADD node_modules/eslint/node_modules/minimatch
2877 silly ADD node_modules/@typescript-eslint/eslint-plugin
2878 silly ADD node_modules/@types/react-dom
2879 silly ADD node_modules/@types/react
2880 silly ADD node_modules/@supabase/supabase-js
2881 verbose cwd /Users/Personal/Documents/Github/VowLink
2882 verbose os Darwin 25.4.0
2883 verbose node v24.11.1
2884 verbose npm  v11.6.2
2885 verbose exit 0
2886 info ok
